sample_id,network,split,topology_id,hour,day,weekday,global_scale,slack_vm,missing_rate,mean_age,target_vmin,target_loss_kw,target_feasible,converged
0,case33bw,train,26,14,205,3,1.2620700151645114,0.9932414210152073,0.09090909090909094,0.6714969966513287,0.7819619121733253,391.40058809373,0,1
1,case33bw,train,23,8,64,5,1.1547132760623646,1.0261893200285246,0.1515151515151515,0.5697360822555168,0.795381000913461,420.03031934054536,0,1
2,case33bw,test,17,11,349,2,1.1798648150904023,0.9825478639379236,0.0,0.7647254847797287,0.8213173260984271,429.7693713476131,0,1
3,case33bw,selection,15,13,196,4,0.7944641528407616,1.0086746992275952,0.06060606060606055,0.348647931233165,0.9281586057305414,94.80695115842886,0,1
4,case33bw,calibration,41,1,270,5,0.8144512787893353,1.0375223028621103,0.21212121212121215,0.5894577021810121,0.9742287972155641,52.5140424496042,1,1
5,case33bw,selection,12,10,227,3,0.7347258830221491,0.9867517532395376,0.06060606060606055,0.6129116655730107,0.9470533932386506,57.575906757275874,0,1
6,case33bw,train,30,10,256,1,1.0535645284439645,0.9806288838822682,0.09090909090909094,0.7419535864345717,0.7336555903803563,466.2319452379337,0,1
7,case33bw,selection,44,11,307,6,1.2159078665308078,1.0061550857593475,0.18181818181818177,0.5905118717948159,0.8720441154168123,432.7287552060898,0,1
8,case33bw,calibration,11,22,185,2,1.0650109327161639,1.0078853095054896,0.0,0.9532926806945609,0.9563575114591522,81.70024002316457,1,1
9,case33bw,test,39,23,209,6,0.7824608120332855,0.9898858102353251,0.09090909090909094,0.7176566434971283,0.9119279765609004,78.10969032579352,0,1
10,case33bw,test,52,20,301,1,0.7466566776200904,0.9924529470676415,0.12121212121212122,0.5425889647026468,0.8969617338009472,118.1945854465246,0,1
11,case33bw,train,6,18,93,3,0.7540397822205797,1.0376806983415376,0.06060606060606055,0.5094969605078264,0.9834705477215139,73.51624733408545,1,1
12,case33bw,calibration,11,6,259,4,1.0830049919725855,0.9912577638129705,0.09090909090909094,0.6852044126486319,0.9451106696971024,66.79698889790009,0,1
13,case33bw,selection,20,23,1,5,0.7304021744531366,1.0315395188828207,0.030303030303030276,0.6061940139539265,0.981933208713809,57.42069153826329,1,1
14,case33bw,train,48,19,333,6,1.173150865229947,1.042432381370731,0.06060606060606055,1.0481417777277864,0.9809865635039338,132.8148443818662,1,1
15,case33bw,train,18,19,171,4,0.905900763432056,0.9772983377185374,0.09090909090909094,0.12726192447983536,0.907897854693651,93.23280961874794,0,1
16,case33bw,selection,4,21,128,0,1.141894272813873,1.0180850562683652,0.030303030303030276,0.8719806002536484,0.9291418615013394,188.27438260379787,0,1
17,case33bw,train,49,12,218,0,0.8742281526836204,1.0315960184173154,0.09090909090909094,0.2460357444474025,0.9452064350294805,174.4804130642978,0,1
18,case33bw,test,16,3,282,2,0.9363448904850931,1.0318104848780776,0.18181818181818177,0.7207267485083918,0.9759681263665231,48.870832303967056,1,1
19,case33bw,train,48,17,111,2,0.7600447483941148,1.0407558812717297,0.06060606060606055,0.18294105955312623,0.9990840666071005,59.17845347327846,1,1
20,case33bw,train,9,23,351,4,0.9593788116408354,0.9818657239498075,0.0,0.5640324349923356,0.7977319354444998,300.14502647662744,0,1
21,case33bw,train,48,20,224,5,0.9065067649580202,0.995562028334561,0.06060606060606055,0.7043863145047474,0.9548565192970527,56.14075986439904,1,1
22,case33bw,train,49,8,239,3,0.7614291687513637,0.9898729969986022,0.12121212121212122,0.3830192465839953,0.9237810926939342,102.08822569941795,0,1
23,case33bw,train,50,19,137,3,0.8812893320654012,0.9889044084706893,0.0,0.33794405903304336,0.8758940473356618,170.8444550868353,0,1
24,case33bw,selection,4,10,240,5,0.7471857489783539,1.0343013788509552,0.12121212121212122,1.2977816720339956,0.9777530530803018,74.10367088267826,1,1
25,case33bw,train,30,8,155,4,1.1749236060855843,1.0378606921895812,0.06060606060606055,0.68489237584858,0.8464825448424746,287.3924384800143,0,1
26,case33bw,train,47,13,221,6,0.756009542494993,1.0159841276475166,0.18181818181818177,0.43488397753353375,0.97796656646285,51.083191293063095,1,1
27,case33bw,train,35,6,108,1,1.1657832155099976,1.0244874620446123,0.18181818181818177,0.8261998981436752,0.9561121360037982,122.38946751088251,1,1
28,case33bw,test,5,3,113,1,1.1522706630676918,1.0094933850410004,0.12121212121212122,0.24597172605885675,0.7978166482938848,422.358825543116,0,1
29,case33bw,train,49,2,72,4,0.918222511298027,1.0039170148681529,0.09090909090909094,0.658209107462959,0.9408534562125617,94.00606906835134,0,1
30,case33bw,test,19,13,28,2,1.2974250441937076,1.0244405795874538,0.09090909090909094,0.15191793763424885,0.8819639524977774,427.00710313039303,0,1
31,case33bw,train,54,3,164,4,0.9797452957058898,0.999717533932713,0.18181818181818177,0.23989041679899695,0.9613558215974802,41.66269307932528,1,1
32,case33bw,test,19,16,202,6,1.0827552684998794,0.9792135300409044,0.12121212121212122,0.6416122780229068,0.909144498409174,108.22096791842453,0,1
33,case33bw,selection,20,13,352,0,1.0877876350863895,0.9951890376019537,0.12121212121212122,0.5823266315574156,0.8834657878202264,271.3189655683609,0,1
34,case33bw,train,57,15,289,1,1.0229211103638605,1.0420074753727424,0.09090909090909094,0.9450819771600921,0.9724659351604622,137.76146772806462,1,1
35,case33bw,selection,53,8,75,4,0.8084928430075634,1.020000032914918,0.06060606060606055,0.6439777100203901,0.9713763646085357,87.78838522262363,1,1
36,case33bw,train,50,2,128,0,1.0851475797138033,1.026744154721787,0.06060606060606055,0.1417589628282483,0.9365413841431108,112.08263548162444,0,1
37,case33bw,train,23,11,91,3,1.1450676347500106,1.0344270284044628,0.18181818181818177,1.1111361580870365,0.7691870912049644,559.2135370705674,0,1
38,case33bw,selection,8,2,168,3,1.1066715769405835,1.0232888662715656,0.18181818181818177,0.28169921009197857,0.8963417709150716,142.06504169402098,0,1
39,case33bw,test,52,12,257,4,0.8227612844592208,1.0168694227563624,0.030303030303030276,0.4822201970344307,0.9019101053155985,172.0428379047391,0,1
40,case33bw,test,52,2,258,3,1.1345438828638892,0.9753082096382679,0.06060606060606055,0.6022790114628699,0.8815956000482386,119.10275780742239,0,1
41,case33bw,train,26,17,221,5,1.2748456304694238,0.9962662445362634,0.0,0.5600576684740862,0.8356979451855071,233.7906065121006,0,1
42,case33bw,calibration,27,18,75,6,0.796329749701728,1.034292114042864,0.06060606060606055,0.5017382599048404,0.9481870713820618,99.93012271403957,0,1
43,case33bw,train,3,7,300,1,1.2557037539212397,1.0391004528683825,0.06060606060606055,0.13793270543857955,0.9507183398983778,183.96101307477952,1,1
44,case33bw,train,32,2,116,5,0.8109727535540359,1.0157572636610803,0.12121212121212122,0.9298854448291011,0.9501674679033458,44.7778948496479,1,1
45,case33bw,calibration,11,3,178,1,1.2973504926504886,1.0101682298919996,0.06060606060606055,0.3785309296275874,0.9675272509716928,54.43011968814481,1,1
46,case33bw,train,48,7,2,0,1.2647134628565422,1.009970005201548,0.06060606060606055,0.30323130763567585,0.941858773414113,173.55228420320708,0,1
47,case33bw,test,5,5,150,1,0.9562571865792686,1.0193396570984816,0.06060606060606055,0.5165524663810652,0.8442042168726771,286.0172028343208,0,1
48,case33bw,selection,15,8,154,5,1.0808833847611667,1.0251856042071552,0.21212121212121215,0.8248769137919986,0.9373583203402996,115.24755261254415,0,1
49,case33bw,selection,12,22,18,6,0.9934560142566423,0.9923701178266126,0.0,0.7912660580056209,0.9395720819182969,99.30745815317788,0,1
50,case33bw,selection,20,1,179,5,0.7711134542742418,1.037575550333595,0.09090909090909094,0.38805266632414903,1.0050160417970202,24.91501267082881,1,1
51,case33bw,test,16,22,142,6,1.0973178710823512,1.0126424776836584,0.18181818181818177,0.5839522656276949,0.9247522120631575,123.56590449419194,0,1
52,case33bw,test,52,0,361,6,1.2820470629818637,0.9958148637522448,0.030303030303030276,0.9427908799613414,0.8481429687410175,288.4899611579325,0,1
53,case33bw,train,14,8,238,2,1.27016916210161,0.9958239488380082,0.030303030303030276,0.8000860875277361,0.926304007783792,137.01011669994375,0,1
54,case33bw,train,3,8,271,1,0.7699953576886504,1.0373120920238288,0.12121212121212122,0.43441967504383655,0.9815536681057752,76.21285948409432,1,1
55,case33bw,train,47,21,52,5,1.1003138634077525,0.9859139844481583,0.12121212121212122,0.7842905557457049,0.9225429077885556,149.0941706125708,0,1
56,case33bw,calibration,41,19,2,2,0.9326922957005253,0.9934787377242589,0.0,0.11852538397367943,0.857559814455371,240.5418185263246,0,1
57,case33bw,calibration,27,12,34,4,1.1502771130276428,0.9950639817763798,0.1515151515151515,0.954212836151898,0.8187297969346385,429.674710032476,0,1
58,case33bw,train,1,4,108,1,0.8695093971909373,1.0179323859564042,0.09090909090909094,0.9612233710504434,0.9865225609553595,30.11472558390407,1,1
59,case33bw,train,2,1,267,4,1.0893241067915045,1.0342948613643266,0.0,0.7956914080291413,0.9885816252725894,60.8160543018702,1,1
60,case33bw,train,35,7,317,4,1.1797060105559294,1.0218049291734863,0.12121212121212122,0.8912181800978878,0.9452291167327631,160.4985455188855,0,1
61,case33bw,selection,20,22,244,3,0.8200344348221206,0.996978416662944,0.24242424242424243,0.6284315154162555,0.9443447802866591,62.67612721900262,0,1
62,case33bw,train,26,4,181,6,0.7335732958615593,1.026347813262303,0.030303030303030276,1.2981649622015186,0.965331690770666,34.18505283793103,1,1
63,case33bw,train,54,15,282,6,1.1158810926329201,0.9865402892153948,0.09090909090909094,0.13284123122949332,0.9132674409840537,153.48179928281203,0,1
64,case33bw,test,5,10,188,5,1.0420601949653296,0.9788915145353895,0.030303030303030276,0.694692275750799,0.6413479265841722,1057.8491894767108,0,1
65,case33bw,train,51,14,190,2,0.9156557834261884,1.0307142914250251,0.12121212121212122,0.7312458286966609,0.9173197746455938,169.53038135670926,0,1
66,case33bw,train,1,0,215,0,1.127117284169851,0.9785435806785985,0.0,1.321925735105779,0.9314101150267334,65.08089232740004,0,1
67,case33bw,calibration,33,22,305,4,0.9585376377690149,1.028422945797736,0.09090909090909094,0.9210468491364974,0.9291366994358535,132.46324070011224,0,1
68,case33bw,calibration,41,15,27,1,1.2501026387409273,1.0341586288926452,0.18181818181818177,0.19960391557580456,0.8358453163258606,508.08303536039955,0,1
69,case33bw,selection,8,5,148,0,1.210640458961086,0.9982050815667447,0.12121212121212122,0.7980651567051309,0.8386832774235908,227.2363288211151,0,1
70,case33bw,selection,53,2,95,1,0.7354002056015564,1.0105030771167496,0.09090909090909094,0.8342055721334619,0.9820915207725937,29.878139417969475,1,1
71,case33bw,train,50,6,294,1,1.1825780246948698,0.9882859841712953,0.12121212121212122,0.2290951018380476,0.8571413099746388,228.64864752517482,0,1
72,case33bw,calibration,29,9,298,3,0.7402816355854718,1.026082623167492,0.06060606060606055,0.9319115317081496,0.9670397823039615,80.33143293159986,1,1
73,case33bw,train,49,3,74,5,1.1208028363398164,1.0436779345072662,0.09090909090909094,0.20054936388333702,0.9762565184894203,107.2685107763508,1,1
74,case33bw,calibration,41,20,45,2,0.8195313504676631,1.0287966305668144,0.030303030303030276,0.33967382924149114,0.9218341865884908,151.35721908447394,0,1
75,case33bw,train,24,4,102,3,0.9920225600868333,1.0114290403887292,0.12121212121212122,0.6797171535327804,0.8966795046564402,109.7900584147172,0,1
76,case33bw,train,1,15,337,4,1.036338604591206,1.0108153476024637,0.09090909090909094,0.31476500749282804,0.9381025671411013,159.15007978417813,0,1
77,case33bw,selection,53,14,174,1,1.05319460162535,1.0387783503001053,0.09090909090909094,0.7224436386931381,0.9826937439279392,112.72201782086819,1,1
78,case33bw,selection,12,6,302,3,0.8910164628138989,0.9863796861761295,0.12121212121212122,0.8790947155572526,0.9484126364943366,50.3612956019121,0,1
79,case33bw,train,49,2,336,2,1.099711929294392,0.9972364160950822,0.030303030303030276,0.20121191910293004,0.9191960965196011,142.10122302002554,0,1
80,case33bw,calibration,43,20,124,3,0.8730662933585603,1.01474363367205,0.0,0.8319422583826624,0.9666529860442319,78.17843176942621,1,1
81,case33bw,test,52,19,240,5,0.737244223599466,0.9827243289069849,0.0,0.6697678121845826,0.9067094736572462,79.27247813500402,0,1
82,case33bw,train,32,4,108,3,0.9528618965366059,0.9945473552917838,0.1515151515151515,0.3298324190730839,0.9098259119393811,78.70769323051536,0,1
83,case33bw,test,25,13,191,4,0.7716734578156078,0.9871440942226994,0.030303030303030276,0.8025698681035106,0.8579732550104407,144.6996135684549,0,1
84,case33bw,train,50,2,94,0,0.8385026006734495,1.0082538427052021,0.12121212121212122,0.549092690303329,0.9281214360797172,86.21098693494122,0,1
85,case33bw,test,39,23,332,0,0.7450865133366542,0.9793881180209381,0.1515151515151515,0.20526541182918756,0.8838148920685701,118.91724815880164,0,1
86,case33bw,train,23,12,189,2,1.278304188211653,1.0098620352676033,0.09090909090909094,0.21178657145186183,0.6962430040586143,754.0847094250547,0,1
87,case33bw,train,31,2,205,0,0.9673071446137895,1.0165926619373795,0.21212121212121215,0.24061376596223155,0.9327485546718177,63.42575204819846,0,1
88,case33bw,calibration,42,15,121,1,1.094031775258255,0.9933937670692619,0.1515151515151515,0.8932287448090983,0.9184014110227866,144.9012570284483,0,1
89,case33bw,train,24,4,113,2,1.2122056660792575,1.016211838831491,0.0,0.8039256225706487,0.8854334280630094,145.11121035897224,0,1
90,case33bw,test,58,11,131,0,1.2899594028158676,0.979614156840453,0.06060606060606055,0.6852217576482842,0.882961535294743,270.99862246641857,0,1
91,case33bw,train,30,17,23,4,1.0560820454650561,0.9926499694534663,0.06060606060606055,1.2364735098262378,0.7331118544802839,514.7064023256505,0,1
92,case33bw,calibration,36,11,129,4,1.049999653649334,0.9780253979813389,0.24242424242424243,0.86115882764099,0.877149180697782,261.4395224130261,0,1
93,case33bw,calibration,27,7,151,6,0.8079819367145264,1.0034884813911957,0.12121212121212122,0.9002374335118768,0.9426079214133021,55.944641783997135,0,1
94,case33bw,test,5,2,128,0,0.9069167627712774,1.0140451303149876,0.09090909090909094,0.49008962016834207,0.8628132121971215,214.62214525039002,0,1
95,case33bw,train,10,12,270,1,0.8243405601962713,1.0065969839666942,0.030303030303030276,0.8127686333830957,0.8363969433211822,258.17227316674047,0,1
96,case33bw,calibration,41,3,344,3,0.8446000939185047,0.9969969455315464,0.12121212121212122,0.5441950996435181,0.92484459657558,70.34121803777363,0,1
97,case33bw,train,32,9,128,2,0.997536967114954,1.0135685506952956,0.09090909090909094,0.250510064442669,0.8646537556019662,241.48755608542126,0,1
98,case33bw,selection,15,15,251,5,0.8452081667898,1.0169126257946104,0.18181818181818177,0.5091107854103152,0.9412959035845715,82.24126334497333,0,1
99,case33bw,calibration,41,13,259,4,0.957082273602634,1.0113886453459657,0.0,0.5500450978840942,0.8851582797743439,208.86161283928072,0,1
100,case33bw,test,22,10,229,5,0.9544362595331437,1.0153257292641993,0.030303030303030276,0.9530362811901069,0.9539394770037783,99.10502675283398,1,1
101,case33bw,test,19,12,219,5,0.7232465574919708,1.0392282579308831,0.0,1.2270976795920723,0.9859643135203018,60.39044561749921,1,1
102,case33bw,train,51,5,78,2,1.2520724213477925,1.037888723530403,0.09090909090909094,0.21192972095728116,0.9134450263166447,204.92756452777468,0,1
103,case33bw,selection,8,0,125,1,0.7442204337052836,1.0141095014419153,0.21212121212121215,0.8055791312161446,0.9087270802105237,101.36474863363871,0,1
104,case33bw,train,55,11,348,4,0.7948657756428513,0.9993681974040057,0.24242424242424243,0.15211046664133834,0.9317576029784754,130.7352687819743,0,1
105,case33bw,train,6,9,223,5,1.2089515527314403,1.0238125050004097,0.030303030303030276,1.0223641204663985,0.9447378262628525,155.58986062059662,0,1
106,case33bw,train,45,21,298,0,0.9147699941406243,1.0399137359142636,0.18181818181818177,0.5011663512955054,0.9709948056162027,121.99070552355666,1,1
107,case33bw,test,22,1,204,3,1.2165237445974408,0.982808552009334,0.0,0.1753447461863629,0.924817377602513,86.98141985437064,0,1
108,case33bw,train,9,7,8,3,1.1063353851861457,0.9897222931942586,0.18181818181818177,0.6401669938309322,0.7572372857740634,474.1950472926966,0,1
109,case33bw,test,5,13,222,6,1.0700242789332972,1.0236724761379512,0.24242424242424243,0.33082282095616466,0.7030159827146845,958.6664213049595,0,1
110,case33bw,test,52,8,269,6,0.7428419522465691,0.9936690139020272,0.0,0.6242183977489273,0.9081098876275738,96.18672955262309,0,1
111,case33bw,test,5,14,60,2,0.7571977190647102,1.0264998886296963,0.06060606060606055,0.5284599218109313,0.7694319828073702,618.111031895423,0,1
112,case33bw,train,32,3,184,6,1.1780262458121447,0.9878225911348563,0.12121212121212122,0.5945455987163305,0.9038659847641338,74.90317210193767,0,1
113,case33bw,selection,15,10,305,4,0.8686617828231527,1.022617271850224,0.09090909090909094,0.29929325323451444,0.9187932876963298,159.58816100424946,0,1
114,case33bw,test,17,22,297,3,1.2052285955537319,1.0355618168537877,0.030303030303030276,0.785061634940563,0.9264195743685743,199.23133393092095,0,1
115,case33bw,train,0,10,26,0,1.0936111658062848,1.006585600918646,0.0,0.8473218455344533,0.9078948372151775,271.0313967160907,0,1
116,case33bw,calibration,27,10,364,2,1.0258941398243397,0.9875415064811761,0.06060606060606055,0.09942192296601898,0.8441872292385657,283.4412598866719,0,1
117,case33bw,selection,59,10,24,2,0.7864534239800822,1.0398132694836442,0.33333333333333337,0.7094829982087519,0.9719394112196281,129.83884707591227,1,1
118,case33bw,selection,15,12,337,4,0.7981531608710911,1.0244689857062723,0.1515151515151515,0.46861372630233605,0.926978330581893,140.6243320967889,0,1
119,case33bw,train,38,6,121,6,1.1445899821577703,1.028872421169621,0.030303030303030276,0.4138789531456456,0.9699754452296023,96.14905767294844,1,1
120,case33bw,train,48,3,233,3,1.2776911466379273,1.032250547795789,0.1515151515151515,0.9639683888594524,0.9915847690570079,56.062684516349066,1,1
121,case33bw,train,46,7,331,5,1.0595541355197688,1.0196477920775087,0.030303030303030276,0.6775339384274628,0.9672583614531621,102.19308573074326,1,1
122,case33bw,test,22,8,231,5,1.283134737965338,0.9973515655428036,0.09090909090909094,0.4343434190187856,0.9179356534602018,159.85005096098763,0,1
123,case33bw,selection,20,18,306,0,0.7650071059519641,1.038516743493309,0.1515151515151515,0.17883685583805556,0.9820462611940884,72.13037916418789,1,1
124,case33bw,train,35,14,264,5,0.859355062833802,0.9943323561233889,0.1515151515151515,0.2578436933681822,0.930876388176608,102.07386808612512,0,1
125,case33bw,selection,59,8,34,6,0.9058221278509732,0.9824951936418554,0.12121212121212122,1.4340653337988707,0.9190426423811091,116.71914856885427,0,1
126,case33bw,test,58,19,137,6,0.9847026018561552,1.01701357046064,0.24242424242424243,0.5163703312611957,0.9593178718109818,90.90042365726094,1,1
127,case33bw,train,2,13,58,1,1.0259287688057006,0.9954906683942492,0.09090909090909094,0.7301815507619988,0.9166467206283984,177.97364335161458,0,1
128,case33bw,train,57,4,10,1,0.8256731614514419,0.9793238707194075,0.1515151515151515,1.0104657886498043,0.9419843623527423,42.93763885187298,0,1
129,case33bw,train,48,11,84,1,0.884567047147924,1.0060964533246808,0.09090909090909094,0.5668408061746686,0.9428383725203766,129.7894629548476,0,1
130,case33bw,selection,20,11,357,1,0.8408693159658901,1.024148951284006,0.24242424242424243,0.6936823878179895,0.9428968198333949,151.61416910046776,0,1
131,case33bw,test,22,3,290,5,0.9827052213578539,1.0005133681837368,0.06060606060606055,0.6756600921714438,0.9613108569467824,41.212883904666164,1,1
132,case33bw,train,14,14,52,4,1.2024084493586014,0.9778382489792069,0.06060606060606055,0.38138298454220126,0.8915260979347583,220.49303126683682,0,1
133,case33bw,train,56,6,358,2,0.9842844925397563,1.0020608506457078,0.1515151515151515,0.1870778733444234,0.9434227780831853,96.88738186878952,0,1
134,case33bw,test,17,2,244,0,1.000470556220295,0.9754206431022592,0.12121212121212122,1.0644932103399312,0.9186703069044768,54.34465515566072,0,1
135,case33bw,selection,12,6,294,4,1.2445487078762842,0.9863940247551743,0.1515151515151515,0.17728193926766717,0.9348939831775426,99.70511447798131,0,1
136,case33bw,train,51,18,334,0,1.218257428412883,0.9978913836491713,0.18181818181818177,0.21234303250740746,0.8178869830319331,431.12062074660406,0,1
137,case33bw,train,23,6,283,2,1.296714054062715,0.9988910322839216,0.0,1.1083141977700939,0.8177217784472844,266.32528759383746,0,1
138,case33bw,test,22,2,306,4,1.1247152347767844,0.9806658671972265,0.0,0.676584687130782,0.9213246282590895,91.62989816479126,0,1
139,case33bw,train,13,4,348,5,0.8229407857843559,0.9914320802574554,0.09090909090909094,0.9130030956435615,0.9593816311003143,32.39878086748092,1,1
140,case33bw,train,1,13,307,0,0.9615223699924058,0.9954157719021666,0.2727272727272727,0.2237776532590999,0.9277280124880045,133.2224423873215,0,1
141,case33bw,test,19,6,303,5,1.290376362052703,0.995048338855076,0.0,0.639793903614803,0.914735268814967,136.7556077269657,0,1
142,case33bw,train,49,13,210,6,0.9689154904758182,1.034287908967298,0.09090909090909094,0.7476160650443132,0.9540582986869595,153.57748482550875,1,1
143,case33bw,train,30,12,251,4,1.255473540986825,1.0278179698675844,0.0,0.9581678261520544,0.7412316911616659,638.3050954024725,0,1
144,case33bw,selection,15,3,317,5,1.2593760240908651,1.0374174425825757,0.0,0.3710175463638438,0.9574367825053195,93.27523865166867,1,1
145,case33bw,train,30,12,204,1,0.9478420007117071,1.0397628656694886,0.0,0.6526769755479651,0.8451875961345637,293.15090297167563,0,1
146,case33bw,test,17,8,65,3,1.048251300899936,1.0193761825996708,0.06060606060606055,0.6179803390133725,0.9081893394496307,205.99576275666814,0,1
147,case33bw,selection,53,3,83,5,1.152730852685433,0.992249111413651,0.06060606060606055,0.7918611675160478,0.948427795148089,70.1764505058855,0,1
148,case33bw,train,54,3,203,6,1.0759752316656717,0.9822819376466031,0.030303030303030276,0.553630480032176,0.9435428847232863,43.323327156890194,0,1
149,case33bw,train,30,8,145,6,0.8596359630988085,1.0431439553789141,0.1515151515151515,0.7366758980664195,0.9083536800817413,141.84067269003972,0,1
150,case33bw,test,25,1,57,2,1.2829482468498723,0.98929771189964,0.06060606060606055,0.25497445739122326,0.8140632621688109,261.656042016909,0,1
151,case33bw,train,32,5,92,4,0.8576512285196848,0.987692716491375,0.1515151515151515,0.7700232341520729,0.9040011351126145,76.16364840908636,0,1
152,case33bw,test,17,23,188,0,0.9217150602682019,1.016984202707281,0.1515151515151515,0.7434407311256426,0.9513738853502198,72.21309302632172,1,1
153,case33bw,selection,12,5,178,2,1.1624934018076807,1.0265229633652693,0.18181818181818177,0.1033699620660786,0.9892519918217536,48.61190145274281,1,1
154,case33bw,train,14,19,85,2,1.256694837880011,0.9814090792944998,0.12121212121212122,0.4767871696225514,0.9019327551068727,191.85233948639132,0,1
155,case33bw,calibration,36,21,295,3,0.9032462441574242,0.9751908057635347,0.06060606060606055,0.1306148080373313,0.9062826647209103,133.30830778457673,0,1
156,case33bw,train,2,21,50,3,0.8924585177506215,1.0154777714026586,0.18181818181818177,0.1662406356841567,0.9558176357851923,100.0090878457231,1,1
157,case33bw,train,0,14,226,5,1.010775648712586,1.0398815020354606,0.030303030303030276,0.49128068327648144,0.9792386073545053,100.61969851769392,1,1
158,case33bw,calibration,33,3,78,6,1.0489975832398628,1.034055852511827,0.18181818181818177,0.6827005765510669,0.9576704667039685,75.844933818982,1,1
159,case33bw,train,49,21,233,4,1.0813488447180237,0.988546484107843,0.030303030303030276,0.45779674743650545,0.8969985407943377,197.67371771992157,0,1
160,case33bw,train,47,15,71,4,0.7862320832617992,1.0091862644058358,0.030303030303030276,0.1235991327758207,0.9583515161565408,95.96381863891213,1,1
161,case33bw,train,34,8,31,6,1.1408577318454487,0.9900970640341338,0.09090909090909094,0.3898876573626005,0.8541181962004654,253.4314826299423,0,1
162,case33bw,train,31,3,299,0,0.9197339895618587,1.0222740428638937,0.09090909090909094,0.911505426257836,0.935577818309241,69.6889211988962,0,1
163,case33bw,calibration,28,20,225,2,0.8011254456310761,1.003524879619995,0.0,0.25212426309795377,0.9413326880086583,64.93191324777462,0,1
164,case33bw,train,3,6,22,1,0.7492904824839615,1.0335518954324756,0.09090909090909094,0.9100161258378864,0.9833102721317648,62.08174262407371,1,1
165,case33bw,calibration,42,6,48,1,0.9733038485468857,1.0139173290916335,0.12121212121212122,0.25600794502705837,0.9631086345011484,73.65534313284459,1,1
166,case33bw,calibration,33,4,151,5,1.032377191114944,1.0393993676168594,0.09090909090909094,0.38521234733285253,0.9815763355578953,44.59133274368109,1,1
167,case33bw,train,2,7,150,3,1.158261218377061,0.9771042616413089,0.0,0.1363913726641364,0.9214430417311315,91.06717733394647,0,1
168,case33bw,train,10,20,92,6,0.7941457074417492,1.0033007036975432,0.06060606060606055,0.6339078483258952,0.8584211535306786,185.9763488482608,0,1
169,case33bw,calibration,42,3,156,1,0.9766327292136964,1.0052115436633713,0.12121212121212122,0.16549551271951096,0.9684656741074616,35.338016252569595,1,1
170,case33bw,train,32,6,236,2,1.0381494696483808,0.9963905787983782,0.24242424242424243,0.8775997776933541,0.898344738339637,100.15012722829883,0,1
171,case33bw,calibration,33,4,225,5,0.9296715580378611,1.0275145188017558,0.06060606060606055,0.27642822795253974,0.9733172168794051,38.701551037985475,1,1
172,case33bw,train,2,13,241,5,0.842949383743874,0.9908278596405692,0.030303030303030276,0.46464891430848765,0.9421800133464756,69.00467415175913,0,1
173,case33bw,test,5,22,228,4,0.9535477632072468,0.9876766635937508,0.030303030303030276,0.12489824304875993,0.75678133047551,503.74002839572915,0,1
174,case33bw,train,6,12,314,5,0.994801554333875,1.0081242301210556,0.06060606060606055,1.0957760782403776,0.9181935700358922,217.25949079965736,0,1
175,case33bw,train,10,13,248,4,0.8555336732448926,0.9958063792189071,0.12121212121212122,0.6251477866216274,0.8346451140703587,232.12989148320014,0,1
176,case33bw,selection,4,4,238,6,0.9167253819793946,0.9965669279671724,0.0,0.34199607258060566,0.953843461966797,43.37156086414942,1,1
177,case33bw,test,5,2,222,6,1.1152030641936104,1.0136090964584448,0.09090909090909094,0.9198155732336828,0.8440463359947772,269.8400927852421,0,1
178,case33bw,selection,8,22,342,2,1.1738346176268895,0.9904440313940832,0.030303030303030276,0.47428292719189347,0.7254660535297749,620.9067461139266,0,1
179,case33bw,selection,15,7,162,0,1.2734594053887807,1.0386492295011962,0.12121212121212122,0.9946197973456912,0.9438744382310501,134.28483686978691,0,1
180,case33bw,train,34,20,264,0,1.041339146209224,1.004229304490599,0.06060606060606055,0.12985674380356493,0.8975224914137815,154.16862639831814,0,1
181,case33bw,train,0,16,316,1,0.8666560437435094,0.9764016742955999,0.12121212121212122,0.6217254305642018,0.9085067359693464,123.65989957302105,0,1
182,case33bw,selection,12,0,169,3,0.7641663597116682,1.0120351200889164,0.09090909090909094,0.2892651480418185,0.983553370548552,28.588288521335016,1,1
183,case33bw,test,39,9,205,0,0.8171182022353152,0.9954204091227159,0.12121212121212122,0.30833044740309856,0.8875463709616193,152.04633331116528,0,1
184,case33bw,test,17,12,323,1,1.1478146571452905,1.0096164158703262,0.0,0.7113579553292126,0.8698043395207382,326.1876844226705,0,1
185,case33bw,train,2,5,13,3,1.020239120507275,1.027829404233817,0.06060606060606055,0.5516977533253159,0.9825326415538702,59.71960746563927,1,1
186,case33bw,calibration,41,15,170,0,0.9299880744843093,1.039339455178608,0.18181818181818177,0.32814196057754624,0.9335910778485103,145.1059053634604,0,1
187,case33bw,test,22,20,89,3,0.9071684634045798,1.0329389159888342,0.1515151515151515,0.46670852085605313,0.9724212820154868,97.05457934951582,1,1
188,case33bw,train,34,4,159,3,0.7680279821066134,1.0375958180704774,0.030303030303030276,1.104772723465988,0.9919538056140277,29.56521662028456,1,1
189,case33bw,selection,15,20,250,6,1.1502069038101561,0.9921085905589138,0.33333333333333337,0.849608947861153,0.8949353376186329,137.08162703823578,0,1
190,case33bw,train,6,23,95,4,1.2366480645955338,0.9910458828082553,0.030303030303030276,1.0154552602167892,0.9002075036072308,196.285029140751,0,1
191,case33bw,train,31,10,325,0,1.082850492698701,1.0192824090019081,0.06060606060606055,0.18019717298182347,0.7904198254573046,463.4457847663353,0,1
192,case33bw,train,34,9,67,1,0.7579917390985815,0.980105105828229,0.0,0.19531270099526102,0.8824831389344652,131.04887769729712,0,1
193,case33bw,test,17,7,23,1,1.1449721449755068,1.0337588051050541,0.18181818181818177,0.2679837622339438,0.9339957919857537,165.71807443596703,0,1
194,case33bw,calibration,29,19,189,1,0.820576339951809,1.0279853117191726,0.09090909090909094,0.11190248286564007,0.9768212752582938,60.433957724830975,1,1
195,case33bw,selection,7,13,20,5,1.05887509989174,1.0120045628902814,0.06060606060606055,0.893120953514576,0.9185436132251185,224.99573966180714,0,1
196,case33bw,calibration,27,20,329,4,1.1725135245209066,0.9965660036411979,0.0,0.4923426284346432,0.8602111985734558,252.88100991734873,0,1
197,case33bw,train,49,12,87,3,0.9485538729728424,1.0327025939646624,0.1515151515151515,1.1885493055606124,0.9226563537312381,284.1672479965362,0,1
198,case33bw,selection,44,0,294,5,0.9757760941415127,1.039082471919931,0.1515151515151515,0.21641699961633554,0.9754890329717328,96.68979678205714,1,1
199,case33bw,train,56,20,358,0,0.7856066155308508,0.9891407407420512,0.12121212121212122,0.5503681709172309,0.9306970573164633,95.17159828621051,0,1
200,case33bw,train,54,18,316,3,0.9707520759715031,1.0204173791513749,0.303030303030303,0.7709416115614567,0.9529786271540757,126.8428531920588,1,1
201,case33bw,calibration,33,3,262,1,0.9439624556322139,0.9831517686666593,0.18181818181818177,0.15932988966827644,0.9183445215993425,53.94916168424312,0,1
202,case33bw,selection,20,19,195,5,0.912066182610323,1.023919334703875,0.1515151515151515,0.30756099021596633,0.9704458916378933,65.95442185267943,1,1
203,case33bw,train,21,12,246,1,1.0762148135830376,1.0317759771795585,0.0,0.25131936513321834,0.9516757020659294,158.1486740624219,1,1
204,case33bw,calibration,28,19,245,5,0.888816732990725,0.9946514344524129,0.1515151515151515,0.5736848518829485,0.9285759578351138,77.30279562485161,0,1
205,case33bw,train,1,10,271,4,1.152526528469113,0.9877956903105846,0.1515151515151515,0.5663642445028068,0.910855791274115,170.87579014969216,0,1
206,case33bw,calibration,43,10,236,5,1.1226143907587616,1.0022174362696665,0.0,0.09303602143016639,0.9456319587678438,112.27117581021056,0,1
207,case33bw,calibration,29,8,196,6,1.2101324504379949,1.0182149679012782,0.0,0.4541829647806508,0.9428561969436344,129.35919372997674,0,1
208,case33bw,test,52,10,289,3,1.0965070782942445,0.9889467937495054,0.09090909090909094,0.5582197004919035,0.8092313558067368,411.97817759342234,0,1
209,case33bw,test,52,22,184,2,0.8787612092532456,1.0222290925553925,0.12121212121212122,0.5536078589211576,0.933445022893418,105.17033096564663,0,1
210,case33bw,test,5,5,82,6,1.219677639130647,1.0247192563916725,0.09090909090909094,0.33696195993545275,0.7702507759810026,601.3286162157747,0,1
211,case33bw,train,57,1,274,0,0.7709243314279276,1.0135172770114143,0.09090909090909094,0.9519561902716464,0.9788575620967641,34.81366475934556,1,1
212,case33bw,test,39,3,333,4,1.22545178356168,1.0290461920232377,0.06060606060606055,0.6542592992250663,0.9195502354618799,158.65812780122542,0,1
213,case33bw,train,14,11,60,5,1.0651884348418115,0.9772835693656182,0.06060606060606055,0.6450476882279299,0.8947655429928839,194.2600905019373,0,1
214,case33bw,train,1,23,114,6,0.7624773568577323,0.984051747570102,0.09090909090909094,0.5076863930680535,0.9447693231789793,44.212603617482266,0,1
215,case33bw,train,26,11,195,4,1.0941479088496477,0.9783217786563363,0.09090909090909094,0.8250207185405432,0.783502302162375,335.33520802541244,0,1
216,case33bw,selection,15,7,63,0,0.9342622762026273,1.018988513823148,0.12121212121212122,0.3401491134941443,0.924490539390505,129.67240149637018,0,1
217,case33bw,train,47,0,279,3,1.1051272070646947,0.9899388803512883,0.030303030303030276,0.20456836969253453,0.9420580042360115,86.40737258542065,0,1
218,case33bw,test,25,11,312,6,0.7477192689804925,1.0139681666005433,0.12121212121212122,0.4450374358507103,0.8731455220209287,169.58777444888574,0,1
219,case33bw,selection,4,6,92,2,1.2888389635306112,1.0133408285740109,0.0,0.5753671723912088,0.9277400202294391,172.84727245227924,0,1
220,case33bw,test,52,15,223,3,1.2755283859817128,0.992766575961199,0.18181818181818177,0.25533953144549304,0.8328801792300332,345.24182423830365,0,1
221,case33bw,train,49,2,267,6,1.0219010990855724,0.9803289361846554,0.18181818181818177,0.7728735320871575,0.9206054940626411,84.05736496833444,0,1
222,case33bw,selection,12,10,11,4,1.194623665046862,1.0338276840804745,0.030303030303030276,0.7839120496468688,0.9535094826638062,228.30419453350538,1,1
223,case33bw,calibration,42,8,146,2,0.9754549834322408,0.9915259525108624,0.18181818181818177,0.9368968141200974,0.9346126877544843,86.83086598049269,0,1
224,case33bw,train,18,9,109,1,1.0291911124849402,1.0012094780561251,0.06060606060606055,0.7992177438304822,0.9051674796070427,165.65279561954588,0,1
225,case33bw,train,23,21,298,3,0.8591292023603964,1.0126677209049357,0.030303030303030276,0.9124052081098855,0.8624718431656043,182.7940436313344,0,1
226,case33bw,selection,53,4,229,4,1.0964379580318144,1.026989162242342,0.0,0.15533793791048725,0.9911414498400138,47.81422634002566,1,1
227,case33bw,test,17,3,86,3,1.2716626841265748,1.0044742169324876,0.09090909090909094,0.5281788827409153,0.9213639640655437,114.07426357456329,0,1
228,case33bw,train,26,2,283,1,1.2847285386918244,1.0115964690073667,0.18181818181818177,0.799218603576479,0.8862229392116096,145.73222662327078,0,1
229,case33bw,test,17,3,266,3,1.2750641551774844,1.027110627413418,0.0,0.5919437993642899,0.9579860495233481,79.53871231245749,1,1
230,case33bw,train,45,14,63,0,0.7743330997293407,1.0149624388004899,0.18181818181818177,0.6190189695734825,0.9406303978242639,139.65328251746624,0,1
231,case33bw,train,2,20,209,1,1.2643015127886776,0.9793236368873071,0.18181818181818177,0.8250057999854286,0.9133840230446387,132.08393643350956,0,1
232,case33bw,selection,15,22,148,5,1.2840912385005174,0.9974805935888464,0.06060606060606055,0.36581165594665055,0.8886072573802105,173.0216101859505,0,1
233,case33bw,train,9,11,316,2,0.7608275091659116,1.0172725615566434,0.0,0.6612011575469816,0.8432265337498758,270.6007090634147,0,1
234,case33bw,test,17,12,79,1,1.0505393558576184,1.0210799796927614,0.12121212121212122,0.39483165284426563,0.8983809695751724,247.17619209739382,0,1
235,case33bw,test,16,14,319,6,1.0340925461118098,1.0245603081119157,0.1515151515151515,0.22068855764986858,0.9175744199081527,174.10801736074504,0,1
236,case33bw,test,52,5,106,1,1.2802746384865231,1.0288103586766415,0.18181818181818177,0.7500926868477032,0.9159845975535822,171.15276494357803,0,1
237,case33bw,train,6,12,255,0,1.1365237204555825,1.0394866487367578,0.030303030303030276,1.1943954374836203,0.9454579359848837,221.70136456555704,0,1
238,case33bw,calibration,33,22,76,4,0.8906396801466518,1.0415679834767493,0.09090909090909094,0.13039656113957493,0.9451203942169357,118.84170754073725,0,1
239,case33bw,train,55,15,245,0,0.7750293416377388,0.9755598680189076,0.09090909090909094,0.5455015581634093,0.9234302292306846,76.28974260772944,0,1
240,case33bw,calibration,42,21,243,0,1.2571679339584272,1.006038836459648,0.21212121212121215,1.245952908556861,0.936993191520744,135.40735479005843,0,1
241,case33bw,train,47,14,162,1,1.0745998320537857,1.0224076126683928,0.06060606060606055,0.9098325370145486,0.9638184524214997,129.48926518503254,1,1
242,case33bw,selection,8,4,345,4,1.2753700113792692,0.983003691231375,0.0,0.3234445269295768,0.8015837338821522,296.723605986731,0,1
243,case33bw,train,1,17,79,4,0.8540140071790764,1.0239110710850468,0.030303030303030276,0.23399159118777607,0.9721770825070486,80.32956114363233,1,1
244,case33bw,train,48,22,230,3,0.7255291969502606,1.021723597711758,0.09090909090909094,0.5043343458543743,0.9883358969994253,35.49928746118663,1,1
245,case33bw,selection,8,13,28,6,0.9499188477310935,0.9922090216273235,0.18181818181818177,0.4140116526750717,0.750208332347304,515.4159514153113,0,1
246,case33bw,train,48,11,297,3,0.9620592615695914,0.9937444038793682,0.21212121212121215,1.0615908661735507,0.9260902110646004,144.8963211375014,0,1
247,case33bw,calibration,28,1,13,1,1.0395862218025964,0.9956101474430403,0.09090909090909094,1.2779938583289836,0.9157322886849039,103.57622672595268,0,1
248,case33bw,test,58,3,90,3,0.726665603533892,1.0029271002391469,0.303030303030303,1.012533026553197,0.9701385929699902,30.752433259090576,1,1
249,case33bw,train,51,20,176,5,0.9379757665382747,1.0333919055724923,0.21212121212121215,0.33901161897390863,0.9382673692811937,123.28539840953876,0,1
250,case33bw,train,23,9,213,3,0.7867535966215835,1.0249111245491547,0.21212121212121215,0.8009400323448358,0.8857651759773916,155.07533769002856,0,1
251,case33bw,calibration,28,2,242,6,0.9488721522838933,0.9939983487342577,0.2727272727272727,0.25243588310600534,0.945026219407305,39.9473448622579,0,1
252,case33bw,calibration,33,3,75,5,1.288357163208856,1.0233973743446287,0.09090909090909094,0.8798559248274958,0.9275466507117693,118.12721974271997,0,1
253,case33bw,train,57,13,109,3,0.7957308408577686,1.009310475267464,0.06060606060606055,0.15387992551774304,0.9529739054200697,95.60263718573832,1,1
254,case33bw,train,2,19,21,6,0.748722994631198,1.0173897735528854,0.06060606060606055,0.6602944502691871,0.9742514033260944,56.509500235401376,1,1
255,case33bw,train,32,15,12,3,0.8444883487257718,1.0404831124528127,0.09090909090909094,0.5431782601210907,0.9076580917133561,189.24672386290635,0,1
256,case33bw,train,26,4,316,3,1.210486163830952,0.9796327164661455,0.06060606060606055,0.24187260207229497,0.8368082798527421,177.69036516764646,0,1
257,case33bw,test,17,7,248,5,0.800521622662701,0.9857860631109553,0.0,0.38162538658812495,0.9332951976825462,47.262427260626914,0,1
258,case33bw,train,57,14,275,0,0.8518228909010161,1.0237931466165084,0.06060606060606055,0.4469478154334328,0.9663530763103124,97.33499732121952,1,1
259,case33bw,test,22,19,150,1,1.066381301352929,1.0045175833199456,0.09090909090909094,0.21735320987050352,0.9351955613991862,124.62558404342894,0,1
260,case33bw,train,35,11,326,3,0.740025765391008,1.021219909786296,0.12121212121212122,0.23354296708765399,0.9537128270086483,117.9691866676226,1,1
261,case33bw,test,16,21,121,4,0.9716007043181775,1.032414668350757,0.06060606060606055,0.3912599667506104,0.9465007733518448,112.77307572259879,0,1
262,case33bw,test,5,14,20,5,1.1543282561778787,1.0079589352972573,0.0,0.28922575575432896,0.35047640699347304,9054.961331326813,0,0
263,case33bw,train,23,0,275,1,1.028739459530115,1.012241812845039,0.0,0.8762572814937599,0.8628530729188831,178.17984928511243,0,1
264,case33bw,test,17,15,123,5,0.9074734731513536,1.0396947490251873,0.12121212121212122,0.23635245487379386,0.9633904323564421,98.42149176314952,1,1
265,case33bw,selection,59,9,253,4,0.7712034862417751,0.9952253030414838,0.12121212121212122,0.2825414482103808,0.9455638400408319,70.70907137570343,0,1
266,case33bw,test,5,19,258,0,1.040910951021539,1.042921158639447,0.06060606060606055,0.2304419713178752,0.7660772976161233,713.8220140594598,0,1
267,case33bw,train,6,17,183,4,0.9397500831847233,1.0240459235714288,0.09090909090909094,0.7363857709176285,0.9627050605743024,94.56944883494086,1,1
268,case33bw,train,34,1,206,6,1.2024014467061683,1.040589036208711,0.0,0.7170683239022211,0.967945717954958,72.79313640930322,1,1
269,case33bw,train,24,10,124,3,1.1595317640955656,1.0448023888835882,0.2727272727272727,0.9625096661622191,0.806355158780077,455.743121839082,0,1
270,case33bw,train,56,14,63,1,0.8887398280879681,0.980971110671177,0.0,0.527395001472324,0.9055896879943323,160.9424748826069,0,1
271,case33bw,selection,59,20,94,3,0.7582824455546072,1.0372708922217986,0.06060606060606055,0.49456784940772325,0.9874459507340198,71.82962476169976,1,1
272,case33bw,test,16,14,308,1,0.7575255194407087,0.9898923184634832,0.0,0.7599059466004369,0.9020118689630522,118.74762517972887,0,1
273,case33bw,train,34,21,230,4,1.216365084532318,0.9917398775713147,0.0,0.8374023379321942,0.8766766459817531,184.5953181404444,0,1
274,case33bw,test,58,1,81,4,1.2035688714601849,1.0009706980425819,0.12121212121212122,0.33947486461811927,0.9363612297441155,117.94707463696167,0,1
275,case33bw,selection,44,6,310,6,1.017121326676016,0.9911528961167114,0.24242424242424243,0.761449882048887,0.9160476856779858,137.6819391475627,0,1
276,case33bw,train,49,7,29,4,0.8393618974970953,1.0229349817705737,0.12121212121212122,0.875126339910253,0.9470482816827761,138.80404581033486,0,1
277,case33bw,selection,7,0,36,0,0.8572403687940944,1.0431370171967114,0.0,0.7329864134911558,0.9901079305271878,75.417066358757,1,1
278,case33bw,selection,8,9,19,4,0.9888315552702344,1.0228627220036262,0.030303030303030276,0.591596702815987,0.776101703409303,537.1456477625201,0,1
279,case33bw,train,9,8,25,2,1.2493400344354495,0.985428222817214,0.1515151515151515,0.45768898805296726,0.6798898985796251,815.4019045365274,0,1
280,case33bw,train,49,19,290,3,1.2197739954054139,1.0047361044060286,0.0,0.5614696110290611,0.8824505182204752,354.6200641681352,0,1
281,case33bw,train,54,4,139,0,0.9629266848421791,0.9767432718900707,0.09090909090909094,0.6722306867070169,0.937943076665336,42.953728397737365,0,1
282,case33bw,calibration,28,1,205,0,1.2609949451638796,1.0309528669850827,0.0,0.4376281096876224,0.9595592907348485,86.01057718846756,1,1
283,case33bw,test,22,22,100,5,1.1341970067093112,1.0396048341242146,0.06060606060606055,0.10329301861791217,0.9720493290417053,118.82242151752945,1,1
284,case33bw,calibration,28,8,244,2,1.06339077548597,1.0128062766458166,0.06060606060606055,0.631435482579895,0.9262341199089286,134.69192081731748,0,1
285,case33bw,train,55,7,261,3,0.8862353001228865,1.0402128177413454,0.030303030303030276,0.676935145583532,0.9950551652577091,57.84033343534982,1,1
286,case33bw,calibration,33,16,225,2,1.256015898335463,1.0194257640635351,0.0,0.4396674025170224,0.8835853384654565,241.20463208785097,0,1
287,case33bw,train,10,18,192,4,1.2046682643684206,1.0006741181364915,0.0,0.25325707657123964,0.7907208046439042,385.0049210947033,0,1
288,case33bw,selection,59,12,176,0,0.967969879487724,1.0222027231972706,0.12121212121212122,0.34293381973685344,0.9560076486243191,126.53845288697646,1,1
289,case33bw,train,40,17,31,6,1.193125769050301,1.0170112658268164,0.06060606060606055,0.20309316004160463,0.853802895688177,352.2409870624943,0,1
290,case33bw,selection,20,5,244,3,1.1927004567534008,0.9926605987320491,0.0,0.49412797392158947,0.9381065502057684,69.39760554598175,0,1
291,case33bw,train,46,14,323,4,1.2812876348921982,1.0194068786936727,0.18181818181818177,0.8865339489860131,0.9356259225797172,253.41443614351,0,1
292,case33bw,train,56,14,254,5,1.0171470130050027,1.0060631885704867,0.24242424242424243,0.7741023878577046,0.943724089019456,110.65350774746513,0,1
293,case33bw,selection,44,14,57,3,0.9755028869225953,0.9876156688802553,0.18181818181818177,0.32126131105587796,0.8776049148474023,296.4222177018876,0,1
294,case33bw,train,34,9,362,6,0.7399719570975088,1.0002352001985138,0.1515151515151515,0.9507473466634873,0.9119573386021682,106.45776606905169,0,1
295,case33bw,train,9,10,51,4,1.1625792181111692,1.0063186980848733,0.06060606060606055,0.20373513549834207,0.6514505227379954,1095.293757353387,0,1
296,case33bw,selection,59,13,152,6,1.1302676692778963,1.0392835765918624,0.09090909090909094,0.7908763382824012,0.9674710671583486,145.42835668925696,1,1
297,case33bw,selection,7,1,225,4,0.7240640078717226,1.0228625429422744,0.0,0.6261152984573062,0.9888935695200618,28.989625999924364,1,1
298,case33bw,train,48,13,185,4,0.9654872414362862,0.9934758569874851,0.12121212121212122,0.2619689366902768,0.9376271804618318,104.77072681897182,0,1
299,case33bw,train,46,15,305,3,1.0824023567103034,0.9980890752536462,0.09090909090909094,0.7221078436069386,0.9320091134348456,162.39392585908473,0,1
300,case33bw,train,50,12,71,2,0.9588902027128564,0.9973360594399419,0.06060606060606055,0.5947505897965437,0.8232239885646178,406.77288560554297,0,1
301,case33bw,train,24,9,329,6,1.25730931697081,1.0086389926168218,0.06060606060606055,0.5712125222986,0.7532021809778772,533.4093232112247,0,1
302,case33bw,calibration,33,1,364,4,0.8243372150973319,0.9992120482536674,0.09090909090909094,1.0089227964884282,0.9188902394250253,83.74385380012764,0,1
303,case33bw,test,58,18,174,2,0.7615231831512063,1.0239560757838468,0.030303030303030276,0.24401276734820823,0.9801954381210007,54.67673705115152,1,1
304,case33bw,train,23,2,268,6,0.7826788600277972,0.9798454910333232,0.030303030303030276,0.9384424092896836,0.8957731329926653,59.05584680446902,0,1
305,case33bw,train,0,15,35,3,1.1302528850211007,1.033240754420279,0.0,0.29189483098664776,0.9414085698503127,225.66750589341888,0,1
306,case33bw,train,6,12,5,2,0.7335653633823007,1.0027046091062772,0.0,0.3994467080205507,0.9309395832473385,135.00008579302343,0,1
307,case33bw,train,35,17,166,1,0.8130695226664801,1.008349975156424,0.12121212121212122,0.4372150322276191,0.9527215933877405,83.4547862006618,1,1
308,case33bw,test,39,12,172,3,1.1806331361634017,1.0368876478865714,0.06060606060606055,0.9646866828980324,0.8743718813639001,348.53784409180525,0,1
309,case33bw,test,17,14,276,6,0.7769609758532288,1.0376486397166536,0.18181818181818177,0.3006182883427954,0.969570537970617,79.73182106471799,1,1
310,case33bw,train,57,6,326,5,0.9736673824247216,1.0381062174497893,0.12121212121212122,0.16478923064940762,0.9879147002370758,70.23206526893713,1,1
311,case33bw,calibration,41,20,285,2,1.287219820894935,0.9849682874722658,0.2727272727272727,0.2809213706987211,0.8063407645139548,410.05070004201514,0,1
312,case33bw,calibration,11,20,138,2,0.7779659184564466,1.0147379786792043,0.1515151515151515,0.8136801636000591,0.9754431627569733,50.192306847415004,1,1
313,case33bw,train,38,18,20,0,1.2982915122495158,0.987073191586512,0.06060606060606055,0.774556345429255,0.8776587933364642,313.5822323524644,0,1
314,case33bw,test,5,19,67,1,1.1415370971642098,0.9926329028154046,0.1515151515151515,0.1446736634462876,0.4891423681711918,2316.436240127303,0,0
315,case33bw,train,37,21,349,2,1.121712454451172,1.0298535168448755,0.09090909090909094,0.11386102158934129,0.8016566296576677,712.246823443562,0,1
316,case33bw,test,22,23,38,4,1.2620480914016299,0.9998336432157541,0.12121212121212122,0.5565761332021388,0.913588400981643,198.08260360975598,0,1
317,case33bw,train,34,15,64,0,1.12465493413908,0.981278110855483,0.06060606060606055,0.8348399561698322,0.8291169258760274,311.0130187441658,0,1
318,case33bw,train,14,9,19,0,0.8956086003386429,1.0064912095983998,0.0,0.1737023256347494,0.9410276261274586,125.91197666201731,0,1
319,case33bw,train,2,22,38,0,1.002454165051209,1.0406817989743555,0.0,0.6890665358989763,0.9792185068929079,110.0644252727451,1,1
320,case33bw,test,22,17,65,2,1.2447648681195,1.0406947739789696,0.030303030303030276,0.6977687358600335,0.9419823554171683,250.2478085919863,0,1
321,case33bw,train,24,17,364,5,0.7784039331547502,1.0101391822070322,0.030303030303030276,0.611681212391475,0.8674477480423775,166.4334773788801,0,1
322,case33bw,test,19,12,333,3,1.082842701113266,1.0394794726565317,0.06060606060606055,0.3575708672752201,0.9339179538650432,231.70860673577695,0,1
323,case33bw,train,6,2,39,5,0.7223580979524592,1.0358375738952141,0.09090909090909094,0.23676686284595627,0.9980092174183305,36.751578075408794,1,1
324,case33bw,calibration,41,4,141,4,1.2565573889179698,0.9867230652332721,0.18181818181818177,0.16462140048624213,0.8839741749221103,134.70627692358158,0,1
325,case33bw,train,14,13,318,2,0.8214978834196004,0.9761988895023542,0.18181818181818177,0.9255959537450938,0.9160826328717117,108.19078190735496,0,1
326,case33bw,selection,44,23,114,6,1.1455392175403627,0.9886609914868023,0.24242424242424243,0.5151283578076992,0.9071189523802542,160.58412188076176,0,1
327,case33bw,calibration,28,11,175,1,0.8474427150713034,1.0327173608113034,0.1515151515151515,0.9363369899526369,0.9542038018626394,107.11888503477482,1,1
328,case33bw,selection,12,4,206,0,0.7266909579824783,1.0187674854348647,0.0,0.47335003746255255,0.9958647378313589,18.475685307840696,1,1
329,case33bw,train,55,14,262,0,0.9499034717091002,1.0014422874006335,0.030303030303030276,1.099480882522121,0.9354538853614508,126.60330261143787,0,1
330,case33bw,train,55,0,316,6,1.0138661593382714,1.0408386330255663,0.06060606060606055,0.7825947137984225,0.9929750464708545,67.75569864800364,1,1
331,case33bw,train,0,12,145,5,0.8163888892728822,0.9952853304949684,0.1515151515151515,0.20078475642497337,0.9385871001959445,86.53837248193113,0,1
332,case33bw,train,37,21,25,4,0.9232710535368704,1.0211880871664267,0.2727272727272727,1.0235190791247433,0.8351971023770985,478.36963712977047,0,1
333,case33bw,selection,53,22,220,4,1.1233818989569961,0.9916077351936188,0.0,0.4865307567688633,0.9409705978485168,95.55077850780707,0,1
334,case33bw,selection,59,19,22,2,1.1493632398266582,1.0247579733332057,0.18181818181818177,0.10010909187057204,0.9371339523378308,223.63492135343898,0,1
335,case33bw,test,39,20,28,2,0.8844652852451392,0.9758331044866649,0.12121212121212122,0.7063230133852564,0.8361721452150768,253.37788050216076,0,1
336,case33bw,test,22,10,333,2,0.8385821017659383,0.998183579692972,0.0,1.0299815199363611,0.9286947033150407,134.71056289404856,0,1
337,case33bw,train,9,16,124,3,0.9226005445446632,1.01394258195456,0.0,0.25521447016170223,0.850116119269541,240.61882597221006,0,1
338,case33bw,train,48,9,357,2,1.1801331966175983,0.9770935818579388,0.2727272727272727,0.3991865113557112,0.8921090126971876,271.35115934275956,0,1
339,case33bw,train,14,3,309,1,0.7824281360113396,0.9885590139373652,0.24242424242424243,0.6713094363484255,0.9584461139202318,28.02066275696611,1,1
340,case33bw,train,26,0,172,3,1.1483488367548729,1.0217954772019138,0.0,0.7718236637381929,0.9054378342812194,126.55169311290437,0,1
341,case33bw,selection,7,21,302,2,0.7496576059448622,0.9763579378363746,0.1515151515151515,0.332813404665512,0.9201286082464133,78.99590726366749,0,1
342,case33bw,train,34,16,288,3,1.0995905158686756,0.9958819010781159,0.12121212121212122,0.14193257637934475,0.869329874660227,225.43941612946887,0,1
343,case33bw,train,49,11,108,0,0.9984879771554924,0.9975951460523285,0.030303030303030276,0.2324359380473203,0.8723302526274201,364.337942224566,0,1
344,case33bw,train,50,16,89,4,1.1845964633922483,1.0218484588290142,0.030303030303030276,0.7020013058130821,0.8394194250568546,451.91501308344505,0,1
345,case33bw,train,10,18,169,3,0.8683597080604164,1.0272329165269574,0.06060606060606055,0.8235917738660126,0.900550666164639,143.2817157960755,0,1
346,case33bw,train,3,0,223,0,1.0279190164083472,1.0277188778977762,0.1515151515151515,0.18532659061003434,0.9720935296856741,75.12034725479344,1,1
347,case33bw,train,40,0,53,5,1.0132462014874914,1.0296119218242397,0.12121212121212122,0.12685056694467678,0.9190812853340914,155.23922738171686,0,1
348,case33bw,train,26,9,68,2,1.223503711894711,1.0384209906510693,0.06060606060606055,0.6730876592283455,0.8282993526285983,397.54540899580775,0,1
349,case33bw,train,45,10,11,6,1.1599435686870876,1.0445321589942806,0.030303030303030276,0.5129056950781338,0.9375655985875451,290.48187801242494,0,1
350,case33bw,train,3,21,103,1,1.2015095674866785,1.036640173075578,0.06060606060606055,0.1016569690480515,0.9412691814400154,211.18244625601818,0,1
351,case33bw,train,45,8,300,6,1.255823078384993,1.016774076980519,0.09090909090909094,0.40798669044106434,0.9200159491012342,231.90591853992956,0,1
352,case33bw,test,17,14,49,4,1.0152294982794505,1.0213067762429875,0.1515151515151515,0.411000840392589,0.9075031100435941,218.62147140706216,0,1
353,case33bw,train,45,6,40,5,1.179092887732215,1.0173437385778537,0.09090909090909094,0.13378615614209494,0.9393048215430763,151.82733298295403,0,1
354,case33bw,train,26,10,307,0,0.7268007486067223,1.0220578937048392,0.09090909090909094,0.5495730623796204,0.895041516462589,147.91792220050053,0,1
355,case33bw,train,34,7,327,1,1.2572190983260787,1.026498044191871,0.030303030303030276,0.6777317129931504,0.8976003194673996,225.46661103934483,0,1
356,case33bw,test,19,13,98,5,1.1072574350556896,1.0062917301714671,0.21212121212121215,0.5848324399783427,0.9086463807806389,207.8376753973734,0,1
357,case33bw,train,40,6,80,6,1.0704402642229411,0.9933304110418618,0.030303030303030276,0.11453061182327454,0.8817003349429982,161.77867332158036,0,1
358,case33bw,train,40,4,323,3,1.1700152954428613,0.9948393726409207,0.030303030303030276,0.2870983916124517,0.8920963387934536,143.79495879603755,0,1
359,case33bw,train,55,2,213,5,1.1594054954976427,1.0176213475316704,0.12121212121212122,0.4153405353813764,0.9768042004982034,48.30989122405965,1,1
360,case33bw,test,58,0,247,4,0.8181861177079183,0.9907071467824864,0.06060606060606055,0.698950658038669,0.9523648822638304,41.32469662626256,1,1
361,case33bw,train,18,15,14,1,0.9309536553030539,1.0177469974533462,0.09090909090909094,0.6641735916312935,0.9199646992668006,176.37005422207864,0,1
362,case33bw,train,26,12,321,5,1.2051284782021143,1.0346318538914288,0.0,0.7334394795419612,0.7871755987523917,531.4620163320583,0,1
363,case33bw,calibration,36,7,269,6,0.7350550504177397,0.9778432488046888,0.24242424242424243,0.6414897261208797,0.9313444696870453,59.21455690075964,0,1
364,case33bw,train,21,4,221,5,0.9573985859767559,0.9764683556341085,0.06060606060606055,0.512417245133168,0.9392379773226998,34.037844373080766,0,1
365,case33bw,train,6,3,35,0,1.2848678196973349,1.0166732573921662,0.0,0.8866686386836091,0.946620820166136,119.19943759030072,0,1
366,case33bw,train,46,8,68,2,1.1168518116669715,1.0324728262513099,0.1515151515151515,0.27560184722376363,0.9631753387462655,176.0767606089937,1,1
367,case33bw,calibration,28,21,75,6,1.1790251641385698,1.0269610938827052,0.0,0.7765451249853699,0.9257333171311287,175.4399471774233,0,1
368,case33bw,train,50,18,242,2,1.0713691747191747,1.0186684937119697,0.0,0.8505213040765904,0.8872104698392664,222.11782038648437,0,1
369,case33bw,selection,59,14,169,6,0.7522480694845132,1.0208586685732632,0.09090909090909094,1.0198781576760585,0.9789141131307679,52.11326438651607,1,1
370,case33bw,test,25,11,85,2,1.1505378397652162,1.0355087687201447,0.06060606060606055,0.5734509284159329,0.7603300001931385,628.41379093008,0,1
371,case33bw,train,21,1,329,2,1.1364220797984992,0.9882689306667869,0.0,0.8968995469031774,0.9233280427728874,105.36035781102318,0,1
372,case33bw,selection,12,12,281,6,0.8758432173256592,1.0259612195835344,0.09090909090909094,0.29297056031881424,0.9738787450640027,91.17261817125244,1,1
373,case33bw,selection,15,12,26,4,0.8985031230615934,1.0280108982292742,0.030303030303030276,0.5936546070024019,0.9047761158081746,216.13910686867246,0,1
374,case33bw,selection,20,15,311,5,1.0509970580029855,0.9793248224461378,0.12121212121212122,0.2520075376364176,0.8945450120708207,167.04035606586152,0,1
375,case33bw,calibration,28,8,74,3,1.2645803331345777,1.0422568242282424,0.030303030303030276,0.600871560385936,0.919450619207528,239.9200743491178,0,1
376,case33bw,test,52,0,106,0,0.9417413724082924,1.0177486772146631,0.0,0.8354090090817313,0.9217203774522341,127.52787091608289,0,1
377,case33bw,calibration,27,16,228,6,1.0384390055696815,1.031430778245442,0.18181818181818177,0.8384531023241525,0.9416402839356468,111.73445826275822,0,1
378,case33bw,train,24,5,75,6,0.94287721457798,1.0421937434634425,0.06060606060606055,1.0126673644155124,0.9362468172563222,94.3791029805078,0,1
379,case33bw,train,40,13,312,0,1.1404949485215898,0.9849796932183408,0.2727272727272727,0.3226730381601518,0.7996006644730115,447.63063235044035,0,1
380,case33bw,calibration,36,19,25,1,0.977651337867203,1.0364695689664274,0.24242424242424243,0.3739455020204369,0.9549383456707523,177.24081376598832,1,1
381,case33bw,train,24,4,39,2,0.8730043842109037,0.9914094117575866,0.06060606060606055,0.3107862480577673,0.8755428899626144,111.14055381660643,0,1
382,case33bw,train,6,4,266,1,0.93020078262579,1.0316068968480252,0.18181818181818177,0.37574607967631124,0.9888285225201571,45.707714801103265,1,1
383,case33bw,test,39,11,348,4,1.0090885022313483,1.0245056194200086,0.1515151515151515,1.0704197384504177,0.8360532032122538,452.7205533834884,0,1
384,case33bw,selection,15,22,83,4,1.0057421424402038,1.0340441294148717,0.09090909090909094,0.33735544603238576,0.9332490495027551,144.98763543308243,0,1
385,case33bw,train,38,6,18,5,1.0092460690035863,1.015304891149902,0.1515151515151515,0.6154027013477997,0.9533353894368558,101.2069625210333,1,1
386,case33bw,calibration,36,12,148,1,1.1339135062143797,0.9914183405293282,0.18181818181818177,0.6789001417240772,0.8892502058310546,273.53863657727425,0,1
387,case33bw,train,37,19,72,5,1.064463190196431,1.0107166370461216,0.06060606060606055,0.6373311122928773,0.7964827463920421,617.9438292739911,0,1
388,case33bw,selection,7,12,345,4,0.8973700788556879,0.9876383496481886,0.24242424242424243,0.49123919916913605,0.8986578610260054,205.0025485240372,0,1
389,case33bw,train,9,12,182,6,1.276456094500576,0.989069317503138,0.06060606060606055,0.46661170585971756,0.7280177211308483,592.0250993980512,0,1
390,case33bw,train,48,0,25,2,0.819967281193425,0.9879676427329742,0.2727272727272727,0.2542984888352101,0.9459196376993034,61.44720349409821,0,1
391,case33bw,train,34,3,253,5,0.8262081497214216,0.9785632225869162,0.030303030303030276,0.2825616848741787,0.9299578384080124,32.886429917629485,0,1
392,case33bw,train,35,23,110,1,1.1469700023701492,0.9865619637430533,0.1515151515151515,0.243296724853406,0.9060400101923104,168.92194383627947,0,1
393,case33bw,test,52,12,245,0,1.1841454072419397,0.9772006081313754,0.1515151515151515,0.5205909546968311,0.8043809634547735,387.6201057182538,0,1
394,case33bw,train,32,7,346,4,1.1885608407442638,1.0409018882039471,0.21212121212121215,0.5257680749273657,0.8841346685555131,247.545461804245,0,1
395,case33bw,selection,12,22,253,4,1.175512737776336,1.0244130225877528,0.21212121212121215,0.6750129543452962,0.973484003851938,93.65528099768777,1,1
396,case33bw,train,40,4,215,2,0.7613904957491777,1.0119528163473404,0.2727272727272727,0.9507085866995872,0.956311704936881,40.578203459883305,1,1
397,case33bw,train,47,18,259,4,0.8191043656114195,1.01520125841735,0.0,0.3085596432836037,0.9717762897077581,62.80479816987056,1,1
398,case33bw,train,50,11,97,4,0.9593928288188035,0.9966927744183404,0.12121212121212122,0.1542933004185766,0.8333256299906407,351.0691680212683,0,1
399,case33bw,train,6,13,265,2,0.8631064636925464,1.0299678127040839,0.12121212121212122,0.5240779634630223,0.9576371645753687,129.67723151524504,1,1
400,case33bw,train,37,20,126,5,1.1795938140382052,1.0305233223495531,0.1515151515151515,0.5715256326392422,0.8355668162947494,515.6181398314394,0,1
401,case33bw,train,49,0,299,0,1.117935650238613,1.0240782637293921,0.1515151515151515,0.26118474058459046,0.9366154983315521,180.6877417782081,0,1
402,case33bw,train,46,9,139,5,0.7843267727007825,1.0366475738548626,0.09090909090909094,0.9241663259595462,0.9964649901951028,54.70935149632663,1,1
403,case33bw,train,50,6,323,2,0.9374214961529793,0.9954019731996474,0.09090909090909094,0.24844787760244683,0.8927498240903409,142.13252782393744,0,1
404,case33bw,train,26,17,74,5,1.2464203413969501,1.0290507669341982,0.18181818181818177,1.128543443692599,0.8286677421900419,355.0104129815313,0,1
405,case33bw,selection,15,15,144,0,0.9514855242708257,1.0273641750992422,0.12121212121212122,0.9532499639364469,0.9313222126600301,133.1953580071789,0,1
406,case33bw,train,54,14,346,3,1.0032451614674616,0.9972909476100055,0.12121212121212122,0.40289710095501563,0.9115312637247063,210.26015056636209,0,1
407,case33bw,train,40,18,125,2,1.2251033357134977,1.0108245765451713,0.09090909090909094,0.7854082099568892,0.8477005278868907,343.88838828702137,0,1
408,case33bw,train,31,9,99,0,0.7675220328690404,0.9911706725712193,0.030303030303030276,0.5707000760545465,0.8615668870373347,154.3428794628009,0,1
409,case33bw,train,2,23,32,0,0.850016585923167,0.9800900764147578,0.09090909090909094,0.6572528152573137,0.9293559272146181,73.79192855177594,0,1
410,case33bw,selection,15,18,207,0,1.0338731907636052,1.003738803144253,0.0,0.35906887486247896,0.9092246039379207,128.5303729108594,0,1
411,case33bw,test,19,1,330,3,0.849705646630396,0.9877995994141306,0.18181818181818177,0.2976885889307011,0.9363211606651981,59.37309828733176,0,1
412,case33bw,calibration,29,17,163,4,1.175824355568808,0.9855703135994516,0.06060606060606055,0.1752807471998767,0.9007197935584271,173.20949486427563,0,1
413,case33bw,train,18,21,290,3,0.7869725364378853,0.976214683674635,0.0,1.0746143762999625,0.9079741999142591,87.16878952989178,0,1
414,case33bw,train,32,13,234,2,0.8580309069064419,0.9962139974376105,0.12121212121212122,0.42913857054018917,0.8772766670470404,152.09996257043304,0,1
415,case33bw,selection,4,10,73,6,0.8474212417221304,0.9936706072383601,0.09090909090909094,0.492867820977811,0.9106607903637242,166.21212987245372,0,1
416,case33bw,test,17,5,134,2,0.8555547078498978,1.0401346022575544,0.12121212121212122,0.3857616419363387,0.9915680242911039,40.890966206572784,1,1
417,case33bw,test,25,12,329,6,1.2233760206299882,1.0204877786273636,0.09090909090909094,0.7371180746166148,0.7535899141308864,585.4690582635423,0,1
418,case33bw,test,25,11,56,4,0.826615201077267,1.0019634942358897,0.12121212121212122,0.41168277434479256,0.8140993173463181,295.05741781817574,0,1
419,case33bw,train,45,18,118,1,0.9099073078145284,1.0367648301506964,0.030303030303030276,0.8475380903353897,0.9666705959567126,124.6020251123498,1,1
420,case33bw,train,34,1,365,4,1.0147602740373793,0.9928220616237794,0.1515151515151515,0.9390010056631705,0.9037978123516401,110.60859365472434,0,1
421,case33bw,selection,12,13,43,5,0.9600225656884072,1.0159786557708477,0.09090909090909094,0.4274260287350689,0.956559357613687,126.00237219930438,1,1
422,case33bw,train,49,1,8,6,0.9546046213410959,1.0165538167905137,0.24242424242424243,0.9474999128525359,0.9493426536762081,108.16959460717976,0,1
423,case33bw,train,9,6,110,5,1.060997809759944,0.9762752672454443,0.0,0.6482584692373258,0.8282447985900384,194.27461073771946,0,1
424,case33bw,train,32,20,364,4,0.9302646160487904,1.0203912041972563,0.030303030303030276,0.3576638638786405,0.8745806526241637,222.55718326901857,0,1
425,case33bw,train,35,18,178,6,0.9055505150057586,1.0216061604129025,0.1515151515151515,1.150318666672884,0.9671835007222142,79.13296787099588,1,1
426,case33bw,calibration,11,3,220,3,0.911267791455679,0.989520076062992,0.24242424242424243,0.7248701364362825,0.9588139158382003,30.940497324733673,1,1
427,case33bw,train,3,15,343,3,1.218507247100996,0.9787886356478788,0.06060606060606055,0.891566952106227,0.8543304172800789,357.7455584319189,0,1
428,case33bw,calibration,11,9,114,2,0.782267620201947,1.022335029256777,0.06060606060606055,0.3525518815315213,0.9744520398865488,69.26590664354876,1,1
429,case33bw,train,9,0,6,2,1.0779142252653586,1.0094923531312043,0.12121212121212122,0.7505706187719954,0.819116818747162,320.090955821659,0,1
430,case33bw,train,3,23,146,6,0.7986672259027975,0.9938868816083132,0.030303030303030276,0.9054778600720584,0.9463200187884547,53.2260364703494,0,1
431,case33bw,test,17,1,130,0,1.1871135025464545,1.0029227317239,0.0,0.3393424350296774,0.9258279566913178,97.21371819612165,0,1
432,case33bw,selection,44,3,11,2,1.1424045773740483,1.009908601410812,0.0,0.6291171497900463,0.9307680244106502,148.26133202892,0,1
433,case33bw,selection,8,20,31,2,1.2640150985894374,0.9877279311588267,0.09090909090909094,0.9129945073841832,0.6335335621057905,1096.6009729189548,0,1
434,case33bw,test,16,21,180,5,1.15525580202502,1.009463828492914,0.030303030303030276,0.6590173937772338,0.9227839074561665,115.15220143990823,0,1
435,case33bw,train,37,10,352,6,0.8816851644144242,1.0065892699093084,0.12121212121212122,0.13857435274568683,0.8073494197170838,557.4562397703424,0,1
436,case33bw,train,1,6,328,0,1.0312475280160311,1.0199051781389084,0.1515151515151515,0.4621478354899703,0.9688722102673792,75.70354633334469,1,1
437,case33bw,train,9,11,193,0,0.805520780678835,0.9992192285856486,0.030303030303030276,0.78062328763963,0.8468856380298403,205.56066956478685,0,1
438,case33bw,train,13,22,171,3,0.9454826369569651,1.0276878156148663,0.09090909090909094,0.783875616501634,0.9821983990135424,61.79167738159863,1,1
439,case33bw,test,39,7,341,1,1.0670671560835236,1.0066057337059258,0.09090909090909094,0.6627578759774397,0.8647071213561031,268.23599547031534,0,1
440,case33bw,test,58,15,348,6,1.2575656152379426,0.9781001472300237,0.030303030303030276,0.7488658017921646,0.8835484383577605,260.45526771883686,0,1
441,case33bw,selection,12,18,62,2,1.0616197312939915,0.9813654414414852,0.06060606060606055,0.15813581893416612,0.9151434066378333,149.05349004583664,0,1
442,case33bw,train,50,5,318,0,1.0866475191681513,1.0342827660821845,0.21212121212121215,1.228449314030738,0.9237547419620902,165.68553390874462,0,1
443,case33bw,train,3,21,14,6,1.0811342562986144,1.0401708095315725,0.1515151515151515,0.7148513801238101,0.9529695812762353,178.49414822154495,1,1
444,case33bw,train,10,10,247,0,1.285674198079923,0.9804752884839081,0.12121212121212122,0.49621871390195027,0.7099809662351689,650.0606926112183,0,1
445,case33bw,train,48,22,147,2,0.9260357449386607,1.0077500142687486,0.06060606060606055,0.3205710967190067,0.9607078483684547,76.47782885768186,1,1
446,case33bw,train,30,15,51,2,1.1320000733038558,1.0292788529424326,0.18181818181818177,0.46122677132122036,0.7599378859643675,563.2161209788454,0,1
447,case33bw,train,30,19,125,6,0.8414464295516731,0.9834177933756667,0.09090909090909094,0.4581397471100779,0.8390516834669752,164.85321849049961,0,1
448,case33bw,train,31,22,46,6,1.0295477152982753,1.0138421814281322,0.18181818181818177,0.6144254051029528,0.8453959572445832,254.88778996652707,0,1
449,case33bw,train,32,5,245,3,1.0375203487768156,1.0166778161737546,0.18181818181818177,0.8150013562645265,0.9287431314948851,82.96565356191435,0,1
450,case33bw,train,49,0,97,6,0.9755115999159534,1.0207067972521249,0.0,0.9199638872990894,0.9484960462664158,121.1614343033077,0,1
451,case33bw,calibration,29,4,101,3,1.214041866594788,1.0215535363180885,0.06060606060606055,0.6381210923154625,0.9583382067870977,90.93104542156186,1,1
452,case33bw,train,47,20,194,0,0.9018974940692813,1.006377095354519,0.06060606060606055,0.48914316107522876,0.9613738489079063,71.80994053480453,1,1
453,case33bw,calibration,11,9,264,2,0.8213348256426238,1.044068564836192,0.18181818181818177,0.36021828171472253,0.9960951741520948,67.37671711973724,1,1
454,case33bw,train,14,23,1,5,1.1000463526013513,1.0147510056809659,0.06060606060606055,1.001660895003946,0.9564623201800009,105.0180067025687,1,1
455,case33bw,train,24,15,318,2,0.9710429665771529,0.9755339835679334,0.1515151515151515,0.7040470468195488,0.777963535816557,320.8846172305541,0,1
456,case33bw,test,58,17,104,1,1.021628062172485,1.0278619197304293,0.0,0.5687645394555604,0.9602677110323945,126.30224483990885,1,1
457,case33bw,train,49,17,108,0,1.0311136321258216,1.0208231977434843,0.18181818181818177,0.24691567659219144,0.9208515431795246,234.1228623688672,0,1
458,case33bw,calibration,11,13,142,2,0.7997837808616232,1.0172274676367934,0.06060606060606055,0.09310863552516244,0.9679142188101771,80.35458777391257,1,1
459,case33bw,calibration,28,3,179,4,1.1034853569559362,1.029433605044843,0.09090909090909094,0.3574261125338926,0.9725783379485562,53.52811993667453,1,1
460,case33bw,train,50,7,31,6,1.2797490603308261,1.0320733390392718,0.030303030303030276,0.5388976925111888,0.8689933794880356,353.2869568548803,0,1
461,case33bw,train,2,8,140,6,1.1580543554278504,0.9894535468654062,0.06060606060606055,0.7673388614937517,0.9320939418904561,98.1175704230253,0,1
462,case33bw,train,24,23,21,6,1.2796192678588336,0.9882774205086163,0.1515151515151515,0.666399671524974,0.7492112926126896,459.28473135247395,0,1
463,case33bw,train,47,11,256,0,1.058528902690528,0.9917890532280073,0.09090909090909094,0.12027819799567077,0.9299871308075024,141.76132793314997,0,1
464,case33bw,train,6,20,171,5,0.8726913241932421,1.0197644219760589,0.12121212121212122,0.9446448523170181,0.9676246969533376,64.7112413418698,1,1
465,case33bw,test,22,22,2,3,0.9074848054173008,1.020327739416792,0.030303030303030276,1.0111238833431468,0.9576737469913865,108.53064805806633,1,1
466,case33bw,train,46,20,305,6,1.0302142277399227,0.987171309183221,0.12121212121212122,0.7883841383366113,0.9314420821455385,117.0151379409181,0,1
467,case33bw,calibration,36,1,191,4,0.9087868396777008,1.0409135789252009,0.06060606060606055,0.7125861528800634,0.9968687751854927,48.72466993505658,1,1
468,case33bw,train,10,11,286,2,1.2796409076894846,1.038759303268931,0.09090909090909094,0.4196006963961197,0.7389598628598454,783.1083187257357,0,1
469,case33bw,test,5,21,316,5,1.105711137574587,0.9844496529228681,0.1515151515151515,0.10977762296498761,0.6062995326926305,1314.2316217253194,0,1
470,case33bw,calibration,27,19,266,3,1.1968558039034802,1.0052738724929333,0.0,0.22455947773230747,0.8812639158727233,203.99484927903748,0,1
471,case33bw,test,25,1,114,5,0.7919998826532887,1.0004410801130723,0.030303030303030276,0.5770839049343802,0.9137612546644259,64.06634345743342,0,1
472,case33bw,train,35,18,200,0,1.06135847362469,0.9886243771028961,0.24242424242424243,0.09130602523313261,0.9180089711576802,134.62620695037913,0,1
473,case33bw,calibration,42,2,172,3,0.8710517768219181,1.0048485440623618,0.0,0.817852592676738,0.9732529349780588,28.905173585161002,1,1
474,case33bw,train,14,13,126,5,1.1583031475412988,0.9989973291670553,0.06060606060606055,0.6579947444582961,0.9311488655758874,145.8520961222295,0,1
475,case33bw,train,38,5,39,0,0.9187757540525906,0.9929211787465295,0.09090909090909094,0.5163433160665084,0.9386245156783732,76.85660021316606,0,1
476,case33bw,train,38,3,143,3,0.9070718253339473,1.0380625002629016,0.12121212121212122,0.8018159979578534,0.9991186307246951,42.10001204620886,1,1
477,case33bw,calibration,28,10,103,1,1.0611899977599808,0.9963551052569508,0.06060606060606055,0.5244069438896338,0.8789482918437128,226.8373389632296,0,1
478,case33bw,train,26,11,302,0,0.744289431029064,0.9962799114991946,0.21212121212121215,0.7034912941334337,0.8665163003368489,155.33220029598533,0,1
479,case33bw,test,22,1,207,0,1.1201802294637553,1.0092793189334925,0.1515151515151515,0.11659836951822908,0.9582944306480731,67.11225228465732,1,1
480,case33bw,train,37,6,62,6,1.0944939042032917,1.0324936198228607,0.12121212121212122,0.5155323647294754,0.8668186695620818,366.9251394998965,0,1
481,case33bw,train,37,2,1,5,1.2816465272926647,0.9809586685691039,0.21212121212121215,1.0459750078565404,0.7919306664913452,497.4846068412041,0,1
482,case33bw,train,31,6,3,2,0.9508570728876861,0.9795222508503679,0.06060606060606055,0.8771956159024874,0.8406245772445531,175.23048319074758,0,1
483,case33bw,test,39,6,110,4,0.9371228973943398,1.0377688840092476,0.06060606060606055,0.5707013001388563,0.9444363876403629,114.58342272077726,0,1
484,case33bw,train,38,19,286,2,0.868354738624458,1.0262069936102087,0.18181818181818177,0.7263922159620062,0.9664805285827205,90.59062572306794,1,1
485,case33bw,train,35,2,209,2,1.0085590285310304,1.007682155556886,0.030303030303030276,0.5696281684739073,0.9644083798437552,51.02019506537621,1,1
486,case33bw,train,57,13,244,1,0.8697905406770856,0.9812603954360177,0.06060606060606055,0.6829744224761339,0.9184254918910237,111.21507350436939,0,1
487,case33bw,train,26,11,91,3,1.0959394414023493,1.0243418475716093,0.18181818181818177,0.1512706965461714,0.8012237053266216,436.09579000028,0,1
488,case33bw,test,22,18,192,5,1.1921628360880963,0.9859299885912711,0.030303030303030276,0.7609780760726703,0.9187706603125644,120.75596550905013,0,1
489,case33bw,train,21,22,209,0,1.0847306912482155,1.0416590614623575,0.21212121212121215,0.4124429240908708,0.9812066620512802,89.87038666310904,1,1
490,case33bw,calibration,29,3,80,3,1.0728610476859624,1.0007278839170846,0.21212121212121215,0.6128085679282235,0.9453531030909851,70.81678666568672,0,1
491,case33bw,calibration,11,4,140,0,0.8982975303918955,0.9917598222796873,0.1515151515151515,0.34724426555782023,0.9580695202642373,34.955842579185514,1,1
492,case33bw,train,48,2,176,3,1.1709490509471563,1.0273895986509665,0.030303030303030276,0.720379770703212,0.9883763194495286,50.385077070881145,1,1
493,case33bw,test,5,10,35,6,1.0893969587404428,1.0097546575386114,0.030303030303030276,0.5330341490654057,0.6163400301056319,1475.0667741352731,0,0
494,case33bw,calibration,27,4,35,0,0.8728386915420632,0.9819705337877151,0.0,0.9792084186190821,0.9172294982977417,60.90939582029149,0,1
495,case33bw,train,2,21,303,4,0.8249329989575855,1.0093532891868153,0.1515151515151515,0.1728613191804569,0.9618257816119351,68.17894765138806,1,1
496,case33bw,train,0,2,274,4,0.8353331064340863,0.9966432679293854,0.12121212121212122,0.22882926063227815,0.960536906848256,35.161751539722694,1,1
497,case33bw,calibration,27,18,71,5,1.1933034298655951,0.988882179162677,0.030303030303030276,0.26151080373961666,0.8582896078274204,238.29087800517556,0,1
498,case33bw,calibration,36,18,192,3,0.8325527147264107,1.0176264356438054,0.09090909090909094,0.8367451200288244,0.9617826795244659,84.40975758297928,1,1
499,case33bw,train,51,23,64,1,1.2752129390792795,1.0388043934158802,0.09090909090909094,0.9301503134636288,0.8826673151095679,320.300069867746,0,1
500,case33bw,train,54,5,122,3,1.1385481902910815,1.014588642807447,0.12121212121212122,0.21724866023208136,0.9636508590338281,75.88428626246711,1,1
501,case33bw,test,52,17,4,3,1.2228474635727506,1.0083167908902284,0.1515151515151515,0.5349035595386521,0.822659458853807,473.89133077082136,0,1
502,case33bw,train,57,13,237,1,1.2313357145993604,1.0007987083276642,0.18181818181818177,0.6895041392056632,0.9140234350130804,211.41077252693964,0,1
503,case33bw,train,40,1,54,5,0.9559856675399402,1.021048276246287,0.030303030303030276,0.5615120598973492,0.9302362860018188,109.00961098041442,0,1
504,case33bw,train,18,15,297,0,1.1867800977443732,1.016147265299182,0.06060606060606055,1.0584933516104116,0.9074765567803584,220.3303048875897,0,1
505,case33bw,train,40,22,102,1,0.7794733066422579,1.0298308173500532,0.030303030303030276,0.2439819900064128,0.9404021487520003,105.83652231131444,0,1
506,case33bw,calibration,36,15,12,4,0.7546522807267405,1.013915724993023,0.06060606060606055,0.7159759036787203,0.947760598942997,117.9623169630068,0,1
507,case33bw,selection,20,1,140,6,0.8575100669869538,1.021841177510628,0.18181818181818177,0.8131355629399863,0.9828894948809305,36.07255067180172,1,1
508,case33bw,train,37,0,190,5,0.8343493278523465,0.9786681541477918,0.06060606060606055,0.9734026419357777,0.8827193619439793,129.32492699676567,0,1
509,case33bw,train,48,10,242,2,1.185728080664809,1.0417246144448824,0.06060606060606055,0.4496680877597809,0.9745734600862455,170.81572583360406,1,1
510,case33bw,train,35,23,194,2,1.0851187865300047,1.0336872859766175,0.09090909090909094,0.3345602825624506,0.9745213300356742,95.32497236706139,1,1
511,case33bw,train,9,19,272,6,0.8205977546202716,1.0402679586892594,0.0,0.7229641231584653,0.9192367224545428,132.02299258690192,0,1
512,case33bw,train,21,21,295,5,0.9661610715494523,1.0367458063332948,0.0,0.10857971645538744,0.9771559636955685,90.64500442869938,1,1
513,case33bw,selection,7,13,64,2,0.8755102366163781,1.0052826854636392,0.12121212121212122,0.3854349073323247,0.921942513876745,179.43851119604932,0,1
514,case33bw,train,34,2,150,0,0.8486419387182332,0.9878348722647773,0.030303030303030276,0.5689253306741495,0.9336933342262798,41.02739955651847,0,1
515,case33bw,selection,59,7,251,5,1.0987033801421842,0.985898425147847,0.06060606060606055,0.7075156332763516,0.9295762069101271,91.93089311527436,0,1
516,case33bw,train,13,11,34,4,0.998582654098546,1.0206285720942994,0.18181818181818177,0.210040756371568,0.9462761766659811,172.57214496479003,0,1
517,case33bw,selection,7,9,251,4,1.103240102398343,0.9921427744664145,0.18181818181818177,0.43465983086315957,0.9074638222634936,178.29512684163757,0,1
518,case33bw,train,51,0,8,0,1.2372769093411524,1.0371294285929065,0.030303030303030276,0.7964314754425015,0.8901357314685926,289.8303299592047,0,1
519,case33bw,test,52,17,304,0,0.992930017483582,1.0133425177901236,0.06060606060606055,0.4150047215136743,0.8780512552047918,248.89967735275303,0,1
520,case33bw,train,40,7,175,0,1.2120075454219408,1.0134898586160757,0.09090909090909094,0.3054630184066273,0.8975212518730413,185.16395201867408,0,1
521,case33bw,train,23,18,165,4,1.066253091310681,0.9793780983674312,0.12121212121212122,0.18491176967494163,0.803477321988568,250.25283651241404,0,1
522,case33bw,selection,20,4,193,4,0.9167078366807605,1.0308555511818434,0.21212121212121215,1.112521396336744,0.9950656300172503,29.836880092695402,1,1
523,case33bw,train,21,15,174,2,1.1929078835162972,1.009838570302642,0.030303030303030276,0.4842836946231122,0.9243300815577501,176.84103165346903,0,1
524,case33bw,train,14,4,226,4,1.2406306122860657,0.9825158732690116,0.12121212121212122,0.19773789500380032,0.9386439076938138,58.699460336663414,0,1
525,case33bw,selection,4,21,104,2,1.0316967369769074,0.996478267220109,0.09090909090909094,0.4667148771666241,0.9101136517132155,179.65106497922628,0,1
526,case33bw,test,16,18,339,5,1.0187687429751462,1.0370909469707568,0.0,1.135958536293515,0.9368201736017416,154.02487453138286,0,1
527,case33bw,selection,53,13,179,0,0.8576242209290992,1.0180538878572185,0.030303030303030276,0.592950383944768,0.9686331366304617,90.85448068770987,1,1
528,case33bw,selection,44,13,242,6,1.2569387381333903,1.0291753414776303,0.030303030303030276,0.24840129333856525,0.9128538155763442,325.197382235204,0,1
529,case33bw,train,31,3,152,1,1.2927214145652324,1.0429976145586708,0.18181818181818177,0.23859579148215337,0.9270195729979701,124.16574905570958,0,1
530,case33bw,calibration,29,12,15,5,0.9232528759180053,0.9820657396883138,0.12121212121212122,0.45818211382263385,0.8948781337514881,191.40553568061327,0,1
531,case33bw,test,19,3,202,2,1.1067337395236192,1.0221969817181658,0.030303030303030276,0.6383918443022478,0.9753754339076671,47.234224231408355,1,1
532,case33bw,train,14,9,324,1,0.944115101577904,0.9807960747213191,0.030303030303030276,0.25400670580126433,0.9173812954943874,124.43235988917118,0,1
533,case33bw,selection,8,1,121,1,1.1321875091483675,1.023637341166753,0.2727272727272727,0.17256515498380198,0.8677929981777159,212.32258865129083,0,1
534,case33bw,train,2,4,149,6,1.1886653416251787,1.0223613470695998,0.0,0.35526380861317364,0.9856465356073897,40.550213428039655,1,1
535,case33bw,calibration,41,15,53,6,1.2539394975125657,1.0372697197570615,0.06060606060606055,0.2311679315047082,0.8549691863059591,426.61541964205884,0,1
536,case33bw,test,17,23,186,3,0.8878187677907255,1.0084374291464167,0.030303030303030276,0.40499967488646765,0.9438775425449272,69.70578110243532,0,1
537,case33bw,test,19,22,300,3,0.7241597902222655,1.0163627755257314,0.24242424242424243,0.7273575112572008,0.962747072451782,61.72406528932341,1,1
538,case33bw,test,39,14,92,2,1.1315757104748922,1.040824725866371,0.09090909090909094,0.7880764563369088,0.8668578817864616,402.20751310054595,0,1
539,case33bw,train,0,22,89,0,0.8698637284720214,1.0289624889576126,0.030303030303030276,0.7498702489005652,0.9763185007860015,74.03739205737469,1,1
540,case33bw,test,19,22,242,4,1.1460458724335423,0.9971705118056614,0.12121212121212122,0.6159602871757969,0.9214028677691769,122.09351599470509,0,1
541,case33bw,train,35,17,120,1,1.2631338623656014,1.03638366207636,0.21212121212121215,0.5295478904520569,0.9422715725583112,230.3054984040379,0,1
542,case33bw,calibration,36,18,119,2,0.7611235196579218,1.0210248333802343,0.18181818181818177,0.2543816543322469,0.9644698217439736,83.14785852201933,1,1
543,case33bw,train,9,3,131,0,0.9291374550760227,0.9855205577984861,0.06060606060606055,0.3713958518690831,0.8828539551878809,93.43937150059223,0,1
544,case33bw,calibration,27,8,150,5,0.8169566509503315,0.9827220851457684,0.24242424242424243,0.7294909119189045,0.9103132473057131,74.85521927360811,0,1
545,case33bw,selection,8,7,126,2,1.1028447437683824,0.999893119119274,0.2727272727272727,0.4708267314459319,0.7935749273441951,375.9049904062035,0,1
546,case33bw,train,34,0,58,1,0.786246357411549,1.0345655947979204,0.0,0.8700393968885598,0.963679831075235,70.40414032376013,1,1
547,case33bw,train,0,16,111,2,1.1892334096158477,1.0364696766265846,0.06060606060606055,0.5054330618690688,0.9480460814193149,212.73426358601813,0,1
548,case33bw,train,47,20,77,4,1.1066452937377942,0.989358484662071,0.09090909090909094,0.41240560750434846,0.9218689292399633,169.349048433721,0,1
549,case33bw,train,55,20,53,2,0.9252010540134985,1.007462545814817,0.18181818181818177,0.4268736482885836,0.9399026577690501,126.48524712561249,0,1
550,case33bw,train,10,17,63,0,0.969697069260971,1.015311070076937,0.09090909090909094,1.0419159437454208,0.8317927574747608,305.30761277591904,0,1
551,case33bw,train,54,10,141,5,1.1710887245968369,1.0280396198140602,0.09090909090909094,0.5537354585309547,0.9513118229467212,165.7211016449211,1,1
552,case33bw,train,56,18,43,5,1.008269048921042,1.0437904512972966,0.09090909090909094,0.23340766264361945,0.9787596021110148,123.68075149527695,1,1
553,case33bw,calibration,41,11,76,6,1.267552000563099,1.0207113955905198,0.21212121212121215,0.5325028041699301,0.8134690585466426,558.3179225352794,0,1
554,case33bw,train,6,2,129,5,0.8150473843353706,1.003763111600606,0.1515151515151515,0.36615798666112315,0.9646071318015655,38.031055801510156,1,1
555,case33bw,train,26,14,233,1,1.2678897521089192,1.015265125324321,0.0,0.5143312951700941,0.8181855703837669,357.4555788945015,0,1
556,case33bw,calibration,28,8,62,4,1.176764387491786,0.9872944420771923,0.1515151515151515,0.1379957725121809,0.8661598583660015,238.81183734712582,0,1
557,case33bw,train,9,5,179,1,0.8770635707025011,0.9888308394707684,0.12121212121212122,0.9356718174484503,0.8904636925538625,86.6650667782528,0,1
558,case33bw,train,37,16,346,4,0.9880130901700106,1.018755584003579,0.0,0.7761514725790352,0.819401787351095,549.1466659759735,0,1
559,case33bw,train,31,5,8,3,1.197446426227526,0.9772448748909567,0.18181818181818177,0.5773080928047645,0.8119720508420816,239.58584875031246,0,1
560,case33bw,selection,20,7,189,3,1.298724646818201,1.0052222000999298,0.030303030303030276,0.29114623242837284,0.928112669215945,138.33615484612122,0,1
561,case33bw,train,30,19,281,2,0.7366060649951156,1.017356080675065,0.09090909090909094,0.7131429273101793,0.8894876552461902,127.93397830348071,0,1
562,case33bw,train,45,17,222,4,1.1758254476333712,1.0232383038051416,0.09090909090909094,0.7315832951656827,0.943817742935841,160.55642796148962,0,1
563,case33bw,calibration,27,18,221,2,0.854056687175863,0.997231392512651,0.030303030303030276,0.32176250532209516,0.9212935783999148,84.33653959396543,0,1
564,case33bw,train,2,23,309,2,0.8699483400283631,0.9975738663467986,0.09090909090909094,0.6836530977684288,0.951341017956876,62.0135352823822,1,1
565,case33bw,selection,53,13,244,6,0.9084821150795933,1.029033108356113,0.18181818181818177,0.5872219010080263,0.9818221302833251,81.43937235760653,1,1
566,case33bw,selection,59,23,36,4,1.1241972707912342,1.0184425578192584,0.1515151515151515,1.077637416973558,0.9445215412804008,156.06241791819977,0,1
567,case33bw,train,26,3,144,4,0.7276358405189232,1.0150253067875354,0.09090909090909094,0.7594189658241434,0.9511741134132965,37.66945854865138,1,1
568,case33bw,train,57,0,332,0,0.9784887018347868,1.006580599391921,0.06060606060606055,0.7724465781345714,0.9503351751829396,89.25154426925374,1,1
569,case33bw,test,58,8,95,4,1.079342682814991,1.0038683613386492,0.06060606060606055,0.8369632824277999,0.9298242494374346,163.9381071842347,0,1
570,case33bw,calibration,33,0,274,5,0.8133576783363979,1.0330368314277132,0.12121212121212122,0.7011841114154318,0.9680703078053562,54.32909262926863,1,1
571,case33bw,train,38,15,324,2,0.8405261507781051,1.015889613895979,0.0,0.32475170067529463,0.9481468896210257,128.8243520836687,0,1
572,case33bw,train,10,13,65,4,0.8432641653289021,1.0379908076765179,0.18181818181818177,0.2440940142216346,0.8376565453895245,350.5764639199916,0,1
573,case33bw,train,37,3,102,4,1.1669218671136894,1.0306642893970146,0.06060606060606055,0.7730371278330521,0.895276321502032,256.9274190530911,0,1
574,case33bw,train,26,10,44,4,1.2827076626967369,0.994165486369827,0.18181818181818177,1.0169661078615535,0.6900232588784299,800.6574276817928,0,1
575,case33bw,selection,7,11,132,2,0.9662001176814488,1.0246100052580587,0.030303030303030276,0.7950633862350922,0.9432025406545155,179.5908480987734,0,1
576,case33bw,selection,44,15,70,6,1.0677066025304325,1.0325802777786888,0.24242424242424243,0.6635853779395544,0.9325677781894225,239.16308289187882,0,1
577,case33bw,train,38,21,195,0,1.0857885925604691,1.0104185897844224,0.21212121212121215,0.3362083565225484,0.9440767543039605,116.01036365811548,0,1
578,case33bw,selection,44,0,286,6,0.9649365422330382,0.9888607699886015,0.030303030303030276,0.8524323459867433,0.9215646272983262,107.02690876089693,0,1
579,case33bw,train,51,15,17,6,1.2526694449835214,1.0040685885725193,0.12121212121212122,0.3601129275756554,0.8022724209453831,523.0639520187175,0,1
580,case33bw,selection,7,12,46,5,0.7866845452267083,1.0103101180597835,0.24242424242424243,0.7505928899582236,0.9412575820538533,125.70391995278717,0,1
581,case33bw,test,17,3,235,2,0.9289090974582404,0.9818092216233022,0.12121212121212122,0.6303221045359007,0.9311232303581265,43.02044947645272,0,1
582,case33bw,train,45,7,222,5,1.186204183385693,0.9906348941714979,0.09090909090909094,0.7206035878716212,0.9210421776337759,122.34150796434403,0,1
583,case33bw,calibration,27,0,29,1,1.2906818736869592,0.9759499305941752,0.1515151515151515,0.3081428431661839,0.8483893348058376,221.83498182279433,0,1
584,case33bw,train,0,23,142,6,0.9030220673399824,1.0098420702276742,0.06060606060606055,0.895315078589773,0.9645240479961401,54.98904717296148,1,1
585,case33bw,train,56,0,132,1,0.9121725979532362,1.0052356908379978,0.09090909090909094,0.8171031159521237,0.9591762408219519,59.9215857113592,1,1
586,case33bw,calibration,36,12,21,0,1.05583490773266,0.9799188001905249,0.21212121212121215,0.40454124818080456,0.8643219172837217,365.91593144832393,0,1
587,case33bw,calibration,28,5,301,4,1.0386282565845086,1.041952658704017,0.09090909090909094,0.4090692747816176,0.9782859077313735,69.85680178097722,1,1
588,case33bw,train,9,11,364,3,1.1237103365932537,1.0232081261869288,0.24242424242424243,0.10006123338852624,0.7034935619971675,894.952938827912,0,1
589,case33bw,train,21,21,178,1,1.1937284623754896,0.9949600584677298,0.06060606060606055,0.28213302640183935,0.9217098868863247,133.3796056117126,0,1
590,case33bw,selection,4,10,238,4,1.1140744854465374,1.0129167061938287,0.030303030303030276,0.24869713341944105,0.9093716632480968,244.8307965111966,0,1
591,case33bw,calibration,36,5,109,2,0.7568455664535604,0.9890637087412778,0.18181818181818177,0.6046931293605262,0.9481172261296885,44.91612310905853,0,1
592,case33bw,test,5,0,180,2,1.1824678069058796,0.97704038289794,0.09090909090909094,0.9015953040259397,0.7333523532501521,552.8155137431927,0,1
593,case33bw,train,24,11,328,0,0.8648640955337481,0.9992995486453485,0.06060606060606055,0.11114827923175177,0.7984606482930298,334.5773073331832,0,1
594,case33bw,calibration,11,9,300,4,0.7455415650693717,1.0351547710189803,0.0,0.18478234119159007,0.9897597361643912,69.1789485169596,1,1
595,case33bw,train,10,14,134,6,1.0462826257381739,1.0045087952147456,0.06060606060606055,0.41316480727106897,0.8039838973685592,353.4204134555322,0,1
596,case33bw,selection,44,22,321,6,1.217649496915465,0.9995058213955066,0.030303030303030276,0.7913477200703856,0.8983347323539536,249.7094212495598,0,1
597,case33bw,calibration,29,21,109,2,1.0551743344354991,1.0139491826944973,0.09090909090909094,0.31060007343292945,0.934596313067643,149.06361272232203,0,1
598,case33bw,calibration,11,5,117,4,0.9896130864320956,1.0140773764796207,0.12121212121212122,0.434462876202118,0.9726327493560125,57.337584192313884,1,1
599,case33bw,train,46,14,84,0,0.7692398155755396,0.9852317094466869,0.0,0.21887967660136703,0.9332931392269713,95.24962155086816,0,1
600,case33bw,train,47,21,58,3,0.7331836436244847,1.018918011870713,0.09090909090909094,0.2853133955870531,0.9743418544297757,66.7466807077023,1,1
601,case33bw,selection,15,7,256,6,1.0025355310685637,1.0397492853859531,0.1515151515151515,0.807736951658167,0.9655074650611036,82.27927142341467,1,1
602,case33bw,test,19,20,169,0,0.7594232025152066,0.9952349591962498,0.24242424242424243,0.6392340781299901,0.9417417131599803,60.61637785205542,0,1
603,case33bw,selection,15,6,269,3,1.097696395818376,0.983666302208826,0.12121212121212122,0.3786704675796045,0.8970118733116244,111.81220021384539,0,1
604,case33bw,calibration,29,2,240,1,1.038546915949801,0.9962369784760963,0.1515151515151515,0.6885989099270187,0.9508723209446104,53.48942903543506,1,1
605,case33bw,train,34,21,86,3,1.2580335072079116,0.9822738923465841,0.21212121212121215,0.48856772103248525,0.8268859837083145,322.58708150969653,0,1
606,case33bw,train,46,3,14,0,0.9607179972936343,1.0426888316068934,0.18181818181818177,0.39409876241898334,1.0040569783074684,54.09593128157441,1,1
607,case33bw,train,9,1,331,6,0.9574829798610945,0.9869611524883042,0.030303030303030276,0.6622954493042364,0.850239788831231,165.48530238737098,0,1
608,case33bw,train,56,5,19,5,0.7479146381622,1.0401940184804943,0.09090909090909094,0.6396635256951065,1.0044685901581394,35.04457530778332,1,1
609,case33bw,train,57,0,108,4,1.1719576002419012,0.9900026380230728,0.06060606060606055,0.7800763169428403,0.92350057802935,124.43595276094082,0,1
610,case33bw,train,45,12,327,1,0.8646246426339529,1.0429134255061956,0.030303030303030276,0.7748066934148755,0.9605418100792253,171.70978646140114,1,1
611,case33bw,calibration,27,6,267,1,0.9194927440936389,1.0356690925066596,0.21212121212121215,0.5605524887390929,0.9670539205704956,65.62761340091546,1,1
612,case33bw,train,57,11,161,2,0.9973126881310569,1.0404043218393486,0.0,0.6754670203439201,0.9684854555346365,143.96434773160294,1,1
613,case33bw,train,26,14,48,4,1.2333543984036923,1.040805314001645,0.12121212121212122,0.5313979920031746,0.7862170216131703,575.0852674315279,0,1
614,case33bw,calibration,27,4,169,2,0.8797169856995837,0.9866160296622122,0.12121212121212122,0.31741810321405095,0.9346168328233785,38.473532421867404,0,1
615,case33bw,selection,59,15,23,3,1.274333148300319,1.0437370914195094,0.12121212121212122,0.3342312707332566,0.9389095767158137,316.1393292189467,0,1
616,case33bw,calibration,43,14,206,3,1.122430935601082,0.9893090524857118,0.12121212121212122,0.6762798577907452,0.9280806108701956,121.290568883967,0,1
617,case33bw,selection,7,7,334,6,1.107603028299285,1.0119063114175086,0.06060606060606055,0.6002432512383575,0.9423916932091981,118.58068549532567,0,1
618,case33bw,calibration,28,16,112,5,1.0426297523286172,1.010737266532564,0.0,0.5828033827445107,0.9198314724204193,139.7734541942527,0,1
619,case33bw,test,39,19,354,0,0.7976132387061874,1.018095773659734,0.030303030303030276,0.49936822671516795,0.9057261704648998,170.0669330168409,0,1
620,case33bw,selection,7,21,265,2,1.0619621032709394,0.9941944862840184,0.030303030303030276,0.2553010438820536,0.9196147307069735,140.37637769990496,0,1
621,case33bw,train,49,15,362,0,0.7607588545103686,0.9934790023582487,0.18181818181818177,0.7457681606730729,0.9047221807476977,188.43461391889375,0,1
622,case33bw,train,48,10,248,3,1.1982693601301713,1.017914644105444,0.09090909090909094,0.1385294092373903,0.9487918345847054,162.10261054937746,0,1
623,case33bw,calibration,28,20,59,3,1.0701482730827963,1.032846605079498,0.09090909090909094,0.7879676883447285,0.9270396468888985,182.60182988280454,0,1
624,case33bw,train,40,17,91,1,0.8639687747570048,1.0305420920620636,0.12121212121212122,0.8118209883226487,0.9233116736451444,155.0025172209072,0,1
625,case33bw,train,31,9,146,2,1.0900473273870193,1.0247404557850386,0.12121212121212122,0.7688532407739709,0.8477773968849579,286.7293107723873,0,1
626,case33bw,train,32,5,257,2,0.8336698225434737,0.9832297903374408,0.0,0.39017267157638447,0.9119150561499588,54.24857579744495,0,1
627,case33bw,calibration,28,0,343,1,0.8917659140913261,1.0346221263478514,0.12121212121212122,0.44078628178195156,0.9721830817349795,66.73476396306653,1,1
628,case33bw,selection,15,11,262,4,1.0099231314656094,1.0246425866442108,0.12121212121212122,0.6470002708741119,0.9127143957314059,185.10899154532055,0,1
629,case33bw,calibration,29,7,282,5,1.1056142436433087,1.0218248229299796,0.030303030303030276,0.31476299291154186,0.9578228807876586,94.1508621082346,1,1
630,case33bw,train,51,14,299,4,0.8367678353069354,0.9834891776960241,0.0,0.7734715701067271,0.8494009457752739,235.59783009311147,0,1
631,case33bw,train,23,19,215,1,1.0368576043625568,0.9851896573222587,0.09090909090909094,0.2840394064564969,0.8142950404597694,236.98148453475852,0,1
632,case33bw,train,21,23,75,3,0.9445509053928106,1.040449602309256,0.1515151515151515,0.7025806610345848,0.9781759211497267,97.65125744572723,1,1
633,case33bw,train,10,17,250,1,0.7498809529494159,0.9795308450058681,0.18181818181818177,0.1678887631385875,0.8528905567754295,146.65042925951775,0,1
634,case33bw,train,37,17,284,4,1.2878401862581776,1.018364624771017,0.0,0.7499677641649246,0.7470832526891625,1004.0725250160469,0,1
635,case33bw,train,46,11,19,3,1.2158025562070878,1.0108864155311603,0.06060606060606055,0.8884506939431556,0.9140609954980858,342.41998960250663,0,1
636,case33bw,test,17,2,22,5,1.0778838440293617,1.023063011654791,0.21212121212121215,0.49648458720973804,0.9530487351674927,83.71111056786167,1,1
637,case33bw,train,56,15,121,4,0.9538471948521153,1.0019982325018921,0.09090909090909094,0.1553946402910114,0.9390512432562843,115.2636419367585,0,1
638,case33bw,selection,44,4,149,1,0.8162125326126737,1.031797498643281,0.1515151515151515,0.12289070641500348,0.990582495413327,41.29777074247502,1,1
639,case33bw,train,10,1,280,6,0.7298276577144533,1.016824339383167,0.1515151515151515,0.7120349165361524,0.931339152278322,65.58797475794074,0,1
640,case33bw,selection,59,19,300,6,1.0037523626308424,1.0202500464753124,0.303030303030303,0.24567534142646413,0.9601729194688198,105.55610584385923,1,1
641,case33bw,train,30,2,324,2,0.7319249240730398,0.9873438482699837,0.06060606060606055,0.5514937391176984,0.8856234480951264,82.3995838539697,0,1
642,case33bw,train,0,21,245,2,1.0783198319097456,0.9900958027514933,0.0,0.4072609651485606,0.925195998959983,113.649635861952,0,1
643,case33bw,selection,44,11,196,1,1.1008134381146268,0.9951145640898713,0.06060606060606055,0.5621750008802123,0.8898408454417961,267.4925845976888,0,1
644,case33bw,train,47,17,283,1,1.0202583302817685,1.0124518851061663,0.0,1.030160836408462,0.9556374877190558,119.84671364783199,1,1
645,case33bw,train,24,18,350,1,0.8799226219597568,1.0106609567451104,0.12121212121212122,0.6439337231409644,0.8378907256787109,247.10694986092187,0,1
646,case33bw,test,22,7,215,1,1.0165945833422791,0.998093252607911,0.030303030303030276,0.6121987094487064,0.9420190621822618,81.5642429160387,0,1
647,case33bw,train,9,1,217,6,0.7778010290187841,1.040081987776398,0.12121212121212122,0.8049742695980884,0.9590862869539947,59.10094491868619,1,1
648,case33bw,selection,59,14,318,2,0.7832506259639388,0.9815364254216906,0.12121212121212122,0.4666077800333456,0.9167513820184422,119.17801603435586,0,1
649,case33bw,test,16,15,300,4,0.9013878307739852,1.0124613126532251,0.06060606060606055,0.9962797314004359,0.9188230071333267,133.37494355041932,0,1
650,case33bw,selection,7,20,204,6,0.9742686103670818,1.0068318196017805,0.030303030303030276,0.9052566823172571,0.9477311234250303,87.50027721617072,0,1
651,case33bw,selection,12,23,221,2,1.1358168502572312,1.0366994718661555,0.09090909090909094,0.49072708373621315,0.9912225616116068,77.36413842813324,1,1
652,case33bw,train,34,4,340,0,0.9940083710804201,1.0224532990631905,0.12121212121212122,0.9595937341760492,0.9503979816568914,70.52815453276061,1,1
653,case33bw,selection,59,2,218,4,1.0371666702737792,1.0371173127778253,0.12121212121212122,0.5712476568151906,0.999973523460334,39.221936401628426,1,1
654,case33bw,train,47,22,91,3,1.22779265826509,1.0176933098604948,0.1515151515151515,0.16856494374008352,0.9509456067010237,140.5809461364366,1,1
655,case33bw,calibration,27,2,203,0,1.1046001205857487,0.9906357489794754,0.1515151515151515,0.16417281856792326,0.9227635871288566,66.16939401836936,0,1
656,case33bw,train,21,6,126,3,0.7233708541412436,0.9767833519922665,0.0,0.15196269127336026,0.937251594482067,39.61199813129968,0,1
657,case33bw,train,55,8,39,2,1.0329050772144475,1.0274650128940563,0.09090909090909094,0.4001413728603674,0.9528294032728043,155.90444947046518,1,1
658,case33bw,test,22,23,288,2,1.0534606567862561,1.0258861247079163,0.0,0.763142034768791,0.9634992442877331,100.76325936935432,1,1
659,case33bw,train,21,4,315,6,0.8592140145688969,1.0185695711017888,0.09090909090909094,0.6834351147277918,0.9818244952069829,34.78964639281384,1,1
660,case33bw,train,55,2,349,3,1.2984186958613069,1.0137353805920475,0.06060606060606055,0.7167612864641829,0.95141817623463,111.76972959401776,1,1
661,case33bw,selection,12,1,61,2,0.8981591743604664,1.0114817729481387,0.12121212121212122,0.35572914564743113,0.9743002809879948,50.25725927158083,1,1
662,case33bw,test,39,10,359,5,1.078588368906251,1.0054232580433071,0.0,0.6544265744695937,0.8055594897795346,508.5493302425794,0,1
663,case33bw,selection,15,10,152,4,0.7378731579893548,0.9939621909011261,0.12121212121212122,0.17594240426897892,0.914597327053026,87.69361989350325,0,1
664,case33bw,selection,44,2,24,5,1.0668808765737143,1.0241283941723298,0.21212121212121215,0.3230333587030758,0.9545723347756185,117.07554235006252,1,1
665,case33bw,train,55,1,22,5,1.0246380297898778,0.9987237065298344,0.36363636363636365,0.8328256782765632,0.9459489840304369,79.54722595986003,0,1
666,case33bw,train,2,5,364,2,1.2176234621442799,1.0279886774007705,0.0,0.4675975173450543,0.9731365686457533,90.34520106772263,1,1
667,case33bw,train,3,22,41,2,1.266837434004729,0.9825117882778635,0.09090909090909094,0.15391834357209835,0.8734936137481971,292.9929825980107,0,1
668,case33bw,selection,44,21,365,4,0.8431716222803958,0.9916038202809988,0.12121212121212122,0.4618873245377979,0.9037942903218201,186.03258554219502,0,1
669,case33bw,train,24,19,218,3,0.983024464515807,0.9840343943973566,0.1515151515151515,0.29337296082087755,0.8321038001809787,190.4264958368882,0,1
670,case33bw,calibration,33,10,84,0,1.1783929838102993,1.0153828542519108,0.09090909090909094,0.8253002151889076,0.8469069608495368,366.6697992919219,0,1
671,case33bw,train,18,16,97,1,1.2671617212088901,1.035492081038478,0.030303030303030276,0.7103305134031216,0.9173477086488966,260.42856041696484,0,1
672,case33bw,train,45,6,91,1,0.7389335655457002,1.0324914764028792,0.21212121212121215,0.9209604233627484,0.9872246379776903,52.98745443555033,1,1
673,case33bw,train,47,15,327,3,0.9555989781716893,0.9888079822083397,0.1515151515151515,0.885394505657993,0.9274947614074867,140.36694226209823,0,1
674,case33bw,calibration,36,11,86,1,1.2739759889767353,1.0407635326204434,0.030303030303030276,0.33313583832137805,0.9207856490401731,371.3016054636051,0,1
675,case33bw,train,32,23,71,0,1.248823871555989,1.031474256744018,0.06060606060606055,0.3473807238681367,0.8685054557435959,283.10601258121716,0,1
676,case33bw,test,16,13,129,4,1.1073033492438298,1.0276958997743961,0.1515151515151515,0.11942708973913797,0.9156183279786309,191.90118124814344,0,1
677,case33bw,test,25,19,123,0,1.1977638027494142,1.034506149090437,0.06060606060606055,0.11087931490680634,0.8370520598499174,328.3067683789742,0,1
678,case33bw,calibration,36,1,40,5,1.1542113435546872,1.0087150252119417,0.030303030303030276,0.8942615031949571,0.9425300603365495,119.01727074456628,0,1
679,case33bw,train,49,21,243,0,0.8626438014833194,0.9788758381136289,0.030303030303030276,0.5704713947393638,0.9035846089174718,132.6190831424499,0,1
680,case33bw,calibration,33,7,66,4,0.8857156545410005,1.013783750934529,0.030303030303030276,0.7097673640297797,0.9176873646734358,121.7524980601436,0,1
681,case33bw,calibration,36,23,327,3,0.9075258903892509,0.9752555987172269,0.12121212121212122,0.7816230124459008,0.9089249661806496,114.32459442908424,0,1
682,case33bw,train,56,11,286,1,1.2713567241907207,1.038845348894944,0.06060606060606055,0.8651946770515652,0.9399188977710926,279.56797352742893,0,1
683,case33bw,selection,53,8,312,3,0.9072128923576953,1.0086060299514963,0.12121212121212122,0.3796265145681902,0.9572463522413903,97.09649828200642,1,1
684,case33bw,calibration,11,13,160,5,1.002691786876707,0.9916206991837025,0.030303030303030276,0.9200109452362273,0.9345765861471094,96.4981948846253,0,1
685,case33bw,train,18,12,34,6,1.1357093143929322,0.9825197460423032,0.030303030303030276,0.11708101787623354,0.8545187829084048,300.87799747354654,0,1
686,case33bw,train,18,13,100,1,1.0996907231874349,1.0439337010524954,0.09090909090909094,0.770099259640105,0.9296405367452039,236.61679009058906,0,1
687,case33bw,train,55,2,28,4,1.1237575277944358,0.9810348002690122,0.09090909090909094,0.53163175677471,0.9254769471669875,93.74811942417787,0,1
688,case33bw,train,54,20,82,0,0.840199834363613,0.9991964413205752,0.09090909090909094,0.33122997555001366,0.9394003031156022,105.91284818451577,0,1
689,case33bw,train,47,14,278,0,0.7906635792881034,1.037923931914615,0.09090909090909094,0.935605417991351,0.9941066827076717,69.21259574461409,1,1
690,case33bw,test,17,5,205,2,0.8933333517033247,1.018464336316842,0.09090909090909094,0.8209558693125836,0.968696992065036,42.25514744189056,1,1
691,case33bw,selection,4,12,310,4,0.8159297069040956,1.035772630581703,0.09090909090909094,0.3988885590115163,0.9523255226460818,162.33365894655057,1,1
692,case33bw,train,45,4,270,2,0.9819892801743202,0.9969810918407027,0.09090909090909094,0.9119584682979563,0.9459659302115724,64.72393431830852,0,1
693,case33bw,train,54,5,284,2,0.9628816834248564,1.03669098692911,0.0,0.3498395517114578,0.9969809107113513,47.85514605450883,1,1
694,case33bw,test,16,9,125,4,0.989686570534057,1.0304474445612404,0.030303030303030276,0.8309612660123191,0.9299131950703712,155.4351443207006,0,1
695,case33bw,train,24,9,62,5,1.089558214211688,1.0195779271533634,0.0,0.8784772166254275,0.7978836487109319,396.82519482883646,0,1
696,case33bw,train,54,21,117,2,0.7764096615953038,0.9845237178376162,0.09090909090909094,0.307598535208305,0.9328252308933023,75.48868426277696,0,1
697,case33bw,calibration,28,12,193,5,0.9167604509178158,0.9969196739558238,0.030303030303030276,0.7781161009677585,0.9160630473820324,105.05216648287718,0,1
698,case33bw,train,45,3,299,5,0.8544680326114551,1.012705231145626,0.06060606060606055,0.7670041697210795,0.972315949674677,40.78175919587605,1,1
699,case33bw,train,34,10,190,1,0.9947111394078082,1.015806097417578,0.12121212121212122,1.048175809070307,0.9127548528935899,148.46727958191735,0,1
700,case33bw,selection,12,16,126,3,0.7410642180656642,0.9860575647354632,0.09090909090909094,0.8399427090501582,0.945748183463015,56.740663219974465,0,1
701,case33bw,calibration,33,2,239,3,1.093336217429745,1.023236404449103,0.030303030303030276,1.0798671595675366,0.9486802117649299,73.00720057847127,0,1
702,case33bw,train,55,1,256,2,1.1869507291674601,1.0225668812665127,0.12121212121212122,0.3557999971040843,0.9705363406906039,76.28673802422624,1,1
703,case33bw,selection,7,5,46,0,1.269735941865721,1.034452856747025,0.1515151515151515,0.5450141611467861,0.9626808563784379,128.27740265799446,1,1
704,case33bw,train,0,2,144,4,0.7543118989351777,0.9821546550504913,0.09090909090909094,0.5805471763985067,0.9482607592503732,32.88176013855715,0,1
705,case33bw,train,3,17,159,2,1.054094038601595,1.0309396337117942,0.12121212121212122,0.7397093527650823,0.9572087985128974,131.5677912677218,1,1
706,case33bw,train,37,19,126,2,1.0330710379751158,1.0027918171203145,0.0,1.0332620131851487,0.8143106805963699,491.05926622764684,0,1
707,case33bw,selection,7,5,351,3,1.219186509122496,0.9982980482877384,0.06060606060606055,0.522711367767631,0.9289545471715304,121.88766980682527,0,1
708,case33bw,test,5,7,269,4,1.1411122118220676,0.9778348296888303,0.030303030303030276,0.21112140844468325,0.6190733683212796,1193.672832635182,0,1
709,case33bw,train,48,11,57,3,1.0077766024697057,0.9867877800474801,0.06060606060606055,0.5022693371637289,0.9120757174360682,200.507204475748,0,1
710,case33bw,calibration,42,7,314,6,0.7626123773776122,0.980248933127432,0.21212121212121215,0.3247558554329473,0.9382451053259587,51.89192893110489,0,1
711,case33bw,test,52,6,295,4,1.139469674194682,1.0154012902764264,0.12121212121212122,0.21960676399762566,0.9044798448652427,164.94384430153468,0,1
712,case33bw,test,52,19,12,1,1.0405887009381434,1.0082164317534745,0.0,0.9185524501375879,0.8589878500070239,307.78498409215507,0,1
713,case33bw,test,19,2,110,6,1.1636843902693825,1.0297073242382149,0.030303030303030276,0.7065712219115353,0.977659760190015,58.50646887469193,1,1
714,case33bw,train,1,19,269,6,1.0945210844397129,0.9999066352940809,0.18181818181818177,0.7637913770273209,0.9452320882880634,92.02786883159683,0,1
715,case33bw,train,3,2,158,6,1.0666307029914066,0.9784184791481899,0.1515151515151515,0.24917430137539656,0.9307932731309563,54.13142858286631,0,1
716,case33bw,train,3,19,118,3,0.8332957381129021,0.9768519050743107,0.06060606060606055,0.6320399083183501,0.909872634892526,110.42714962669702,0,1
717,case33bw,test,19,15,193,6,1.1592163398208601,1.0241655243848333,0.1515151515151515,0.16571991294085625,0.9419888021883259,143.01597473044407,0,1
718,case33bw,test,39,8,262,2,0.7707654525626431,0.978669519779326,0.18181818181818177,0.8734131009585632,0.8851889398960615,115.99109572106963,0,1
719,case33bw,selection,15,20,316,4,0.7528080624836421,0.9977609518057697,0.0,0.37460878017890625,0.9159122920539703,101.834901337032,0,1
720,case33bw,calibration,33,10,328,4,0.8584420195717505,1.0033054916051756,0.1515151515151515,0.8543446183670775,0.8859089492995266,177.6069026348899,0,1
721,case33bw,test,17,4,158,3,0.7518905581896889,1.0236860033501654,0.06060606060606055,0.8806973021784377,0.9827548656471397,28.828857486723514,1,1
722,case33bw,calibration,11,20,32,3,0.9373816183467054,1.0135094434790217,0.0,0.22492104106506874,0.9520223557766531,123.71138592245075,1,1
723,case33bw,selection,7,16,58,0,1.0063153973052548,0.9808040506349811,0.06060606060606055,0.738946066371167,0.8909391035605347,205.5762441902104,0,1
724,case33bw,train,3,21,109,5,0.7502038408921387,0.9755389715839111,0.18181818181818177,0.21003851570223622,0.9200133391458766,72.85239121141608,0,1
725,case33bw,train,1,22,297,4,1.2224708700479936,1.041205477910082,0.030303030303030276,0.7112892187107733,0.9797117338898929,114.39748831293164,1,1
726,case33bw,train,48,15,127,4,0.814849746455042,1.0380828038794723,0.1515151515151515,0.5854697423214928,0.9901573505041846,77.10028054199094,1,1
727,case33bw,train,31,19,333,4,0.8236284725749885,0.9855283256890875,0.1515151515151515,0.38000063356850405,0.8483907058142472,175.55083514215193,0,1
728,case33bw,calibration,36,3,109,5,0.7763783077097368,1.0373445355898574,0.24242424242424243,0.7251744672249695,1.0029575005203604,30.8146853071067,1,1
729,case33bw,test,16,3,364,5,0.7406447932957618,1.0216250796711073,0.06060606060606055,0.16641890088225508,0.9710723754562058,40.901613384608524,1,1
730,case33bw,test,5,7,144,5,1.2634715104134737,1.042269767723098,0.0,1.147931367622272,0.7609770345869362,733.4379657545642,0,1
731,case33bw,train,34,19,343,2,0.8290267853244434,1.0181186966036606,0.09090909090909094,0.15521792353058694,0.9183752612898543,134.07890777577433,0,1
732,case33bw,test,25,5,6,4,1.2885911729127468,1.0115287337186778,0.09090909090909094,1.2185029037046722,0.8360759690929493,266.71574952420275,0,1
733,case33bw,train,24,17,87,3,1.0696839797812772,0.9974807130444316,0.09090909090909094,0.39186795063312096,0.7865845859449195,361.72099973085204,0,1
734,case33bw,train,24,1,308,1,0.8227282861297701,1.0195303857954134,0.030303030303030276,0.13101133682771368,0.9193531211233454,85.48898626264176,0,1
735,case33bw,test,16,7,223,5,0.9881929692985769,0.9917016537415728,0.0,0.1715951727893595,0.9219362477506551,77.1989259667705,0,1
736,case33bw,test,25,20,25,1,1.069065509453908,1.037950551264217,0.0,0.805980272274267,0.829528075598602,362.59760089922037,0,1
737,case33bw,train,49,1,255,5,0.7369874810857658,0.9778048446499803,0.030303030303030276,0.15169233176648242,0.9336764976820211,47.14277080143174,0,1
738,case33bw,train,45,21,327,2,1.2239793128665808,1.0176623714996564,0.12121212121212122,0.2642220393272506,0.9201396133096102,243.26398208819293,0,1
739,case33bw,selection,4,19,88,0,0.9796436772938002,1.0267335910776776,0.09090909090909094,0.4763925630755968,0.9386576022043326,188.41946769223082,0,1
740,case33bw,train,48,5,235,0,1.1356238154262617,1.0056620745365035,0.21212121212121215,0.6033525710681638,0.9646544882242878,59.57435168644058,1,1
741,case33bw,train,57,8,251,6,1.1557559906991963,1.008159818457899,0.12121212121212122,0.7247060197792319,0.9449857385895007,118.39519753137303,0,1
742,case33bw,calibration,43,20,258,1,0.8497077098463416,1.0022295302693929,0.06060606060606055,0.13943313682992772,0.9585733741599413,59.47735737358913,1,1
743,case33bw,calibration,29,23,312,5,1.2831908538158694,0.9875741311564114,0.12121212121212122,0.16122052291155511,0.9061261336484111,155.71153510826338,0,1
744,case33bw,calibration,27,8,268,3,0.7445976343201881,0.9824366279654244,0.1515151515151515,0.6178763136170723,0.9115022539212854,69.19644265128622,0,1
745,case33bw,test,52,17,273,5,0.7737605358789331,1.0160388600048778,0.0,0.4111211024255315,0.9321334943195441,90.98356323137827,0,1
746,case33bw,selection,53,0,289,6,1.2208146673747782,1.0137914769116931,0.030303030303030276,0.3993728754881635,0.9635119687736949,91.46759621019338,1,1
747,case33bw,calibration,41,13,286,6,0.7220202523648637,1.0446584207716967,0.06060606060606055,0.7069643718276437,0.9561647612121269,105.37433321127043,1,1
748,case33bw,train,48,1,82,4,0.8900322754065311,0.9770949171778706,0.0,0.3974055094037507,0.9356580379243145,58.16032314971503,0,1
749,case33bw,calibration,41,9,361,0,1.1739923184658858,1.0160712421242888,0.09090909090909094,1.0618703296606111,0.8154889621477462,521.2962767352584,0,1
750,case33bw,train,24,18,188,5,1.2110055055344402,1.0095850642173503,0.030303030303030276,0.38804818459926793,0.8324441362200069,257.8245882061988,0,1
751,case33bw,train,55,1,264,0,0.7812192170100958,0.98722291996361,0.030303030303030276,0.6804710793618057,0.9533602656576119,33.5351358582138,1,1
752,case33bw,train,47,1,1,2,1.0832717249652228,1.0324657180232009,0.1515151515151515,0.7236633335706093,0.9840618626082395,84.17620373731623,1,1
753,case33bw,selection,4,19,272,6,1.0886738221994445,0.9762201365358425,0.030303030303030276,0.915326362496701,0.8911269115172128,166.21024320498887,0,1
754,case33bw,train,24,1,242,0,1.167382945050032,1.0249092222405438,0.09090909090909094,0.358248238781636,0.8887168623660368,154.35527609752145,0,1
755,case33bw,train,30,1,226,5,0.768520688409156,1.0235809861287128,0.06060606060606055,0.5746738325773061,0.934806240553451,62.15699519700562,0,1
756,case33bw,train,37,19,73,5,1.0806349252461414,1.0072308368118157,0.0,0.4928698541712189,0.8004293510316913,588.6294900317173,0,1
757,case33bw,test,5,23,341,6,0.8387959466473255,1.0303230071240073,0.18181818181818177,0.5813768940477084,0.8255019844248618,383.3284160898595,0,1
758,case33bw,train,3,0,344,2,1.204202332157481,0.9860293771053125,0.0,0.5244905699160977,0.8968135665120717,193.6716390804265,0,1
759,case33bw,train,9,14,238,6,1.0569379388137423,0.9909816789409819,0.1515151515151515,1.0737353415955666,0.8028809902932554,317.68727753832894,0,1
760,case33bw,train,31,5,203,3,0.8309960311227665,0.9923553897106079,0.030303030303030276,0.10934242448598086,0.9130614226933266,58.43617709521806,0,1
761,case33bw,calibration,33,22,236,6,0.8138140997876696,1.0392494810694217,0.18181818181818177,0.7498413807328119,0.9750261494582754,54.48962993526048,1,1
762,case33bw,test,5,1,328,2,0.9677405620881896,0.9959196091500334,0.18181818181818177,1.1637258030268458,0.7616396205371004,509.96459733833444,0,1
763,case33bw,selection,12,10,281,0,0.9166511520084004,1.000527625505237,0.12121212121212122,0.799678463977163,0.9410531204276511,119.60172263707669,0,1
764,case33bw,train,47,19,111,6,1.222563590592395,1.0224636818544113,0.06060606060606055,0.5436602142045951,0.9604476339214537,137.47580170829016,1,1
765,case33bw,train,34,8,254,4,1.1746825364217743,1.0438338630187867,0.303030303030303,0.5795582731079622,0.9313076318069382,173.44305888416307,0,1
766,case33bw,selection,44,20,303,1,1.188344846119025,1.0110353838637072,0.09090909090909094,0.8480634507648404,0.8987934225048,303.93788740063604,0,1
767,case33bw,test,16,12,288,4,1.1604959254885987,0.9997133489810536,0.18181818181818177,0.8779550525682263,0.8528401837191799,336.4808055123332,0,1
768,case33bw,test,22,1,179,6,0.9780939958673764,1.040092737856968,0.21212121212121215,0.2597440677608783,0.9973781236611038,45.897811492094576,1,1
769,case33bw,train,55,4,59,4,1.1377019097961676,1.040179811665616,0.09090909090909094,0.7720178654143375,0.9889104593595808,75.87489184753503,1,1
770,case33bw,test,5,18,250,0,1.1863299550914777,0.9865406556124734,0.09090909090909094,0.16516388799137643,0.5866400353775256,1476.614785933827,0,1
771,case33bw,calibration,33,13,197,4,1.1862620218769764,1.033108594862375,0.06060606060606055,0.8716829649321205,0.9042621680486038,211.19542048555593,0,1
772,case33bw,test,52,21,60,1,1.2097599546918474,1.0227609424682984,0.1515151515151515,0.2209217274079539,0.850488689588119,391.1629320152058,0,1
773,case33bw,train,35,14,128,1,1.0470330491709794,0.9859594935745202,0.0,0.810736319810306,0.9030900754313848,188.86427240465636,0,1
774,case33bw,train,10,22,240,0,1.079211348378508,0.9949069612171312,0.12121212121212122,0.1599063788696753,0.8351303761782112,229.77669100490024,0,1
775,case33bw,train,47,20,186,5,1.0793054718044883,1.0090671096902577,0.21212121212121215,0.501193247757349,0.959816770162339,78.62549305251318,1,1
776,case33bw,test,5,9,22,6,1.116109319308538,1.0334412504042247,0.12121212121212122,0.6471625047425278,0.686483469088826,1159.3298453586278,0,0
777,case33bw,calibration,36,7,328,6,1.2402024761572983,1.0142551713316252,0.09090909090909094,0.5659492552095864,0.9296895218641132,201.52057389794265,0,1
778,case33bw,train,30,17,321,2,0.9852860544639079,0.9750604187363384,0.06060606060606055,0.38899596931105995,0.749156498867957,389.70052333498955,0,1
779,case33bw,train,14,20,34,2,0.9144855039023023,1.0313313339980987,0.12121212121212122,0.27507661636349084,0.9771058253391887,90.94480833871287,1,1
780,case33bw,calibration,11,4,213,3,1.0374501255895074,1.0324001915199497,0.24242424242424243,0.646552849076715,1.0003587514174017,36.769997941359755,1,1
781,case33bw,train,31,21,9,0,1.0101342639858502,0.990678687745258,0.030303030303030276,1.0670014613825443,0.8031451356563724,332.2114404499368,0,1
782,case33bw,selection,53,8,66,1,0.7719934503292384,0.9897277239356365,0.12121212121212122,1.015761127635962,0.9394733153182072,89.76903701142068,0,1
783,case33bw,train,18,16,183,4,0.7293335350480638,0.9996151604021485,0.030303030303030276,0.24398535102177074,0.9405643542180449,62.79535187656121,0,1
784,case33bw,train,34,15,142,0,1.111586585213479,0.9774230310781968,0.0,1.0230653095533833,0.8532742902150792,212.41329601579017,0,1
785,case33bw,train,1,6,280,6,1.211265648953488,1.0138990639114287,0.030303030303030276,0.332242565134354,0.9661959317081028,70.11804640888508,1,1
786,case33bw,train,24,7,251,5,0.8293144570031753,0.994346060505282,0.09090909090909094,0.8965041785573307,0.8944848074453289,84.63334992209437,0,1
787,case33bw,selection,15,7,97,1,0.9868313444129599,0.9763187709144222,0.1515151515151515,0.7607936821504164,0.8757799726738348,146.85378111363082,0,1
788,case33bw,train,37,11,292,5,1.1298421853498788,1.0192726542834525,0.12121212121212122,0.6346225367133757,0.7584460263918257,948.4034796792009,0,1
789,case33bw,train,1,4,121,0,1.2846220266080992,1.0129292233729272,0.0,0.772418576941165,0.9666230652106361,64.08159604350459,1,1
790,case33bw,test,39,18,155,5,1.1096045317742198,1.0238792946185438,0.030303030303030276,0.9000393022504957,0.9000967975319235,202.0048217979077,0,1
791,case33bw,calibration,29,13,84,4,1.0519113956766397,1.021270412427661,0.24242424242424243,0.3350285988027342,0.9285107638973509,206.51571635397602,0,1
792,case33bw,train,26,5,63,6,1.2671349081654129,0.9870239266873658,0.09090909090909094,0.2418946220127144,0.8579747822790121,155.21549604031733,0,1
793,case33bw,train,23,19,36,5,0.7544753730867376,1.0089569295965781,0.0,0.62593737117633,0.8676526796081406,161.69882758218858,0,1
794,case33bw,train,0,9,173,2,0.9926935865343952,0.9928997584490914,0.12121212121212122,0.5220254714104121,0.9246366656924483,130.78343000486126,0,1
795,case33bw,train,50,23,333,3,1.0271626412622628,0.9917863717708267,0.030303030303030276,0.3913349434531792,0.8553146340190213,248.02347779575908,0,1
796,case33bw,selection,12,23,287,3,0.8736362262148881,1.0326032514671581,0.0,0.8841177243234384,0.9941959874585662,51.65255814200339,1,1
797,case33bw,test,22,8,185,3,0.9592438809115105,0.9942381685461527,0.030303030303030276,0.2597274239275936,0.9327258682178662,98.74965008701304,0,1
798,case33bw,test,52,15,339,1,1.2489674886722697,1.0423064578214658,0.12121212121212122,0.4316064654246289,0.850114281856684,478.3304222026807,0,1
799,case33bw,train,45,23,43,1,0.8480008926228558,0.9923677330114629,0.030303030303030276,0.2907888865200023,0.925312017353093,111.48889371209852,0,1
800,case33bw,train,48,14,280,5,1.0294397604483483,0.9843162795104633,0.1515151515151515,1.0506624402839049,0.922757020910099,120.20869787319543,0,1
801,case33bw,train,2,1,291,5,0.8231246553357777,1.0418804569775193,0.09090909090909094,1.332637311851829,1.0129517205275607,26.340517096746318,1,1
802,case33bw,train,40,18,116,2,0.7387413683578429,1.0396614369795947,0.1515151515151515,0.6002113050923551,0.9532220207276684,99.32561178006175,1,1
803,case33bw,test,52,15,220,1,0.8512034744414906,1.0082342720006081,0.12121212121212122,0.08021973312205738,0.9070425524329857,135.90081414912058,0,1
804,case33bw,selection,53,22,169,4,1.1562813872621411,0.9946247491054914,0.06060606060606055,0.4092820679857954,0.9398522896644702,108.53075209631442,0,1
805,case33bw,train,48,10,110,6,1.0282957360382383,1.0319751099082386,0.12121212121212122,0.3601730659676741,0.9701865825994284,129.11007961887702,1,1
806,case33bw,test,19,10,323,5,1.0550922161087772,1.0366460349503228,0.24242424242424243,1.1928373742106433,0.9393849597797278,197.3144956423557,0,1
807,case33bw,train,38,8,239,0,0.8472587956637935,1.0284054870336943,0.1515151515151515,0.15559019301641924,0.9765966604443678,70.99137828830483,1,1
808,case33bw,train,34,4,25,4,1.2917438206831104,1.0013089051887731,0.030303030303030276,0.1412811848682922,0.8972549910872963,147.57178635101596,0,1
809,case33bw,train,38,14,354,6,0.8829967717390524,1.0122291385399385,0.1515151515151515,0.4936177796538898,0.9400891009436698,144.5485796122743,0,1
810,case33bw,train,3,15,275,0,0.9183282448260611,1.025199144009922,0.09090909090909094,0.3065987140056547,0.954191204197604,119.65343709232914,1,1
811,case33bw,train,18,13,57,2,1.2873546396635256,0.9868776575310495,0.06060606060606055,0.7416804476539417,0.8305140067991597,427.0432322955609,0,1
812,case33bw,test,58,23,176,0,1.2683352459785273,0.9864484452075134,0.0,0.14209854092857457,0.9154873589690595,135.7237803300019,0,1
813,case33bw,train,1,20,312,4,1.0784301964975396,1.0180331448336053,0.09090909090909094,0.6934367572386695,0.9535752546363336,125.23001579026256,1,1
814,case33bw,train,23,3,249,6,0.9265008901792504,1.0234585037364918,0.0,0.37056653685779134,0.9402590983235585,58.522445122298734,0,1
815,case33bw,train,10,2,67,2,1.172951522812391,0.9971684061505386,0.030303030303030276,0.9026372140256139,0.8295322787015151,248.49354491026372,0,1
816,case33bw,selection,44,9,99,3,0.8699515825099277,1.0284635380501999,0.1515151515151515,0.23447450963707894,0.9398794924431387,188.87556300191065,0,1
817,case33bw,train,26,22,348,0,0.8408242521419964,1.0301604847594095,0.303030303030303,0.8317818642400338,0.8974331358763826,155.83299558070843,0,1
818,case33bw,calibration,11,1,83,4,0.9460088078642674,1.0343543344647932,0.12121212121212122,0.48813534528806546,0.9923668543959187,53.38286922442825,1,1
819,case33bw,train,55,19,129,2,1.2658297659969535,1.0405993615119866,0.18181818181818177,0.32288181319281717,0.9588273061664527,189.3876192928249,1,1
820,case33bw,train,14,5,227,1,0.9100625649213674,1.0314120474404285,0.0,0.7157025176263009,1.0003757667626805,29.584584660143015,1,1
821,case33bw,train,38,23,112,4,1.2582708135490412,1.0344236197284877,0.09090909090909094,0.20942684358344038,0.9560152583503455,166.24070930163882,1,1
822,case33bw,train,45,10,232,4,0.9384076440360433,1.0263596924304463,0.030303030303030276,0.4558855239598817,0.9521686953021035,143.66057780078197,1,1
823,case33bw,selection,15,20,68,1,0.8722095550902617,0.9788750482342017,0.12121212121212122,0.5899306256836878,0.8796396915687472,139.46805713014808,0,1
824,case33bw,train,1,20,263,3,0.7818554670984487,1.0055325781342763,0.0,0.9067711412444704,0.9615249642246801,55.15017398010093,1,1
825,case33bw,train,54,12,100,1,1.0976807105526558,1.010636258949905,0.12121212121212122,0.8337932158120868,0.9173520396994195,248.05677117913442,0,1
826,case33bw,test,22,16,228,5,1.1582648418846302,1.040428610309116,0.09090909090909094,0.1235522201710737,0.9746446440970842,113.68035792752232,1,1
827,case33bw,selection,53,18,44,1,1.2151145690887413,0.976507437950059,0.18181818181818177,1.0470392161435278,0.8916665995136364,255.4642448269908,0,1
828,case33bw,selection,53,17,171,1,0.7971576401304714,0.9774646054853704,0.1515151515151515,0.47671485247899936,0.9376759188729286,58.03808386258293,0,1
829,case33bw,calibration,28,3,39,6,0.8900075442266143,1.0387232684542007,0.0,0.5430560844272705,0.9874034855503385,44.419719913724066,1,1
830,case33bw,calibration,27,22,36,1,1.2865167498510863,1.0156463283866404,0.18181818181818177,0.5946600721327494,0.8608714271028907,327.5915896126727,0,1
831,case33bw,calibration,43,9,71,3,0.9474814439771795,1.005769814813063,0.18181818181818177,0.4122847021402719,0.9455590940159271,124.4307796339698,0,1
832,case33bw,calibration,42,9,285,3,0.9871435889868536,1.0397916004891594,0.18181818181818177,0.49559105198401626,0.9753085593031047,106.38876788093839,1,1
833,case33bw,calibration,42,1,128,2,1.2511994131662283,1.0021763993340764,0.06060606060606055,0.36241057425367307,0.952002340664733,71.46832478409056,1,1
834,case33bw,test,52,2,28,5,1.181368419416475,1.0125465362553003,0.12121212121212122,0.663715978108251,0.9111547338452559,138.42677710939068,0,1
835,case33bw,train,2,17,364,3,0.8093215915054057,1.0435121347445122,0.18181818181818177,0.8747604894724044,0.9916304192601922,80.27728056940155,1,1
836,case33bw,selection,44,5,228,1,1.0319364292586364,1.0429676781159543,0.09090909090909094,0.7589692016752171,0.9825108539784897,86.90115070102318,1,1
837,case33bw,test,16,22,250,2,0.7650188409160389,1.0364360597604243,0.09090909090909094,0.3851158312945814,0.9765527145800804,57.765528821239215,1,1
838,case33bw,selection,44,19,93,6,0.8198856837030378,0.9973860834075001,0.18181818181818177,0.3778323607219769,0.9274988264910815,118.42190579425164,0,1
839,case33bw,train,45,22,11,1,1.1745579031252225,1.0422206232439588,0.1515151515151515,0.21294064099756438,0.946219832990877,236.41159207545059,0,1
840,case33bw,train,54,6,135,0,0.9541252667332264,1.0406689636844624,0.12121212121212122,0.5787739030013618,0.9956713327270272,58.85946188163502,1,1
841,case33bw,selection,12,15,304,2,1.0411965652891266,1.021729598762844,0.12121212121212122,1.0537646878907387,0.9625681121200388,126.14864541146027,1,1
842,case33bw,train,0,11,42,2,1.0538067587524684,1.012995649102743,0.12121212121212122,0.09869599924130354,0.917965561585265,242.92815036359067,0,1
843,case33bw,train,3,12,199,1,1.294168255700421,1.0428924191793505,0.06060606060606055,0.7629976523798836,0.9397107096300596,243.09580252275285,0,1
844,case33bw,selection,7,9,103,6,1.0464721623128976,1.0283423817701993,0.1515151515151515,0.8241911615937638,0.947777878368663,167.71582382418137,0,1
845,case33bw,train,3,8,202,0,1.033743163805929,1.0151647996205806,0.06060606060606055,0.4707508650984036,0.9428245759492927,127.57043786069904,0,1
846,case33bw,train,3,4,346,4,0.7543131397327655,0.9944261472511502,0.09090909090909094,0.14163749097547892,0.950450350662357,44.96817165072449,1,1
847,case33bw,test,19,15,364,3,0.9967733446679928,0.9907725974682459,0.030303030303030276,0.9155908483579762,0.8906050800848617,209.48400484785412,0,1
848,case33bw,selection,20,22,69,2,0.9514879915526929,1.0137150062815887,0.030303030303030276,0.9040181488853378,0.9436278270599969,111.42489541573427,0,1
849,case33bw,selection,4,6,154,1,1.2501709611773546,0.982020562192363,0.12121212121212122,0.42554138369048095,0.9031016930242425,143.945798373203,0,1
850,case33bw,train,54,17,343,6,1.0582960153447265,0.9929630712414792,0.12121212121212122,0.10881415831720614,0.9169078800213336,160.95510652064397,0,1
851,case33bw,train,23,0,113,1,1.2355855512063545,0.9929783392561562,0.1515151515151515,0.45150336200561075,0.801457597921895,288.468149338813,0,1
852,case33bw,train,40,6,51,1,1.0117034469988602,1.004781610665708,0.030303030303030276,0.2521376241119453,0.8926420099432316,166.38906306833664,0,1
853,case33bw,train,14,23,188,1,0.8809810727691385,1.0407693155891262,0.0,0.627558454251182,1.0057608100838784,39.61832316230842,1,1
854,case33bw,calibration,36,1,83,1,0.899782676949544,0.9966407521140312,0.24242424242424243,0.42872981257221,0.9396301629775472,80.22323635955733,0,1
855,case33bw,calibration,29,20,90,1,1.1678840761747569,0.9881746463039255,0.09090909090909094,0.9536136579045461,0.8924413590336283,192.41482549114815,0,1
856,case33bw,train,9,19,125,3,0.9817202178828792,0.9875343137461723,0.24242424242424243,0.6844318125322699,0.8014697688393517,307.5102349602965,0,1
857,case33bw,selection,12,15,177,0,1.0989827168237003,1.0117919752380242,0.18181818181818177,0.9378304615204839,0.9553904254230515,109.27088261082909,1,1
858,case33bw,calibration,11,21,42,4,1.1180473432739237,1.0114311309895772,0.1515151515151515,0.26341142223884734,0.9385724024197695,172.53988450513313,0,1
859,case33bw,train,54,3,38,6,1.21260638059654,0.9823503100253393,0.0,0.3960443711145118,0.925844029539903,91.82224684106929,0,1
860,case33bw,train,2,2,212,5,1.1540883858513435,0.9799283549667648,0.1515151515151515,0.9431186579739005,0.9426236879354112,40.530209584937886,0,1
861,case33bw,train,2,18,362,5,1.1593207617503425,1.0081163828797206,0.1515151515151515,0.8746912792557545,0.9410977499380649,132.9456830597357,0,1
862,case33bw,train,14,5,314,4,1.096828819360956,0.9842690764934234,0.09090909090909094,0.6833793053391618,0.932021785472094,75.83703206215574,0,1
863,case33bw,calibration,42,12,357,6,1.1910159735767356,0.9885983905777822,0.12121212121212122,0.13570310177644873,0.8980051898404227,236.2352296384064,0,1
864,case33bw,calibration,28,7,90,0,1.1372916198647414,1.002455684427001,0.030303030303030276,0.22557193081979382,0.9061304077016314,155.21137649261397,0,1
865,case33bw,train,23,20,49,2,0.9168561077533718,0.994479536176152,0.24242424242424243,0.5920520112616072,0.8115685946011206,276.1863945484371,0,1
866,case33bw,train,55,0,308,2,0.7594020266498523,0.9975592717138002,0.0,0.13918651486545378,0.954815493247573,50.87527135527058,1,1
867,case33bw,test,52,12,32,1,1.1110444774795958,1.0204841523946808,0.030303030303030276,0.5382036217032844,0.820575793575947,539.1851976572685,0,1
868,case33bw,train,2,20,129,1,1.1552977837152656,0.9930099306796866,0.1515151515151515,1.1588720136126132,0.92898310264537,121.6209760908302,0,1
869,case33bw,calibration,27,7,293,1,0.9915041812577277,1.0067533017416819,0.09090909090909094,0.6829570697348913,0.9165611313501569,112.46748621531552,0,1
870,case33bw,test,17,2,65,5,1.024128582082736,0.9782506095726685,0.0,0.5961003913143986,0.9175927457822898,64.35386366479531,0,1
871,case33bw,test,58,0,94,2,1.1570188674690198,0.9884941213738181,0.21212121212121215,0.4206244649302432,0.9199886848162839,133.96011810154218,0,1
872,case33bw,calibration,41,9,154,1,1.2762036883070007,1.0409954165060622,0.06060606060606055,0.1269061957789704,0.8877326056851084,315.50888866699165,0,1
873,case33bw,selection,12,5,6,4,0.7401430634712864,0.9803694664337027,0.030303030303030276,0.7427913145988543,0.9470370657016465,37.863202842807745,0,1
874,case33bw,test,17,3,219,4,1.2279580748291103,0.9889038383280044,0.030303030303030276,1.1024987971343183,0.9239956671581266,72.56839490262922,0,1
875,case33bw,test,17,14,37,0,0.8363971037761391,1.023922401778839,0.12121212121212122,0.8970991091416862,0.9330205142634544,140.8288047374026,0,1
876,case33bw,train,13,7,202,5,1.1749273808147613,1.0056073221373176,0.030303030303030276,0.7601229163913887,0.959077208245694,72.70639376340631,1,1
877,case33bw,calibration,33,2,201,1,1.1838222566965477,0.9874708188223504,0.09090909090909094,0.44134699073984646,0.9074871020216857,83.95877546402181,0,1
878,case33bw,train,3,20,194,2,0.9724110511667504,1.0426449006573486,0.21212121212121215,0.2991168938133466,0.9778740146426692,101.93056210036347,1,1
879,case33bw,selection,8,18,289,5,1.1580289098326726,1.020222056148258,0.0,0.2822050650496654,0.8265057959272324,338.1520658119773,0,1
880,case33bw,train,45,6,190,1,1.029089700326407,1.0204026963014734,0.09090909090909094,0.6675996068533204,0.9669481322366708,74.80653311122794,1,1
881,case33bw,calibration,27,7,308,2,1.0068545889484457,0.9918269686032075,0.09090909090909094,0.47065229401528896,0.8965583467653997,126.97822652668478,0,1
882,case33bw,train,9,13,59,2,1.002058345545522,0.9897718005403989,0.06060606060606055,0.10575864791249175,0.7237444914179813,614.5327412761633,0,1
883,case33bw,selection,8,3,234,2,1.2716203638756909,1.0257035675963726,0.18181818181818177,0.5270190848413789,0.88380451318988,179.2148854432693,0,1
884,case33bw,train,50,7,2,3,0.9822910015122236,0.9871137019079159,0.030303030303030276,0.21949638308478836,0.8487272911632064,250.81194910996413,0,1
885,case33bw,selection,4,13,119,4,0.7238003904380987,1.0145636028010316,0.0,0.16518488955169963,0.9495363649312135,101.98292074204988,0,1
886,case33bw,train,40,17,108,6,0.8374946844609378,0.9939982590059968,0.0,0.490377745344232,0.894131801634281,130.84727003424624,0,1
887,case33bw,train,2,5,312,4,1.2286577477649943,1.0387320291411126,0.09090909090909094,0.4926006058700161,0.9903493903532694,70.12568220878057,1,1
888,case33bw,train,49,5,221,0,1.0873211756145358,1.0365717978453326,0.030303030303030276,0.6348214703155666,0.9727698191162752,97.0987156384139,1,1
889,case33bw,train,23,17,121,5,0.9905847702647723,0.9764084709557103,0.09090909090909094,0.36502652228071103,0.7897489365859397,276.12751908812123,0,1
890,case33bw,train,26,0,174,1,1.2324158840320107,1.0218198262090683,0.06060606060606055,0.535183720866518,0.8867558767398682,161.15588725282197,0,1
891,case33bw,train,14,17,102,0,0.8055813661071608,1.0392521569246331,0.030303030303030276,0.43073566035969035,0.9938838119117742,62.94279834122876,1,1
892,case33bw,train,49,1,337,6,0.9505981070172228,0.9857848519154115,0.09090909090909094,0.30404889948454933,0.9171717834724097,111.81509992614038,0,1
893,case33bw,train,35,15,56,5,0.790633536484902,1.0160004022833293,0.0,0.6251199554367192,0.9493193989919728,114.89507073947325,0,1
894,case33bw,test,58,4,52,2,1.1543786033204464,0.9892919169185843,0.09090909090909094,0.8913884680583937,0.9334990619705902,86.19730479313695,0,1
895,case33bw,train,40,0,252,6,1.0872684432367954,0.9901907184813693,0.030303030303030276,0.9100243418695657,0.8926017960562413,125.67135675301788,0,1
896,case33bw,selection,53,9,21,3,1.183888565642687,1.0191884962525182,0.0,0.1511827185565702,0.9407059333929056,229.67779961334952,0,1
897,case33bw,train,50,22,179,3,1.2763013684467943,1.026731954244891,0.030303030303030276,0.431815287727926,0.8876457088425249,263.81038425735346,0,1
898,case33bw,selection,53,11,23,1,1.2693830931132584,0.9895164194453051,0.06060606060606055,0.8982304475418875,0.8895138821877356,374.69566275164414,0,1
899,case33bw,test,19,3,72,5,1.20954872470623,0.9932142002205797,0.09090909090909094,0.5555330399699251,0.9299255199231287,83.50154261499425,0,1
900,case33bw,selection,8,0,337,6,1.190857926085913,1.0042082817715596,0.12121212121212122,0.5833802868392217,0.8097684079978646,330.7860580816189,0,1
901,case33bw,train,40,10,316,5,1.2825515059025006,1.0125501986477066,0.030303030303030276,0.4349456226576829,0.8142865803466827,507.43926251221325,0,1
902,case33bw,test,52,15,53,1,0.734535342036069,1.0169928852570878,0.09090909090909094,0.3765769792556122,0.9044307462837018,167.4463070012336,0,1
903,case33bw,train,38,3,195,4,0.923117797479453,1.0124206009702916,0.12121212121212122,0.7666234122082014,0.9749359670701205,38.54725465761244,1,1
904,case33bw,test,39,4,138,6,1.1543242522048407,1.0062852038272254,0.0,0.7907503647780323,0.9212522418528,96.7093446909038,0,1
905,case33bw,train,38,21,183,2,0.8220233744039767,1.017002319474418,0.09090909090909094,0.2689079518176086,0.9669038277514818,69.79974902983905,1,1
906,case33bw,test,58,6,257,5,1.1908366623969964,1.0180811529258145,0.24242424242424243,0.7933405923000898,0.966094967936425,79.35470729084224,1,1
907,case33bw,test,25,11,234,4,0.9963693972044927,0.9780585973283555,0.0,0.4566229046104527,0.7903463075709799,297.0079888206464,0,1
908,case33bw,train,48,11,235,1,0.8229683028755517,1.006221138827776,0.12121212121212122,0.2913203852722329,0.9575191849264425,82.45403393597375,1,1
909,case33bw,selection,4,17,254,5,1.1445986636117844,1.0080791956200885,0.09090909090909094,0.3131237424510271,0.9219384141232938,184.74301210684303,0,1
910,case33bw,calibration,11,13,136,5,0.78158478452706,0.977196435809907,0.06060606060606055,0.692927990605037,0.9310360870988564,64.38393524344318,0,1
911,case33bw,test,19,12,348,3,0.7669554280995938,0.9954166562012637,0.12121212121212122,0.7696540303877898,0.9147385693230133,141.3499124044025,0,1
912,case33bw,selection,20,15,247,1,1.260647004116125,1.0074631308553192,0.0,0.4976964964856248,0.9176551213190537,190.1886891622851,0,1
913,case33bw,selection,20,16,237,1,1.0163422610822668,1.0233498350303145,0.0,0.145754012761266,0.9575494192960474,100.34521854213747,1,1
914,case33bw,test,52,21,309,2,0.7785690521105051,1.021324297787112,0.24242424242424243,0.3303602954785242,0.9223687550043901,132.41578759215838,0,1
915,case33bw,calibration,33,10,188,2,1.2751206481461572,1.0269424580045892,0.030303030303030276,0.5228180563337754,0.8774178109001917,275.594467687311,0,1
916,case33bw,selection,53,10,335,1,1.047780786781668,1.0427688609664993,0.1515151515151515,0.8071762755907276,0.9658332481885621,212.3641965512968,1,1
917,case33bw,calibration,43,9,198,6,0.8484354035969653,1.03509711926137,0.06060606060606055,0.09963694038945528,0.9940985215092154,54.83964274944428,1,1
918,case33bw,calibration,11,19,207,6,1.264532966988901,0.9797628364508184,0.09090909090909094,0.7024498310240441,0.9193790021833285,112.57936931701335,0,1
919,case33bw,test,17,19,80,5,1.2842875355479126,1.004110781326602,0.030303030303030276,0.7625227726229137,0.8790332483475992,259.42048942131044,0,1
920,case33bw,train,18,19,249,0,0.8527018339551359,1.0302684367121764,0.21212121212121215,0.2336212459051732,0.9640500635518914,77.90154096132831,1,1
921,case33bw,train,51,1,331,5,1.0512548247588218,0.9914155196268084,0.1515151515151515,0.25103682645606434,0.8887196346587728,138.71906299600906,0,1
922,case33bw,train,18,16,353,5,1.009241815812679,1.0252262932814626,0.030303030303030276,0.44637335920643834,0.9355705550189963,146.71897493555096,0,1
923,case33bw,train,45,2,82,2,1.014216051909257,1.0076788098638414,0.0,0.15273139270183286,0.9498833890487844,85.70413048165443,0,1
924,case33bw,train,23,14,194,3,1.1111018050362989,1.0286537775582951,0.030303030303030276,0.21860262300552183,0.8308186213337527,314.94262777005963,0,1
925,case33bw,train,54,11,208,4,1.106867889841028,0.9935936080992294,0.09090909090909094,0.9886575151021141,0.9163304617593129,176.94470169125177,0,1
926,case33bw,test,22,1,197,2,0.8654872467386663,1.010147144412685,0.0,0.37758557166096796,0.9712856843449261,38.95327431003973,1,1
927,case33bw,train,34,16,181,4,0.8712818999033659,1.0017702350067341,0.030303030303030276,0.9665232594624785,0.9124051594292527,109.90447135974175,0,1
928,case33bw,train,47,1,137,0,0.9204089946227592,1.0292601723767305,0.12121212121212122,0.6448921342203421,0.9935906821801669,43.99869867881095,1,1
929,case33bw,calibration,43,22,276,6,0.7731037854474234,1.0278784584017204,0.06060606060606055,0.3126482291004475,0.9930514520505885,36.12503626146782,1,1
930,case33bw,test,25,16,336,0,1.2628262452493335,1.0330337430469239,0.06060606060606055,0.8460586819931748,0.7634338049655264,586.137388023245,0,1
931,case33bw,selection,4,13,275,4,0.8706280388408228,1.0026399028450141,0.06060606060606055,0.6171638139603812,0.9199424862677806,156.72717454276003,0,1
932,case33bw,test,25,6,105,0,1.1022242914745661,1.0309933120021526,0.18181818181818177,0.9570597758516163,0.8889762270287478,173.40509327424368,0,1
933,case33bw,selection,4,11,213,6,1.2204390702087597,0.9864131250768284,0.09090909090909094,0.4500864507155955,0.8855242139556686,237.89503657203832,0,1
934,case33bw,train,37,7,359,5,0.7567166903738131,0.9818699160610932,0.0,1.1166931386584509,0.8544427101416244,223.89542822787794,0,1
935,case33bw,train,30,17,221,0,1.2547875658054777,1.0030608223657045,0.09090909090909094,0.34438922392940063,0.7895959788765621,363.62324632705287,0,1
936,case33bw,train,26,23,89,3,0.7841165646754649,1.0318685529175269,0.12121212121212122,0.9387953987609136,0.9235428182781685,104.83767578391253,0,1
937,case33bw,train,18,18,335,0,0.8580199356935556,1.0317867764876107,0.030303030303030276,0.30482772490255666,0.9548959240012094,109.54908642199699,1,1
938,case33bw,test,16,11,128,4,1.1489407876239026,1.0299760325374538,0.0,0.17227840358597474,0.9061703110282535,239.41123734939922,0,1
939,case33bw,train,46,13,303,1,1.2966989478143558,1.0436613832979758,0.24242424242424243,0.19115592392875694,0.9539329329179869,284.613686912916,1,1
940,case33bw,train,38,21,29,1,1.2178368895478542,1.0140870830960278,0.0,0.5663843774536683,0.9111080196672777,280.62674067157053,0,1
941,case33bw,test,17,6,215,3,1.197695126119652,1.0346329937794698,0.1515151515151515,0.47077544297402185,0.9601709725523099,90.43083796934856,1,1
942,case33bw,test,52,9,57,5,0.9269011479354531,1.0144579208673314,0.030303030303030276,1.0897608642922265,0.8812427242254873,254.37062797386727,0,1
943,case33bw,train,6,7,257,6,0.7826337178693829,0.9913708720761275,0.06060606060606055,1.0421088599792288,0.9459157104574586,53.615412139289546,0,1
944,case33bw,selection,53,16,96,3,0.8091019564677603,0.9925225444088102,0.030303030303030276,0.15859874758100126,0.9428856010187248,89.09910050589407,0,1
945,case33bw,calibration,29,3,11,0,1.206723218929806,0.9813686567187174,0.06060606060606055,0.8326278457592374,0.9126127602534425,108.13618601688677,0,1
946,case33bw,test,17,19,190,1,0.8449644404435157,0.9935372307704027,0.06060606060606055,0.37621838577103944,0.9257819612296222,76.1159732770365,0,1
947,case33bw,test,25,1,91,5,1.1010392862525258,1.0114252213436403,0.0,1.0713547893671174,0.8773161266678462,151.1774339557685,0,1
948,case33bw,train,26,2,28,4,0.8543029203724325,0.9868060075492734,0.030303030303030276,0.2041134099162032,0.881567141562157,98.463769377705,0,1
949,case33bw,train,10,18,351,6,1.0414263722810102,1.0206321456497407,0.0,1.0029729560282847,0.8191197947683181,358.9631459063598,0,1
950,case33bw,selection,15,9,138,2,1.087914994171682,0.9871452522138772,0.06060606060606055,0.15370285121978405,0.8699636946409,198.23935094947691,0,1
951,case33bw,test,52,5,289,1,1.2091836619239082,0.978423627576354,0.09090909090909094,0.17686857821142574,0.866031563410809,171.47951123548154,0,1
952,case33bw,train,26,1,6,2,1.244504336071243,0.9857307382830174,0.21212121212121215,0.9928146931203088,0.8122680706034743,265.67018455558974,0,1
953,case33bw,train,26,8,345,4,0.7453833317871343,0.9769286648883687,0.030303030303030276,0.1107769676546039,0.8507373588886955,142.7804211981653,0,1
954,case33bw,selection,20,16,268,5,1.0637624155903715,1.0288268408398307,0.030303030303030276,0.08342234719492042,0.9599536303931931,109.94971253344168,1,1
955,case33bw,train,26,15,188,4,1.0270351036627323,1.0229339993505713,0.0,0.4973031885536466,0.878636455868012,187.48594930880625,0,1
956,case33bw,test,19,12,287,3,0.9958922904526558,1.0289919873227018,0.303030303030303,0.5603798777239876,0.9434343466575438,157.2242323528465,0,1
957,case33bw,test,39,5,240,0,0.8123481420833362,1.0320770577471656,0.0,0.08476923991180839,0.9687204837318628,53.654875428867754,1,1
958,case33bw,calibration,11,16,100,2,0.9253665301586624,1.0343258606991117,0.030303030303030276,0.2612959651141817,0.9778782056997227,99.493205615801,1,1
959,case33bw,selection,15,14,320,0,0.9120583812321942,1.0301847064168606,0.06060606060606055,0.6775485613050144,0.9208464634328647,175.04173214138274,0,1
960,case33bw,calibration,42,17,346,4,0.9266058118899505,1.0117379581310113,0.06060606060606055,0.2267407224989495,0.9475015240586624,107.32894245030926,0,1
961,case33bw,selection,44,19,163,5,1.2163222326050502,0.9856993962650009,0.030303030303030276,0.7425755517457061,0.884360064904325,243.0270048722918,0,1
962,case33bw,selection,59,22,190,4,1.1462059844881893,1.0305843733267734,0.06060606060606055,0.32262677630441533,0.9686453341199508,110.80375168371046,1,1
963,case33bw,train,21,3,331,4,1.2100341327448183,1.0134176710701794,0.21212121212121215,0.6528940145141102,0.9564670805322082,81.25352296274022,1,1
964,case33bw,test,5,22,341,3,1.1113208648731947,0.9787478865753045,0.12121212121212122,0.5702607901332514,0.5126957155751717,2000.1991780653805,0,1
965,case33bw,train,26,23,116,6,1.1040964077846258,1.0352923180156515,0.06060606060606055,0.6722236606355674,0.9022277209834748,158.7086887236208,0,1
966,case33bw,train,21,9,299,6,0.967046085932031,1.0040106365728627,0.030303030303030276,0.8262153313051366,0.933091267617794,124.99008008831213,0,1
967,case33bw,calibration,28,4,244,2,0.784575498354073,1.0077379033901614,0.06060606060606055,0.7380592151307891,0.9666814350007044,28.943733145164575,1,1
968,case33bw,test,25,14,355,5,0.9164679155824758,0.9899031900633383,0.0,0.404411368425738,0.800310700162551,296.1244356882308,0,1
969,case33bw,test,17,2,74,3,1.0140136437369085,1.0154923549639265,0.24242424242424243,1.001707575353227,0.9469548859220238,78.55920615684781,0,1
970,case33bw,train,37,10,60,1,1.2395411270097318,1.0402546266943866,0.12121212121212122,0.9525065745537051,0.700350281220245,1603.7977890071136,0,1
971,case33bw,train,1,7,74,6,1.1925509383978337,1.0017720611515446,0.030303030303030276,0.32520573124491303,0.9400038893259277,114.00227248034535,0,1
972,case33bw,train,0,23,93,3,1.1406900074041186,0.9978661815793979,0.06060606060606055,0.30872535170750254,0.9222973589084266,150.69523981587244,0,1
973,case33bw,calibration,29,9,199,6,0.9967397375948468,1.0405107669524145,0.030303030303030276,0.50859597736823,0.9781786622415255,97.63151628320297,1,1
974,case33bw,train,51,18,24,6,1.0153199234862313,0.9959584906584533,0.1515151515151515,0.5989869722008667,0.851699003839742,269.2305173309698,0,1
975,case33bw,train,18,12,13,5,1.2042531622287918,1.0244142860261178,0.09090909090909094,0.5430370425455285,0.8980044399512191,295.2946497820179,0,1
976,case33bw,train,30,0,359,0,1.2010117145551644,1.041575640004964,0.24242424242424243,0.31843829866379864,0.8384631070728134,321.0602155401965,0,1
977,case33bw,selection,59,0,236,2,0.7663130959424778,1.034425581749212,0.09090909090909094,0.15242885158418132,1.0001617484677001,34.78469871338947,1,1
978,case33bw,calibration,11,10,70,2,0.9659824455694075,1.0321305550564954,0.2727272727272727,0.30278381411133687,0.9582112082377963,166.98776385112075,1,1
979,case33bw,train,51,22,278,2,0.8570978393653257,1.0107967256226618,0.06060606060606055,0.6211626145450538,0.9096029776648806,138.09283854635007,0,1
980,case33bw,train,21,0,282,4,0.8822516233953476,0.9861611974346421,0.09090909090909094,0.9645221090089553,0.9355652167865851,62.65562541216685,0,1
981,case33bw,selection,7,8,55,0,0.8262446520104354,1.0031180203344057,0.030303030303030276,0.2414030746561292,0.9352260500244879,116.02495568634374,0,1
982,case33bw,calibration,33,15,26,3,0.816301506889271,0.9930519627431146,0.2727272727272727,1.0641511853572774,0.8788601897964998,170.48532472494682,0,1
983,case33bw,train,31,8,209,4,1.025286921561329,1.0243072404818132,0.1515151515151515,0.8055981287691226,0.886814041719347,168.91255860719085,0,1
984,case33bw,train,57,21,313,3,1.0704344584212822,1.0435022179835922,0.09090909090909094,0.21087999261892912,0.9711601820132416,143.00605433765682,1,1
985,case33bw,test,22,11,181,6,1.267425834138677,0.9897005696874961,0.0,0.4573023067750111,0.9035005356357421,196.53817548692976,0,1
986,case33bw,train,26,21,125,6,0.9201192693598816,1.039327087818431,0.1515151515151515,0.23529904599134097,0.9209351306603096,125.83276559659579,0,1
987,case33bw,train,9,18,93,1,0.8593403268659431,0.9812156319423226,0.06060606060606055,0.2488430228862212,0.8096890865709956,261.9232457935653,0,1
988,case33bw,selection,8,15,238,4,0.8203992019450482,1.040930918625733,0.1515151515151515,0.8492895211034523,0.9006503729095524,176.250296985474,0,1
989,case33bw,train,57,5,138,5,1.2499433942391487,1.0379381272665567,0.09090909090909094,0.28043122748930815,0.9884982143752614,70.23511135663645,1,1
990,case33bw,train,6,10,44,5,1.1938100305542516,1.0030727055392508,0.06060606060606055,0.558087072081481,0.8913168489976827,325.0613318477821,0,1
991,case33bw,test,5,6,289,5,0.8677777707567293,1.0052595434092093,0.09090909090909094,0.41174553688562643,0.8368087406071733,266.0886099171855,0,1
992,case33bw,train,13,10,338,1,0.7913054955143196,1.022640147584137,0.12121212121212122,0.34274273181215986,0.967091450501477,93.5598292980714,1,1
993,case33bw,test,19,10,106,3,0.8007268856102366,0.9977504894660097,0.0,0.6512386543393544,0.9269734116890664,109.57985878684762,0,1
994,case33bw,train,14,5,274,0,0.7275257939469869,0.9893406749237514,0.1515151515151515,0.09056494975131331,0.9609765341868441,24.809561491039815,1,1
995,case33bw,test,22,14,157,4,0.8614319581326112,1.000589500813577,0.12121212121212122,0.33109622256400284,0.9372886512332,104.10937735194001,0,1
996,case33bw,train,34,18,346,2,1.2124970568746605,1.0430010066188276,0.09090909090909094,0.3791022564108029,0.9055757472039475,264.1385578713495,0,1
997,case33bw,train,30,12,282,2,0.8303050153742436,0.9926155472150004,0.1515151515151515,0.9005575197715654,0.801625311630347,284.2072163886135,0,1
998,case33bw,calibration,28,14,109,1,0.9781026464003005,1.004811125903814,0.06060606060606055,0.3314690517371628,0.9010136032853362,170.17948534780518,0,1
999,case33bw,calibration,43,10,35,0,1.088191169230534,1.0057834852293746,0.09090909090909094,0.17789269964841076,0.9256106394582116,204.226066573418,0,1
1000,case33bw,train,40,13,94,0,1.1954758690112126,0.9875704505517362,0.06060606060606055,0.6266272033002895,0.7617296107832392,655.5338613078209,0,1
1001,case33bw,train,32,8,50,5,0.9469652130317598,0.9761112953637832,0.09090909090909094,0.29546693453320455,0.8450644309397658,185.00750536548108,0,1
1002,case33bw,calibration,29,4,138,4,1.0183710596518232,1.0246650204071843,0.030303030303030276,1.1052043844223587,0.9793314265138361,48.88816514587718,1,1
1003,case33bw,selection,8,2,348,0,1.1778336825522422,1.033062736029525,0.09090909090909094,0.23882780926320046,0.858952909833942,268.9196251819117,0,1
1004,case33bw,train,24,7,18,6,1.2186092244876956,1.0392161367157169,0.0,0.28553901686841404,0.8348176343081183,342.9325632076699,0,1
1005,case33bw,train,50,3,221,1,0.9011133409662986,1.0436473355414853,0.12121212121212122,0.3852043752170532,0.9775778788737735,58.48729500499187,1,1
1006,case33bw,train,1,1,71,0,0.9042616323792612,0.9773038912073673,0.1515151515151515,0.406747900627913,0.9346293666392128,54.63837176369635,0,1
1007,case33bw,test,25,2,283,1,1.0638809456235725,1.0229780253729939,0.030303030303030276,0.49147469514860376,0.9037249108138228,119.4142736852786,0,1
1008,case33bw,test,22,12,354,2,0.938182307251246,0.9811580546484411,0.303030303030303,0.4337403299958261,0.8906428716072284,209.75038236747426,0,1
1009,case33bw,test,52,18,225,6,0.7836805425616156,1.0116686788454803,0.24242424242424243,0.5278347518932256,0.9282443522166887,92.12525905326513,0,1
1010,case33bw,calibration,41,10,262,6,1.0717911238141378,1.0433071440368247,0.1515151515151515,0.569188561314229,0.9168722220272294,211.33282166062784,0,1
1011,case33bw,train,9,21,41,5,1.0744679649884048,0.979439021621196,0.06060606060606055,0.18264670540595873,0.7601374382058755,425.7246404416501,0,1
1012,case33bw,selection,20,22,108,4,0.9124909983397399,1.000719440490185,0.12121212121212122,0.5186362031976025,0.9382444140414956,91.12607059640239,0,1
1013,case33bw,train,6,14,226,2,1.282045682012008,1.0442179331013142,0.09090909090909094,0.9643337627608584,0.9462406187172889,243.32328205137833,0,1
1014,case33bw,train,21,9,62,3,1.1236113108609533,0.9913470914898054,0.18181818181818177,0.5294468555617765,0.8958474383370518,228.6501858404215,0,1
1015,case33bw,calibration,33,4,303,1,0.8320343563079451,1.0302041183707487,0.030303030303030276,0.868284395322128,0.9709807470396243,44.71028531662825,1,1
1016,case33bw,train,9,5,41,2,0.9222638547327736,1.0163751513837311,0.33333333333333337,0.44536372468315266,0.8851432125301454,156.90773534608041,0,1
1017,case33bw,train,31,19,146,5,1.2591497273691419,1.033347252098608,0.2727272727272727,0.7739423727335283,0.8644061587281563,260.15333708187916,0,1
1018,case33bw,selection,15,10,106,2,1.2067159092770114,0.9788834218707917,0.0,0.43452572335265055,0.8139317384750336,385.5581734730507,0,1
1019,case33bw,train,9,0,60,6,1.1327934039974954,0.9793912484421122,0.09090909090909094,0.5461522461232883,0.7911040463251972,313.9987409286871,0,1
1020,case33bw,train,56,18,290,1,0.8978488584504695,1.003300514530226,0.24242424242424243,0.6946116104878125,0.9431157525482651,100.17113580649234,0,1
1021,case33bw,train,24,18,21,3,1.206737134498892,1.020639111878909,0.0,0.47431611694173115,0.7579950903982443,552.5655600277265,0,1
1022,case33bw,train,46,8,115,6,0.7853685023632444,0.9872572243285844,0.18181818181818177,0.1859024519675315,0.9473625052905464,56.993555519599546,0,1
1023,case33bw,train,40,12,106,2,1.129084862640648,1.0368391768265566,0.09090909090909094,0.5900856366999672,0.8668102770352474,384.3083138533413,0,1
1024,case33bw,selection,53,0,204,5,0.8229379114907681,0.9832149985401356,0.2727272727272727,0.6269710122625192,0.9532965712111172,33.06494803469692,1,1
1025,case33bw,selection,20,23,225,6,0.953403243432797,1.026072392807287,0.09090909090909094,0.6403390554119303,0.9767628475666187,56.315288720323196,1,1
1026,case33bw,train,13,22,327,2,0.7583523240884228,0.9788100315859795,0.09090909090909094,0.08078101860167311,0.9367699444758493,57.642892968445054,0,1
1027,case33bw,selection,12,23,72,4,1.2211938658201196,1.0236062917372175,0.1515151515151515,0.5084464906432732,0.9623308252900411,132.001700404877,1,1
1028,case33bw,train,54,7,341,0,0.9171542062618933,1.0071716547963743,0.21212121212121215,0.26117002108811366,0.9484668564132538,97.96108433337135,0,1
1029,case33bw,train,54,18,166,0,1.2094100332852595,1.0357044673057572,0.1515151515151515,0.3678128294261515,0.9658727835159855,141.6929098975448,1,1
1030,case33bw,calibration,43,3,365,0,0.919691365133642,0.9907103534963092,0.06060606060606055,0.3694645853177395,0.9516842271897502,45.53269939803746,1,1
1031,case33bw,test,39,7,360,6,1.2910741194840154,0.9943884350401379,0.030303030303030276,0.44108372746787844,0.8223755593157038,381.85918286428324,0,1
1032,case33bw,train,37,14,146,5,0.7247224448063461,0.99690908958332,0.1515151515151515,0.7694573305674222,0.8650271745482797,242.4043936726639,0,1
1033,case33bw,train,9,12,245,1,0.932086011364307,1.0372165016840063,0.06060606060606055,0.7508644899504621,0.8543603049189142,295.6510277688412,0,1
1034,case33bw,calibration,27,16,189,6,0.7897378062543315,1.000308654890975,0.12121212121212122,0.1273662631976003,0.9309066745927252,68.32644007814211,0,1
1035,case33bw,train,0,10,318,5,0.7664012984130981,1.0276690332737966,0.12121212121212122,0.32207569477595194,0.9679538265871371,97.02055879057579,1,1
1036,case33bw,selection,59,9,71,5,1.0616520460454038,1.0116757374225844,0.1515151515151515,0.3195158199653652,0.9374348916260133,160.1420425494178,0,1
1037,case33bw,train,55,19,26,4,1.252612000319013,0.9986331331262703,0.06060606060606055,0.8044485011737711,0.9036150001785821,258.86040280784545,0,1
1038,case33bw,test,19,7,17,5,1.0010444735999027,1.0202170202007181,0.0,0.8719199431040278,0.9507666299422584,101.7801660902143,1,1
1039,case33bw,train,57,16,45,5,1.2702654780228713,1.0042754494032968,0.030303030303030276,0.29736849581882785,0.9096007410010942,254.4224336052458,0,1
1040,case33bw,train,6,10,258,5,0.9873004679684868,1.0181675262465535,0.06060606060606055,1.1248308667640194,0.9420227265355213,150.8530502651445,0,1
1041,case33bw,train,30,2,337,5,0.8886198030978563,1.0054186003277723,0.0,0.16599256789512226,0.9021238016089163,85.53196222729268,0,1
1042,case33bw,train,9,6,280,1,1.1796009936629936,0.9942935963325052,0.12121212121212122,0.44526100717804784,0.822921578281943,261.095480068788,0,1
1043,case33bw,train,10,15,362,1,0.7826961891906411,1.0178528093236439,0.18181818181818177,0.6677663397147549,0.8563490777224064,234.78298077316384,0,1
1044,case33bw,train,3,22,14,6,1.1564600568833634,0.9794458857299173,0.12121212121212122,0.5969053361916414,0.8805829966637865,240.37678107580427,0,1
1045,case33bw,train,3,6,20,2,0.98852226917435,0.991298836254006,0.18181818181818177,0.9418523432903122,0.9144810704886649,144.7794744362837,0,1
1046,case33bw,train,6,17,125,3,0.9935915306712328,1.0307974924896328,0.12121212121212122,0.8018813236383248,0.9560380023407651,133.20990769680876,1,1
1047,case33bw,train,31,14,59,1,0.9518609930497203,1.030382461874908,0.09090909090909094,0.42542725922036156,0.8444908891269387,308.7670192148442,0,1
1048,case33bw,selection,8,23,128,1,1.2923058888374546,0.984270064747967,0.030303030303030276,0.8186039438222921,0.7621653578411633,440.91359689501064,0,1
1049,case33bw,train,3,0,363,4,1.070046812754398,1.0022286377703442,0.0,0.48349817472640716,0.9279099309270497,142.1127304631406,0,1
1050,case33bw,selection,20,22,348,3,1.2155245387171345,0.989668744251392,0.0,0.553377709348757,0.8974625272800297,199.93208822793457,0,1
1051,case33bw,test,52,23,349,3,1.0748965426949975,0.9938258089781518,0.06060606060606055,0.25801422173999866,0.8548548646499738,253.12951283404317,0,1
1052,case33bw,train,46,18,254,2,1.2413099283184408,1.0175604928404434,0.09090909090909094,0.7343924728168739,0.9550940677893719,144.7617345138426,1,1
1053,case33bw,train,2,0,108,1,1.0680148343251992,1.0345313126930988,0.21212121212121215,0.17588152952568456,0.9866234818042379,67.44151268574022,1,1
1054,case33bw,calibration,28,21,122,4,1.1019144100056255,0.9831932692187768,0.12121212121212122,1.2576957358423293,0.8866108623681263,150.41154605500122,0,1
1055,case33bw,selection,15,6,164,2,0.9753806689396195,1.0371707814438922,0.18181818181818177,0.9302873167236002,0.9684510599844428,67.79976441582899,1,1
1056,case33bw,train,13,13,346,0,0.9913209533276511,1.01590789390543,0.09090909090909094,0.3105225540449152,0.9425893214531258,162.28187472531351,0,1
1057,case33bw,train,54,19,186,0,1.1985433240912997,1.0314195734121248,0.0,0.31542570606254494,0.9645591514686122,129.80093408921482,1,1
1058,case33bw,train,14,0,106,4,1.2822972574018467,1.0225909366627937,0.21212121212121215,0.868033024298922,0.964973488723653,101.1430687570267,1,1
1059,case33bw,train,46,9,139,2,0.7370627504662446,0.9782784831597315,0.18181818181818177,0.7708397146046322,0.9355664992508482,68.2476963663534,0,1
1060,case33bw,train,13,15,43,0,0.9799566164002049,0.9959072149818929,0.09090909090909094,0.8476364766098138,0.928572159067747,144.66178299450522,0,1
1061,case33bw,test,39,14,88,0,0.753941049470124,1.0447239998286117,0.06060606060606055,0.5551746860498601,0.9362275960195334,155.82361816514808,0,1
1062,case33bw,train,37,3,89,4,0.7242370049927072,0.998278949546174,0.030303030303030276,0.8287674524741975,0.9133692751203704,101.78481486478623,0,1
1063,case33bw,train,35,10,180,0,1.0430865898781805,1.0054781012078116,0.030303030303030276,0.5031144097887782,0.9268820710997424,166.3854046197892,0,1
1064,case33bw,calibration,27,2,28,1,1.0580028671842,1.032097341605644,0.030303030303030276,0.8592349233464388,0.947484091918622,101.03151467182391,0,1
1065,case33bw,train,57,19,267,0,0.7390969166577144,0.9918790666915162,0.1515151515151515,0.47917275674344045,0.9436435194359639,64.22612627972987,0,1
1066,case33bw,train,3,11,276,5,1.2335038028334497,1.0202779168145084,0.1515151515151515,0.5241238161727927,0.909290978450074,293.73351050416983,0,1
1067,case33bw,train,21,0,83,1,0.8725853761216175,1.0414850025947886,0.0,0.19694977632750377,0.9912352463906359,61.42810035113958,1,1
1068,case33bw,test,19,10,358,3,0.991853771817848,1.0058061275924648,0.18181818181818177,0.48105066188261064,0.9034868287077038,221.19017657948996,0,1
1069,case33bw,train,50,22,168,0,1.2714291195997451,0.9869448262517245,0.0,0.6881279810306289,0.8256146566308801,337.9859316823331,0,1
1070,case33bw,selection,20,22,187,0,0.8115210383965304,0.982028697447801,0.0,0.5477627546132865,0.93179893708923,57.09343514555043,0,1
1071,case33bw,train,32,12,305,3,0.9729587798759048,0.989205330166274,0.1515151515151515,0.5478497109123945,0.8200004472153019,300.66934642933165,0,1
1072,case33bw,train,18,23,290,2,1.0586072012875913,1.0303133445918542,0.030303030303030276,0.5697125910192432,0.9524691310871614,107.96300823060645,1,1
1073,case33bw,train,10,6,215,6,1.119107462158267,1.0449793449978633,0.06060606060606055,0.2800615908168435,0.9228353333673988,132.76889803735997,0,1
1074,case33bw,test,17,7,119,1,1.2174204577345256,1.0383840273991527,0.09090909090909094,0.5421443753015381,0.9422005748263764,153.18676926392138,0,1
1075,case33bw,train,6,5,55,5,0.8251713048938799,0.991684927551932,0.06060606060606055,0.7292284084866015,0.9468746799905512,49.4045913891933,0,1
1076,case33bw,train,26,10,301,0,1.2501050385423305,0.9940413415880571,0.21212121212121215,0.5359395841770654,0.7221905161741994,636.5205074258741,0,1
1077,case33bw,train,37,6,208,0,0.899114693227749,1.02177990013568,0.06060606060606055,0.5000549575189066,0.9125963851050599,164.59825260443327,0,1
1078,case33bw,selection,15,18,8,2,1.1706430440650653,1.0238981900002477,0.1515151515151515,1.1178328783388298,0.8856199532905612,285.55538457687487,0,1
1079,case33bw,test,58,4,34,3,1.240528644901978,1.0020625387026998,0.18181818181818177,0.8193211404144195,0.9388723810346151,111.49757223621478,0,1
1080,case33bw,train,3,17,268,4,0.7254777897733222,0.9991959325716713,0.12121212121212122,1.0223603693422696,0.9426103964128488,77.29071690531273,0,1
1081,case33bw,selection,8,0,164,0,0.7399478845443453,1.0442408053893844,0.1515151515151515,0.31744232945120393,0.9502546812531697,79.30419596647597,1,1
1082,case33bw,calibration,41,22,318,3,1.1828877109324627,1.0043249353977386,0.06060606060606055,0.5026885673472475,0.8585363095996604,283.8893741709944,0,1
1083,case33bw,calibration,43,12,87,2,1.0951670315353341,0.9763809481006691,0.1515151515151515,0.10587061207417688,0.8992712969226722,198.04257151556058,0,1
1084,case33bw,calibration,41,12,311,6,1.040601341522901,1.0316840198941224,0.21212121212121215,0.195370515349035,0.8806918627881613,293.88268344016666,0,1
1085,case33bw,train,38,4,160,1,1.0032040987584523,1.0291424014989445,0.030303030303030276,0.12703129055702142,0.9877050152541181,46.13092775811592,1,1
1086,case33bw,test,58,19,43,3,1.0373890551555756,0.994081601681504,0.21212121212121215,0.20461272691373336,0.9187444809437547,165.47009636530456,0,1
1087,case33bw,selection,44,9,174,6,0.9295876276927837,1.007085887004383,0.030303030303030276,0.5394293583312635,0.9341003342653651,129.59649780823543,0,1
1088,case33bw,selection,20,9,252,0,1.1452886549575139,1.0140223598950497,0.0,0.4414207055946873,0.9293099685119696,164.39071768288505,0,1
1089,case33bw,train,32,12,346,2,0.8363246018212388,0.9782128852816996,0.06060606060606055,0.5463541532388039,0.8217053298091787,256.2752053416043,0,1
1090,case33bw,train,49,17,248,0,1.1180598391545544,1.0402158508271089,0.1515151515151515,0.7752048576225398,0.9464821239236675,206.40833325775543,0,1
1091,case33bw,train,37,9,48,3,1.0146086721448757,1.019977878395273,0.12121212121212122,0.15303348917664103,0.7753509387557866,807.8562165327484,0,1
1092,case33bw,calibration,27,23,82,4,1.2515773393823333,1.0146659208445006,0.09090909090909094,0.708991247874294,0.8976547913051344,198.7130909135944,0,1
1093,case33bw,train,51,22,141,4,0.9577033708931647,1.034323984420109,0.09090909090909094,0.46670873529218276,0.9293861839187917,145.97434256451155,0,1
1094,case33bw,train,3,1,334,0,1.0533011566078767,0.9940862323918888,0.18181818181818177,0.5896639431902864,0.9238327599772755,117.1441093194159,0,1
1095,case33bw,train,24,13,108,2,1.0926994864159014,0.9870820180563686,0.12121212121212122,0.550314817094448,0.738372379398344,511.21044953936155,0,1
1096,case33bw,calibration,43,1,323,5,0.8821123122485836,0.9820202654146415,0.18181818181818177,0.5223857386145845,0.9452348571772625,45.12882123630637,0,1
1097,case33bw,train,48,11,10,3,1.1257874689471055,1.010600964973035,0.12121212121212122,0.6816488776735873,0.9234589024689401,260.193684052908,0,1
1098,case33bw,test,16,6,12,6,1.0622969152020525,0.9880972716737285,0.09090909090909094,0.772257142403364,0.8975448500595562,121.57210946406948,0,1
1099,case33bw,train,49,16,250,1,0.8660648630504463,1.0082414921001615,0.12121212121212122,0.30346317416785507,0.9318360805549895,140.04759952859857,0,1
1100,case33bw,train,1,22,195,5,0.8489463903054149,1.0126820205435372,0.09090909090909094,0.669492650166249,0.9772596234418315,37.755003294494394,1,1
1101,case33bw,train,21,2,339,0,0.9808975218456544,1.0356680212259433,0.06060606060606055,0.30759546977080693,0.9827781833775302,68.26417315323917,1,1
1102,case33bw,train,45,5,329,6,1.0387679708927764,1.033748062639547,0.12121212121212122,0.8436821502598687,0.979243770906416,75.78537918397734,1,1
1103,case33bw,selection,8,14,305,1,1.0177091789009907,1.0204946724411688,0.1515151515151515,0.36977132414784447,0.7834796165958017,494.87518975399337,0,1
1104,case33bw,train,0,14,123,4,1.059595163175024,1.0004394544192112,0.030303030303030276,0.5819327549009008,0.9189848414363498,169.7109939710854,0,1
1105,case33bw,train,1,16,32,0,1.1074193284826521,0.99439597540432,0.1515151515151515,0.49387931678934593,0.9200775706648664,163.66267719642363,0,1
1106,case33bw,selection,8,8,32,4,0.8784941739841036,0.9801879236333914,0.18181818181818177,0.514458525226296,0.7675277221554301,394.7537704825248,0,1
1107,case33bw,train,45,5,235,1,0.8636190221030472,0.9835549435245439,0.06060606060606055,0.40085928894790585,0.938682191891467,50.91147936387663,0,1
1108,case33bw,train,3,16,173,6,1.1428832196167333,1.0151723706817575,0.06060606060606055,0.7479628806267451,0.9394269999266774,137.89601861216335,0,1
1109,case33bw,calibration,29,11,299,6,1.1630912162198976,1.0336633066459018,0.12121212121212122,1.05501690824562,0.9366032399279038,220.43014427917916,0,1
1110,case33bw,train,32,2,284,0,1.2629551074496148,1.019909363517177,0.18181818181818177,1.1834787393159132,0.9068147702048713,137.42605744897023,0,1
1111,case33bw,train,40,10,319,4,1.134168244867968,1.012872547270691,0.0,0.5126148854722908,0.8342927006945253,418.7350372023426,0,1
1112,case33bw,train,47,8,254,6,1.0681140151668376,0.9977512038979097,0.09090909090909094,0.1387583864612685,0.946141829621027,87.48766252753299,0,1
1113,case33bw,train,32,7,229,1,1.0085838796208162,1.0158800263217567,0.1515151515151515,0.8685905733710766,0.9135866685120893,110.92887044978876,0,1
1114,case33bw,train,1,7,333,4,1.0440309066860842,0.9952797055500793,0.06060606060606055,0.5387173808888692,0.938693557776326,95.7875246721335,0,1
1115,case33bw,selection,12,4,50,6,0.7640798200354021,1.029255362881989,0.0,0.6862953163440536,1.0020089253809923,25.889383178164866,1,1
1116,case33bw,test,22,10,167,3,0.9668015308097377,1.0180422786844558,0.09090909090909094,0.14924622013778455,0.9513168647466969,117.77815943830574,1,1
1117,case33bw,train,51,20,353,0,1.2703550593016557,1.024928278798297,0.18181818181818177,0.38741950256025626,0.838803527457376,452.15270868226486,0,1
1118,case33bw,selection,44,11,59,4,1.2372878505044536,1.044362946473096,0.12121212121212122,0.8527308760365064,0.8924227738700377,560.3531782555644,0,1
1119,case33bw,train,48,0,105,4,1.0765569736905476,0.9883047570581228,0.12121212121212122,0.7711154528533657,0.9401791530385618,87.56235130119201,0,1
1120,case33bw,train,54,19,115,1,0.8529125350859942,1.027850521830211,0.0,0.6286594207869758,0.9723673385652448,88.3783410710316,1,1
1121,case33bw,train,21,21,225,0,0.8681772822635853,1.0178994681908686,0.1515151515151515,0.46765249083993876,0.9630626153648285,74.56718460744679,1,1
1122,case33bw,train,31,12,253,0,1.2095004842517867,0.9907789034401256,0.09090909090909094,0.7963561291503144,0.7693040265297305,445.414090324632,0,1
1123,case33bw,train,46,22,287,4,0.8103900049938512,0.9820998097089131,0.12121212121212122,0.4687085096750695,0.9385551167766769,59.68808260137303,0,1
1124,case33bw,train,26,13,132,4,1.132535625197269,0.9955648014062024,0.06060606060606055,0.3361898698198402,0.7803161752408038,405.3414594129518,0,1
1125,case33bw,calibration,36,10,7,4,0.8180693305782182,0.9793795229931631,0.09090909090909094,0.4137085426827092,0.8949994447852366,190.96793622059545,0,1
1126,case33bw,selection,59,5,296,4,0.8894891735821849,0.9779299029374338,0.0,0.4226358455331462,0.9357419649878521,49.35194647716164,0,1
1127,case33bw,test,52,4,229,0,1.0449946144061428,1.0089876053099063,0.12121212121212122,0.7050113800938105,0.9362159141036049,70.09353620346378,0,1
1128,case33bw,test,58,20,39,6,0.9152381001210783,1.0130099946526647,0.0,0.18308799608992643,0.9543034518892692,101.33898752318099,1,1
1129,case33bw,calibration,42,8,9,6,1.057432974511395,1.0255665373048908,0.030303030303030276,0.487104754113417,0.9533880165949186,124.24081907156028,1,1
1130,case33bw,train,10,8,260,0,0.7809055902846925,1.0250903080354743,0.21212121212121215,0.19282076688285693,0.8989198915800851,142.4824464978472,0,1
1131,case33bw,train,13,12,124,4,0.7776225767628466,0.993842564443434,0.1515151515151515,0.8758023730087764,0.9433973529926594,77.06671445492601,0,1
1132,case33bw,train,48,5,322,4,0.9999228507735632,1.0370523737146278,0.06060606060606055,0.9649079135128722,0.9963320584824134,60.68085660550392,1,1
1133,case33bw,train,10,4,60,1,0.8047776752043667,0.9980521757931513,0.0,0.5143783739226037,0.8944492110184838,96.2239288478451,0,1
1134,case33bw,train,37,2,43,5,1.1186230774747206,1.0348769497090053,0.030303030303030276,0.41103748378597976,0.8977659313450111,265.38575156912367,0,1
1135,case33bw,test,52,21,285,3,0.7388826319062117,0.9850013437530157,0.12121212121212122,0.10431259872085491,0.8944273390121893,108.59534555977321,0,1
1136,case33bw,train,54,20,173,3,0.750375827588326,1.0293550104179745,0.06060606060606055,0.9345680735974697,0.9875905637505337,50.55252161762259,1,1
1137,case33bw,train,26,0,101,4,1.2536133387990012,1.0414168376831756,0.06060606060606055,0.41675621776819144,0.8876630130503342,212.34673453797515,0,1
1138,case33bw,test,58,5,22,6,1.2543163713860634,1.0206193625979147,0.12121212121212122,0.6764850689002776,0.9605516869040329,103.75923167313309,1,1
1139,case33bw,selection,8,6,316,2,1.1892199551356872,1.0200743169215851,0.09090909090909094,0.5910481891143463,0.8179400279329045,362.09280713384527,0,1
1140,case33bw,train,0,15,224,2,0.9698861309524086,1.0046091743672203,0.09090909090909094,0.5431660008126233,0.9408795782988435,111.65803881637203,0,1
1141,case33bw,selection,20,9,122,1,0.8376256764731425,0.982361679414781,0.1515151515151515,0.5504786644306826,0.911610023347874,113.28041435273936,0,1
1142,case33bw,train,3,4,364,6,0.8777284412573682,1.027347411348386,0.12121212121212122,0.3156737218962048,0.9806697704491849,51.07581426590925,1,1
1143,case33bw,train,2,8,351,4,1.0444529867656434,0.9969512478493117,0.12121212121212122,0.7364984985580421,0.9325422953043057,125.811462643971,0,1
1144,case33bw,train,6,17,179,1,0.9314779934991555,0.9750237904784306,0.12121212121212122,0.9870345298552021,0.9084705430971123,112.6504610957568,0,1
1145,case33bw,train,34,2,353,2,0.76644591271465,0.9851940804836135,0.09090909090909094,0.4737103844203848,0.9231198817719968,53.249292466191164,0,1
1146,case33bw,train,18,23,278,0,0.887029539422201,1.0163186811392135,0.2727272727272727,0.6316956445877818,0.9516082037987128,73.59760159544162,1,1
1147,case33bw,train,26,9,94,3,1.2457069725149739,0.9992791035948931,0.0,0.7482870648987,0.7391889842248639,581.8773477951515,0,1
1148,case33bw,calibration,29,17,157,3,0.7428896010786659,0.9973230843437121,0.030303030303030276,0.6256086387005091,0.948397633756213,58.22529798329394,0,1
1149,case33bw,selection,44,3,52,0,0.7436769966331873,1.0177712261583467,0.18181818181818177,0.5127179728272302,0.9689905471159717,56.573873599457016,1,1
1150,case33bw,train,9,5,34,4,1.2121009941134289,1.033311554326206,0.06060606060606055,0.16330631882853974,0.8662805261020139,248.23035333456184,0,1
1151,case33bw,train,50,10,72,0,1.2251586122693994,0.98584527006595,0.09090909090909094,1.089543950436901,0.7529004559032342,721.7172155245975,0,1
1152,case33bw,test,39,14,310,5,0.874747181927413,1.0017505672939515,0.09090909090909094,0.7073411779812804,0.870712310816055,225.81593473101987,0,1
1153,case33bw,train,26,20,24,2,1.1969923956524522,0.9784351481518578,0.06060606060606055,0.8691355463355424,0.746125372837381,475.95132126862273,0,1
1154,case33bw,test,25,17,268,1,1.0812931507649157,0.9989340395942571,0.12121212121212122,0.10368296598693937,0.8117764588184553,291.75964596663636,0,1
1155,case33bw,train,14,2,212,2,0.8222239825774683,1.0054460745644926,0.21212121212121215,0.5437199515416731,0.9790825012646149,21.98800310751091,1,1
1156,case33bw,train,31,8,231,3,1.051740967288586,1.0125451415964797,0.09090909090909094,1.2562343832196177,0.8641680005047503,197.43092121077905,0,1
1157,case33bw,train,30,20,236,2,0.9112381246067829,0.9965805627866501,0.09090909090909094,0.5814100940772581,0.8303718766540873,213.83733847475602,0,1
1158,case33bw,calibration,36,8,163,6,1.1083514087396338,1.0037468087423564,0.06060606060606055,0.831499782954039,0.9348649764976694,127.14565296563607,0,1
1159,case33bw,train,40,23,291,0,1.2515217818717452,0.9839754875224989,0.303030303030303,0.559100985897804,0.835903462602016,284.119849148673,0,1
1160,case33bw,train,32,13,17,6,0.9468435403921477,0.9790220306721948,0.0,0.6790685410691447,0.8153855635254614,275.4441123578124,0,1
1161,case33bw,train,30,0,306,6,0.9169658963801186,1.0039125432082363,0.09090909090909094,0.24398286371850972,0.8785643203067806,125.15127785176466,0,1
1162,case33bw,train,21,0,79,5,0.9352738961333399,1.007121351558417,0.030303030303030276,0.6894771256170218,0.9544098757835741,69.36272574258354,1,1
1163,case33bw,train,1,9,343,0,0.825388792867529,1.026803778032069,0.030303030303030276,0.9902217126156017,0.9727544651229416,84.63587090379195,1,1
1164,case33bw,selection,53,19,189,2,0.9126828144972093,1.0441744748284987,0.06060606060606055,0.6197329659987993,1.002272545286437,65.88968053838515,1,1
1165,case33bw,train,55,13,323,0,1.1339348081645326,0.9758417633466281,0.1515151515151515,0.7745215447068899,0.8786054398580501,268.72732345163314,0,1
1166,case33bw,train,10,21,322,1,1.2654007040419557,1.0297518840214912,0.09090909090909094,0.4687629657722239,0.7730211894908764,581.6841338400632,0,1
1167,case33bw,train,9,0,246,4,0.7506698990053919,1.0187653116668076,0.1515151515151515,0.41351623437754975,0.9245794523220047,80.30145465718029,0,1
1168,case33bw,train,26,19,25,6,0.9067159082693178,0.9897635146036887,0.3939393939393939,0.2302487452468118,0.8312026059339381,221.11618460047583,0,1
1169,case33bw,test,19,21,330,6,0.8799195663559194,1.0348793116067316,0.09090909090909094,0.789715481859784,0.9721492480591757,87.44908455829128,1,1
1170,case33bw,calibration,43,9,275,0,1.126047097399058,0.9767425589502591,0.12121212121212122,0.6969510627440377,0.9115943700498846,141.64323225110414,0,1
1171,case33bw,train,14,8,42,4,1.1312010975757893,1.0201164690603173,0.1515151515151515,0.38808221069492693,0.9516269731993091,146.59969942712632,1,1
1172,case33bw,train,38,17,202,6,0.7958451691693367,0.9912361127980773,0.09090909090909094,0.6229794368472551,0.9429867800677583,63.300849631456686,0,1
1173,case33bw,calibration,43,12,141,1,1.271614055892632,1.027500341113746,0.09090909090909094,0.8011077960969738,0.9505326142015151,196.18910296543996,1,1
1174,case33bw,train,32,15,8,6,1.0906448427629098,1.0424759083146944,0.24242424242424243,0.2170482747668386,0.8733915835855433,286.99745771113425,0,1
1175,case33bw,calibration,29,21,10,4,1.1626371714757535,1.000519170071338,0.030303030303030276,0.3257459703785755,0.8988909002168523,228.17467581992625,0,1
1176,case33bw,calibration,41,17,207,5,1.2326838289605557,1.03046381742388,0.21212121212121215,0.47099010167454136,0.9087188595405561,197.12297547839714,0,1
1177,case33bw,train,10,8,138,4,0.9760226761784297,1.033296317225577,0.0,0.3941188937043225,0.8701113887123335,234.12411952073654,0,1
1178,case33bw,train,54,6,37,2,1.2535886674131396,1.018397799844858,0.21212121212121215,0.6745012958678217,0.9454642326609329,154.8216010225366,0,1
1179,case33bw,train,24,12,100,2,1.0783326266009172,1.0117216196598298,0.030303030303030276,0.2722580672240633,0.7614433241799751,518.4150067613908,0,1
1180,case33bw,train,49,7,188,2,0.8062854926963495,0.996600698638833,0.0,0.5886928013397492,0.9342217110602469,92.02093549658264,0,1
1181,case33bw,selection,44,7,280,2,1.24823283445352,0.9983700532610228,0.18181818181818177,0.12440032207802389,0.9049483919312662,213.77115872571153,0,1
1182,case33bw,selection,12,2,262,4,1.115584145905404,0.9873032719276573,0.09090909090909094,0.8242875481881463,0.9479101714898189,53.07059519039074,0,1
1183,case33bw,calibration,29,5,268,0,0.7291529345753018,1.017570186471136,0.06060606060606055,0.7729310135619389,0.9818460258656565,30.15496832185862,1,1
1184,case33bw,calibration,36,4,15,1,1.2958552101732799,1.0385783284225785,0.0,0.2023382175246866,0.9657387164050643,141.87953295123157,1,1
1185,case33bw,test,16,4,30,1,0.8343418123427229,1.0394218550498335,0.09090909090909094,0.7141980674109139,0.9792099514358208,55.0061465927143,1,1
1186,case33bw,test,22,16,304,4,0.7272974981871896,1.0087339514198952,0.2727272727272727,0.29873994145186694,0.9565152691372467,75.36528386831323,1,1
1187,case33bw,calibration,42,6,246,5,1.2147456143313315,1.0063773669801366,0.21212121212121215,0.152678834805182,0.9553745526143544,71.92051775665455,1,1
1188,case33bw,train,38,17,249,0,0.8673232307103633,1.0041725487865545,0.030303030303030276,0.4762607257785912,0.9451550433543986,89.53195882974232,0,1
1189,case33bw,test,22,8,11,4,1.0494990566607463,0.9930323297085412,0.06060606060606055,0.5693198076946011,0.9068262527074635,192.6009128195369,0,1
1190,case33bw,test,22,10,178,6,0.8091446329268399,1.044618401452149,0.21212121212121215,1.118912369399095,0.9931793127994789,66.56802125698724,1,1
1191,case33bw,train,34,21,242,6,0.863772886512978,1.015062789277677,0.06060606060606055,0.3175288203216627,0.9392392461128956,80.26070400511368,0,1
1192,case33bw,selection,44,21,209,6,0.7467631607405987,0.9945892684244118,0.030303030303030276,0.49508778720062097,0.9419103191894408,66.65789598777624,0,1
1193,case33bw,train,55,19,342,0,1.2994960539086542,0.9912210481487274,0.06060606060606055,0.489201518525864,0.893314376614901,280.0643085316311,0,1
1194,case33bw,train,50,10,258,5,0.869465555795669,0.9802581251990997,0.21212121212121215,0.3229842250784459,0.8584006607424565,193.2674263009423,0,1
1195,case33bw,train,40,12,275,3,1.070852671921726,1.0002411613789293,0.09090909090909094,0.5412411093099925,0.8407585038337335,337.10152268018425,0,1
1196,case33bw,train,10,4,21,5,1.2189770534983861,0.9788079831066694,0.09090909090909094,0.604633226369579,0.8217887839720078,221.38329965979668,0,1
1197,case33bw,train,32,12,240,1,0.8939373251101507,1.0317842054987327,0.030303030303030276,0.400360115831686,0.9000668534284632,180.12497322087256,0,1
1198,case33bw,train,57,19,111,0,1.0251864068365302,0.9773698814548091,0.12121212121212122,0.6888962185980312,0.9076390769410927,138.32038467619,0,1
1199,case33bw,train,18,6,62,4,0.8004271833095589,0.9973573145826292,0.030303030303030276,0.7022936912738924,0.9373810820974006,66.1656264270196,0,1
1200,case33bw,train,1,20,172,4,1.2618724955503628,0.9866771312525755,0.030303030303030276,0.633435577708572,0.9154318295096592,151.54743059050676,0,1
1201,case33bw,train,31,17,22,6,1.2221538939233307,1.0253671029348213,0.18181818181818177,0.7316484154094256,0.80921781498087,417.3485851482092,0,1
1202,case33bw,train,37,5,71,3,0.8769086176975753,0.9907297071496992,0.21212121212121215,0.7398963496662906,0.8690168139520323,205.86036173287485,0,1
1203,case33bw,train,2,9,144,4,0.8360348442372206,1.026728249225125,0.0,0.5397877256120783,0.9753611185930572,73.80984519239078,1,1
1204,case33bw,train,1,17,40,5,1.0356403050570115,0.9909375791322663,0.12121212121212122,0.6728664680193993,0.9283704054315244,117.97134780497804,0,1
1205,case33bw,selection,7,2,274,5,0.8124290189211111,0.9849126373284899,0.09090909090909094,0.254874582988518,0.9479448302758405,34.223182572576476,0,1
1206,case33bw,train,13,14,227,0,0.9383045571319751,1.0282138106800582,0.12121212121212122,0.688000243516064,0.9793351273111106,74.51768397353594,1,1
1207,case33bw,calibration,11,15,241,1,1.1106159913237255,0.9949451771837461,0.12121212121212122,0.45010641340167473,0.9308467963989077,123.16273363831316,0,1
1208,case33bw,train,24,20,321,0,1.1551816620860185,1.0303968850336789,0.030303030303030276,0.5754674717006071,0.797899350060266,431.46607723421215,0,1
1209,case33bw,calibration,42,20,304,0,0.941063204315764,0.9753704339543806,0.303030303030303,0.32397078286334163,0.9107414395148402,109.88033815795787,0,1
1210,case33bw,train,1,20,72,0,0.9963602065970449,1.0082591357971094,0.09090909090909094,0.2637436164576035,0.9484378477138465,110.4789711193542,0,1
1211,case33bw,selection,20,14,121,5,1.2457624103214768,0.9923037306174304,0.1515151515151515,0.5162579445501888,0.8882921960955402,241.44019053698318,0,1
1212,case33bw,calibration,41,9,26,1,1.0910012547074484,1.028636666368293,0.18181818181818177,0.6059732903809734,0.8552925158181035,391.5401932510655,0,1
1213,case33bw,calibration,11,7,24,0,1.2628024520481549,1.0221394742477132,0.030303030303030276,0.4204942926104974,0.9474463746379563,170.59582973750466,0,1
1214,case33bw,selection,8,14,248,1,1.1393043845995408,1.0087886959402186,0.21212121212121215,0.21853723157518007,0.7561049039477732,562.5952718598563,0,1
1215,case33bw,train,37,17,334,2,1.0017587378746773,1.009659634792667,0.06060606060606055,0.687698524927933,0.8080385189440482,566.4306014774161,0,1
1216,case33bw,train,51,5,295,4,1.0298380805545453,1.013547772997582,0.06060606060606055,0.14137477485858582,0.9190825609589965,120.60097815934564,0,1
1217,case33bw,train,26,10,257,3,0.7967980353598526,0.9807301956348168,0.030303030303030276,0.4678602933568671,0.8517436847824704,149.3166587623993,0,1
1218,case33bw,calibration,11,19,224,1,0.7524985532076189,0.9843310518557373,0.030303030303030276,0.8122910489501374,0.944432561028432,47.25840628321565,0,1
1219,case33bw,test,25,8,248,4,0.8972109387674295,1.0036126427466585,0.09090909090909094,0.801101797748697,0.8737088390592446,146.26588830987157,0,1
1220,case33bw,calibration,42,1,338,3,1.2113369834524539,0.9970167342994972,0.030303030303030276,0.681467126576017,0.9360136118936853,98.52104975726418,0,1
1221,case33bw,train,48,12,243,6,0.994952869850887,1.0427492764654098,0.1515151515151515,0.614428842921147,0.9897069514079283,99.40043043727145,1,1
1222,case33bw,train,26,6,128,6,1.2483568360815254,1.029880931644383,0.18181818181818177,0.36217775804054875,0.8917996789103317,168.51400755805514,0,1
1223,case33bw,calibration,41,3,107,5,1.2714682906505317,1.0419571607469236,0.09090909090909094,0.1508055134482574,0.9532576176577598,107.28281413787789,1,1
1224,case33bw,train,6,1,277,3,0.9648327139086749,1.0259199797236,0.09090909090909094,0.20522306081143069,0.9733533442665593,66.56140030367008,1,1
1225,case33bw,train,9,19,12,3,1.0760949958480686,0.9935150707328921,0.303030303030303,0.5424935828226201,0.7369794199392755,580.4203260838035,0,1
1226,case33bw,train,6,13,289,0,1.0249159155435956,1.0114507511470172,0.0,0.23101336411029935,0.9253280620171045,187.7418409564792,0,1
1227,case33bw,train,2,14,43,4,1.2932011113298372,1.0374775867158403,0.06060606060606055,0.9559151468551577,0.9415161693945023,265.0507668801232,0,1
1228,case33bw,calibration,41,2,179,6,0.8073380914773234,0.9993411947935102,0.12121212121212122,0.7088003275047036,0.9458594234763075,38.41147527115775,0,1
1229,case33bw,train,37,18,279,5,1.0136198200979372,0.9843844926374257,0.06060606060606055,0.9588837746652663,0.8081725346390604,424.92884197922905,0,1
1230,case33bw,train,56,1,129,1,0.8703080708697973,1.0253352223185446,0.0,0.36954813980388385,0.9867718997319535,44.10184843515906,1,1
1231,case33bw,train,18,20,120,6,0.756036088087708,0.9798012848274742,0.12121212121212122,0.2612501465367999,0.9228509580567684,61.07100676045178,0,1
1232,case33bw,train,40,9,142,6,0.7968266811248675,0.9901499619774081,0.0,0.6124177272217768,0.8978848952792794,112.8841789918274,0,1
1233,case33bw,selection,53,21,325,4,0.856486127180982,1.0411097401463738,0.06060606060606055,0.38774303668481896,0.993270231819124,81.75110315784273,1,1
1234,case33bw,train,10,16,337,5,1.1055159964176675,0.992217883178664,0.303030303030303,0.7502506770027337,0.7553108418542592,491.0203635455619,0,1
1235,case33bw,train,0,15,177,1,0.941398651032362,1.0107343553678005,0.09090909090909094,0.41182976201921423,0.94808861918453,108.46095187038914,0,1
1236,case33bw,train,3,13,284,2,1.2581047521661517,0.9920336077748024,0.0,0.4971883765369886,0.8716644395038944,337.59886630034106,0,1
1237,case33bw,train,21,22,86,2,1.1808106533310594,1.0034905272185022,0.12121212121212122,0.5419949846912041,0.9109135339252885,206.4827699103616,0,1
1238,case33bw,calibration,11,2,61,4,0.9942730682160487,1.0434288981542301,0.06060606060606055,0.17687359531533992,1.0018482533084745,57.92026707077663,1,1
1239,case33bw,calibration,11,4,104,6,1.102689135022199,1.0294859802422025,0.06060606060606055,1.1988313620904067,0.9922009283473742,40.93671789581195,1,1
1240,case33bw,selection,7,22,45,1,1.2377543383104412,1.0077745456209792,0.09090909090909094,0.38479247576516296,0.910345817186202,240.44548068025284,0,1
1241,case33bw,train,6,22,245,3,1.034275900816435,1.0111724907272372,0.21212121212121215,1.2855463502337359,0.9462792364385796,105.75174185312812,0,1
1242,case33bw,test,19,13,342,5,0.9266379398520161,0.9862932422414958,0.030303030303030276,0.6252531207226648,0.9018432298948516,154.46474137159584,0,1
1243,case33bw,train,40,9,57,1,0.7941864435188666,1.000473782946346,0.09090909090909094,0.40967583828559423,0.8857986372700576,177.10258200046124,0,1
1244,case33bw,selection,53,18,258,3,0.9871425763631092,0.9777874997899408,0.18181818181818177,1.0160784252906119,0.9248372104649549,103.18353359373184,0,1
1245,case33bw,train,24,21,49,0,1.1698694620381527,0.991007937881344,0.030303030303030276,1.1042260700522426,0.7394830664404793,510.65724113099895,0,1
1246,case33bw,train,9,4,263,0,1.050313598929567,1.0405054705702685,0.18181818181818177,0.9877501263223554,0.9228647423731376,123.97343843325005,0,1
1247,case33bw,train,56,15,140,2,0.787899809936309,0.9903730869025473,0.12121212121212122,0.3269697460525754,0.9383617051137335,78.9610932614321,0,1
1248,case33bw,train,23,3,11,6,1.2638788432022041,1.0358970127074283,0.18181818181818177,0.597767421646882,0.8788855263708923,197.02341713433248,0,1
1249,case33bw,train,32,19,229,1,1.2495110059494143,1.0108747910545068,0.09090909090909094,0.16864676322231054,0.8586656377682793,242.85062583599353,0,1
1250,case33bw,train,9,20,46,3,0.731241457585419,1.0135009931849197,0.06060606060606055,0.4129516695266417,0.870151105577358,183.03365645985627,0,1
1251,case33bw,selection,15,7,160,5,0.7384077226218357,1.0146400153139843,0.21212121212121215,0.5019935137173439,0.9616075262833134,41.797581295230366,1,1
1252,case33bw,train,23,4,296,5,0.8744271148543252,1.0030855822078883,0.06060606060606055,0.7712607379377503,0.9140820031099455,65.68587191313834,0,1
1253,case33bw,calibration,29,4,321,0,0.8207788565569257,0.9919923728471236,0.030303030303030276,0.8694100281533501,0.948776558997012,43.881151431009584,0,1
1254,case33bw,selection,59,1,117,1,0.7280792360504591,1.009941634427015,0.030303030303030276,0.9459688427734063,0.9772629252351123,30.573569044438496,1,1
1255,case33bw,train,45,9,57,0,0.9523806910113789,1.006322998608822,0.0,0.6144411713777356,0.9154760267738572,209.776165674858,0,1
1256,case33bw,selection,53,5,225,5,0.9837170318119255,1.0416767767485826,0.12121212121212122,0.5455843153938468,1.010244219977049,36.55740798203684,1,1
1257,case33bw,test,19,19,103,4,0.8862468282076881,0.9896288041929575,0.06060606060606055,0.6816904041585187,0.9179014229354169,109.48249959082604,0,1
1258,case33bw,train,32,23,159,0,0.7418510736424226,1.0426204527797909,0.030303030303030276,0.35153432074599855,0.967614201745995,61.375070881945845,1,1
1259,case33bw,train,48,7,12,0,0.9924486221040547,0.9876931159069205,0.0,0.5235326910750969,0.9298774194308137,120.85190168641773,0,1
1260,case33bw,selection,53,19,98,0,0.8224388348097302,1.0233616058772834,0.0,0.7392387272755834,0.9759883533400685,84.28256807565229,1,1
1261,case33bw,train,35,1,13,6,1.24497603415799,0.9885178672003208,0.0,0.5569352153832934,0.9150282384393188,129.38075184238213,0,1
1262,case33bw,train,26,18,144,6,1.1901157341925925,1.0231094922222463,0.0,0.8079829459061809,0.8796302797072194,190.6387347224743,0,1
1263,case33bw,train,30,18,241,4,1.1855038683206653,1.0234233650905329,0.2727272727272727,0.5371596488684991,0.820245991712276,320.71712356663943,0,1
1264,case33bw,test,5,2,286,1,0.9805337127554827,1.0017163517326504,0.24242424242424243,0.3257181234007833,0.8205445135923793,307.2601773106841,0,1
1265,case33bw,train,6,23,311,5,0.828961810192901,1.0039468822293196,0.030303030303030276,1.0365976280977338,0.9503428837643754,72.71371825356364,1,1
1266,case33bw,train,31,15,145,0,0.7536309992397248,1.0260143085109108,0.06060606060606055,0.5518827985846625,0.9051919544861009,132.0999122921922,0,1
1267,case33bw,train,10,2,296,6,0.7465693369058644,0.9790436700659636,0.030303030303030276,0.264094823287032,0.8923137699949515,66.85343203895425,0,1
1268,case33bw,calibration,11,16,211,4,1.1926360010992993,1.0316148128148517,0.06060606060606055,0.5107798323793868,0.9700847144019995,113.23799967888378,1,1
1269,case33bw,train,34,6,156,4,0.7962334047385963,1.0184155256892242,0.1515151515151515,0.6619136522963242,0.9603832629136806,48.24748067891755,1,1
1270,case33bw,test,19,12,258,0,0.8321526993859039,1.004627930158145,0.09090909090909094,0.7749823412857315,0.9362112578054155,101.85143409448064,0,1
1271,case33bw,train,26,3,197,6,1.2124951140163671,1.03994148522789,0.21212121212121215,0.30152586919356117,0.9449767458554799,80.33278715518696,0,1
1272,case33bw,test,52,13,114,1,1.074271487936367,1.038204274726124,0.09090909090909094,0.8264994756051335,0.8890236589129082,293.076340584336,0,1
1273,case33bw,selection,59,0,229,5,1.1926946864972685,1.0098245065573908,0.06060606060606055,0.6271833442551532,0.9562188909144407,82.09622380177984,1,1
1274,case33bw,train,54,3,324,0,0.8277902133270307,1.0382330367845716,0.06060606060606055,0.24996324460688077,1.0023057744556665,38.2611705815887,1,1
1275,case33bw,train,46,11,340,3,1.2642856266394225,0.9860450340322693,0.06060606060606055,0.6071359793964568,0.8846889898346649,367.42370226045085,0,1
1276,case33bw,train,49,5,173,4,0.8714496705566729,1.0307045547320801,0.1515151515151515,0.6529421630794072,0.9811576873058354,57.831211054666205,1,1
1277,case33bw,calibration,36,20,77,5,1.060186827926026,1.0270576696468818,0.06060606060606055,0.6982384631075339,0.949076363759402,162.80737115631297,0,1
1278,case33bw,calibration,42,18,20,5,0.762405802268393,0.994220704241737,0.12121212121212122,0.5037400886993932,0.9435088261046081,72.67624119372887,0,1
1279,case33bw,test,17,22,306,3,0.7271795798049362,0.984824058570609,0.06060606060606055,0.9568305654421325,0.9215103426886965,68.46922824003431,0,1
1280,case33bw,selection,4,17,285,2,1.1586798499145643,1.0391900326311727,0.030303030303030276,0.4922812291355325,0.9459348959892533,210.20257153708545,0,1
1281,case33bw,train,56,9,166,2,1.196752387597684,1.0118116267015769,0.1515151515151515,0.41995138282279254,0.9346349423265405,171.62933181816575,0,1
1282,case33bw,test,22,3,90,2,1.2989624806648734,0.9894248659915991,0.21212121212121215,0.22659021974562288,0.9255299235184348,105.67976920446023,0,1
1283,case33bw,test,58,18,359,1,1.0583950055035503,0.9980717125954526,0.18181818181818177,1.001329019695238,0.9176308216131575,182.8454583774959,0,1
1284,case33bw,selection,8,4,150,1,1.1724648424002715,1.0049341698887955,0.09090909090909094,0.5891287630668004,0.8678787463464314,167.5235932661208,0,1
1285,case33bw,train,45,6,46,0,1.2610199702969012,1.0402646699966058,0.030303030303030276,0.1219876620795985,0.9542503046515906,186.2313311786251,1,1
1286,case33bw,test,22,15,43,0,1.0941004092391053,1.0322955516108214,0.0,0.8289558856375822,0.9370153068918428,237.12154262298625,0,1
1287,case33bw,train,46,14,45,1,0.9422852057379117,0.987959324050209,0.21212121212121215,0.9523584019830807,0.919729092183789,175.63002883121555,0,1
1288,case33bw,train,6,4,37,4,0.7749908829669954,1.0204969928404803,0.030303030303030276,0.7078747181749636,0.979373169995421,40.2063826822658,1,1
1289,case33bw,train,45,17,25,2,1.2881198590694094,0.9863161118742066,0.0,0.3904697804926347,0.8621632407590221,394.393326197908,0,1
1290,case33bw,selection,20,9,89,3,0.92827724587887,0.9788700307743915,0.1515151515151515,0.7470900255151445,0.8938329941900102,163.60783402941308,0,1
1291,case33bw,calibration,42,14,12,0,1.1028837964949607,1.0317775043316566,0.09090909090909094,0.5355087205318473,0.9407162440868926,221.78468386143442,0,1
1292,case33bw,selection,15,3,273,6,1.0854767688072338,1.0417278186222931,0.2727272727272727,0.4594212682689116,0.9818188831622465,52.644908690490944,1,1
1293,case33bw,test,5,0,143,2,1.2585478174723908,0.9844555412158444,0.030303030303030276,0.6540950441615045,0.6546479518849431,1002.0044917545059,0,1
1294,case33bw,calibration,33,10,90,1,0.86856038016783,0.9767965710450066,0.12121212121212122,0.9161548171603017,0.8501966347633371,210.16660263096745,0,1
1295,case33bw,train,55,5,190,5,1.2492473159314392,1.0120718412346554,0.1515151515151515,0.7015019830679567,0.9641459827377221,65.15371748260846,1,1
1296,case33bw,train,34,5,19,2,0.8188706510569914,0.9978137391104833,0.1515151515151515,0.6264677810570378,0.9268936275349142,67.56608328338024,0,1
1297,case33bw,calibration,11,2,349,6,0.8068668779658488,0.9969309939347037,0.09090909090909094,0.29741886633997483,0.9641114372104919,32.805060212618415,1,1
1298,case33bw,train,38,0,36,5,0.8509991332921608,0.997595814532116,0.1515151515151515,0.6693196342506335,0.9452210328169555,73.21358600671958,0,1
1299,case33bw,train,34,21,361,4,0.8459262509696838,1.0263357678888454,0.12121212121212122,0.33161660501826795,0.9258523602374327,140.1705208920614,0,1
1300,case33bw,train,48,13,266,4,0.8318234458991861,0.9896027488684939,0.18181818181818177,0.9144759439162228,0.9369183177908265,93.02668607638547,0,1
1301,case33bw,train,13,5,65,6,0.7587492115363599,0.983894873610543,0.24242424242424243,0.6817006441998692,0.9545759103459297,28.12111594949864,1,1
1302,case33bw,calibration,33,0,292,4,0.8114147728857957,1.028157374831662,0.0,0.16367442616899577,0.9581004274414907,63.64971834675251,1,1
1303,case33bw,calibration,27,10,44,3,1.2955400726493465,0.9813336542193599,0.12121212121212122,0.6470545798458589,0.7952306083482975,473.3089817154426,0,1
1304,case33bw,calibration,29,5,328,6,0.864217778691495,1.022630462755584,0.030303030303030276,0.5327918670754112,0.97983424405141,42.62707547390888,1,1
1305,case33bw,train,38,11,259,2,0.7720499203038071,0.9981056440281453,0.1515151515151515,0.9226786682352544,0.9372344285593213,97.89270731321166,0,1
1306,case33bw,calibration,36,18,137,4,0.893848192250693,0.9903867699106321,0.030303030303030276,0.26625150308361645,0.9234785708570031,118.6161424852745,0,1
1307,case33bw,train,46,20,53,5,1.0991777589744274,0.9823635969263607,0.030303030303030276,0.3134902825525954,0.9191646034094614,149.12369922319138,0,1
1308,case33bw,calibration,11,17,168,2,0.9249799966714689,1.0289221814870662,0.12121212121212122,0.805639855104628,0.9828933897002338,67.03004234151163,1,1
1309,case33bw,train,26,16,37,3,1.2548241922495915,0.9961981512018855,0.030303030303030276,0.49140971026788494,0.7421270551250231,573.7457110904954,0,1
1310,case33bw,train,6,21,309,2,1.2643215104791434,1.004138471931513,0.0,0.21226576002913766,0.9045360795807948,255.82520850025148,0,1
1311,case33bw,train,45,16,261,6,0.9304047359065071,0.9886323052030802,0.030303030303030276,0.33550929667280704,0.921355876812426,113.97298408728443,0,1
1312,case33bw,train,3,11,183,4,0.8055694235171293,0.9916100793620207,0.12121212121212122,0.7308767021097524,0.9214051460267068,115.27421220360209,0,1
1313,case33bw,train,24,15,31,6,1.2058643812264027,1.0203221553215307,0.0,0.2755245934236207,0.7720367583449033,504.89972023133754,0,1
1314,case33bw,train,3,4,292,4,0.8738298650776665,1.0072116429463767,0.24242424242424243,0.733208615989568,0.9627714487356697,47.75849946399218,1,1
1315,case33bw,test,22,3,69,1,1.102119780788517,1.0160616212245883,0.12121212121212122,0.7838251621503766,0.9592569338702505,83.96131053875783,1,1
1316,case33bw,train,35,1,84,1,1.2711303318213958,1.0273416978093692,0.0,0.4496777100066797,0.9558038929094506,139.32023388015438,1,1
1317,case33bw,train,26,4,46,4,1.109155074349569,1.0114692176427118,0.18181818181818177,0.38109212375747625,0.8912784371720297,131.99129507695997,0,1
1318,case33bw,train,50,19,252,4,0.9152258649346778,1.0272967736386118,0.2727272727272727,0.8205617465407102,0.9172367327091204,163.58742468959076,0,1
1319,case33bw,train,51,12,273,3,0.8953216991595921,1.0046300875349445,0.1515151515151515,0.23764128818500094,0.8718871764919258,232.8814674190204,0,1
1320,case33bw,test,52,15,333,3,0.9780908111130595,1.033840216365335,0.030303030303030276,0.25184216191154685,0.8877851257723411,279.3183813656092,0,1
1321,case33bw,train,34,20,77,3,0.9033139150800529,1.0166672314448384,0.303030303030303,0.2769638598841367,0.913316451086427,147.3548576612504,0,1
1322,case33bw,train,32,15,204,1,0.9168164491840297,1.0322166516721445,0.18181818181818177,0.42468891201306863,0.9128958138688889,147.75286293774357,0,1
1323,case33bw,calibration,43,6,249,6,0.9912290810343964,0.97621000650389,0.0,0.3579725515458105,0.9376666520301736,45.48075545148661,0,1
1324,case33bw,test,22,4,356,3,1.115061148540726,1.0141996632864496,0.0,0.7526778218532433,0.9561867685654114,84.70321881299867,1,1
1325,case33bw,test,5,9,196,5,1.0454236379956863,0.9922281367628522,0.12121212121212122,0.3882884373424908,0.6723716491483402,944.6698231554959,0,1
1326,case33bw,calibration,28,23,193,6,0.9458907117654617,0.9807769056541943,0.030303030303030276,0.28668247895769167,0.9208188220958593,61.96447953007948,0,1
1327,case33bw,test,19,18,102,1,0.8962362288664529,1.034742884883032,0.030303030303030276,0.43984218110996187,0.9685880938728697,95.1184603926617,1,1
1328,case33bw,test,39,8,162,0,0.9914453575023329,1.034933222422642,0.030303030303030276,0.6373029618982706,0.9181243733963206,176.30794828289197,0,1
1329,case33bw,test,58,4,38,1,1.0995127799783984,1.0290899798136302,0.18181818181818177,0.5804005024066606,0.9775867741608077,75.93364251995355,1,1
1330,case33bw,selection,15,9,208,6,0.827610266709844,1.0161504023734187,0.030303030303030276,0.49895060226830923,0.9402183036208809,83.11731327924038,0,1
1331,case33bw,train,50,11,275,6,1.253252949401776,0.9796020934698367,0.0,0.10044214058396168,0.768831005549883,582.7208664423008,0,1
1332,case33bw,selection,8,4,304,5,0.9371610363885979,1.0155465912706094,0.0,0.3615853065772869,0.9106103937019498,98.81134463962445,0,1
1333,case33bw,train,23,23,301,6,1.289392165437194,1.0251776597161604,0.21212121212121215,0.15253240383804276,0.8266158815940011,316.98147106887563,0,1
1334,case33bw,train,14,17,233,4,1.2538002027939597,1.001665560807679,0.09090909090909094,0.3214782032947676,0.934767096712888,133.84874887779026,0,1
1335,case33bw,selection,12,8,137,1,1.1933729967778501,1.0287464455074167,0.06060606060606055,0.9747584967765982,0.9670691264017902,123.58599061875502,1,1
1336,case33bw,train,14,12,116,1,0.7501203169742046,1.0086193661056362,0.030303030303030276,0.28061424119899603,0.9635119845065065,66.0234432414927,1,1
1337,case33bw,calibration,42,11,252,5,0.8929871390016766,0.9937345559087601,0.24242424242424243,0.25515163578468114,0.9378974116455749,87.78038318209876,0,1
1338,case33bw,calibration,27,21,128,5,1.012217463576887,1.018997963039988,0.18181818181818177,0.7598214171497748,0.9325500137218425,107.83673467484155,0,1
1339,case33bw,train,24,15,19,1,1.0206847198364528,0.9971881243606463,0.1515151515151515,0.6428952157491998,0.7564943986585823,471.0670109236671,0,1
1340,case33bw,train,35,11,53,0,0.742691459776326,0.9926381904251019,0.12121212121212122,0.7886104864804497,0.9187311983323924,149.85826979083112,0,1
1341,case33bw,test,17,3,38,2,1.2767546983118119,0.9871879669415576,0.1515151515151515,0.48770263311447337,0.9018645136495146,125.82534695766076,0,1
1342,case33bw,train,24,19,294,0,1.231934784277584,0.9831448693512456,0.18181818181818177,0.28668627540990466,0.7404710507398377,480.2532142095936,0,1
1343,case33bw,train,35,12,83,4,1.0662563718185742,1.019527919174072,0.12121212121212122,0.5757551591698522,0.9220949380668582,257.7759075982919,0,1
1344,case33bw,calibration,27,6,120,0,1.1540516136643597,0.9810387221255963,0.1515151515151515,0.2105784011338279,0.8828318257432478,130.13554166126167,0,1
1345,case33bw,selection,7,21,350,5,0.7526677892973551,1.0410587402858456,0.09090909090909094,0.4840984164836064,0.989604525216128,69.90648091027013,1,1
1346,case33bw,selection,53,17,365,0,1.1972578444537398,0.9784656499100033,0.1515151515151515,0.6377367979846533,0.8945515312177426,252.84843405732303,0,1
1347,case33bw,train,3,10,287,6,0.9393070697885021,0.9858538697976093,0.0,0.44014239189090765,0.9050991299075759,158.49582843815318,0,1
1348,case33bw,train,10,16,356,1,1.0415570703382384,1.010569964722126,0.030303030303030276,0.7975133841693145,0.7772991810915789,476.1064850130753,0,1
1349,case33bw,selection,59,3,77,1,1.1803010337299704,1.002607526822861,0.12121212121212122,0.7298775631576168,0.9499745427064267,78.66895652422649,0,1
1350,case33bw,train,24,0,308,0,0.8203895564538982,1.0036340886777235,0.09090909090909094,0.3966547697571359,0.8823432284583019,123.157077096321,0,1
1351,case33bw,selection,59,5,74,3,1.1066901573156012,1.0301341197456777,0.06060606060606055,0.7155831310833088,0.9748829354205321,86.48322111383047,1,1
1352,case33bw,train,31,21,236,3,1.2757055818520637,1.0415304124212854,0.18181818181818177,0.4073487518556877,0.8661274310068341,274.95220885439204,0,1
1353,case33bw,selection,8,12,112,4,0.7465106680671352,0.9921061683869993,0.09090909090909094,0.5567261393303614,0.827010034673681,247.2240414080569,0,1
1354,case33bw,test,39,12,248,2,1.079247524085659,0.9805137729124115,0.12121212121212122,0.5497101920682621,0.8080329439782177,373.93092850738543,0,1
1355,case33bw,train,37,17,115,5,0.9862180857031082,1.0148980703037176,0.18181818181818177,0.5797532183023342,0.840491671257004,413.5499127630466,0,1
1356,case33bw,train,14,22,66,4,1.1416373900320822,1.0152939196683466,0.21212121212121215,1.0614423521420855,0.9501428706976109,127.66371229832002,1,1
1357,case33bw,selection,15,22,217,4,0.909154344943448,0.9957546736476159,0.030303030303030276,0.2574839226938596,0.920535217655665,85.1725132604679,0,1
1358,case33bw,train,35,20,305,6,1.2101697231444517,1.033254512633661,0.0,0.8219720334162415,0.9506493071127122,178.8957051952514,1,1
1359,case33bw,calibration,36,18,120,2,1.242749468928528,1.0172428353590084,0.06060606060606055,0.1773907834613052,0.9215739634802581,236.9108936167733,0,1
1360,case33bw,selection,44,10,213,4,0.7407035682112213,0.9886995901618224,0.18181818181818177,0.2585770195255568,0.9174188393631988,121.75895963838227,0,1
1361,case33bw,selection,44,19,117,2,0.7760398103768963,1.0433961587494203,0.12121212121212122,0.48260236232086884,0.9760888035566091,108.5591362954274,1,1
1362,case33bw,selection,15,18,150,6,1.066493850818478,0.9917469711269149,0.09090909090909094,0.6926185529960415,0.8987960433142179,127.06495370291171,0,1
1363,case33bw,train,38,23,331,4,1.018440106778777,0.975393049552877,0.1515151515151515,0.7525460654748942,0.9035182166265099,140.7362939046063,0,1
1364,case33bw,calibration,41,14,286,0,1.2347597268241017,1.0207140143929856,0.09090909090909094,0.35195014511519224,0.8439596901396432,416.9676759679794,0,1
1365,case33bw,train,54,22,363,2,0.785316205875501,1.0101532583631239,0.1515151515151515,0.5237681139880261,0.9560343681154847,85.73545348387236,1,1
1366,case33bw,train,51,0,52,3,1.1180230086238458,1.0179225202686955,0.21212121212121215,0.5128709445284289,0.8812195600188796,240.47757124531978,0,1
1367,case33bw,test,17,5,104,3,0.8442247435471935,1.0031374557987311,0.0,0.20421940268088562,0.945708781928324,56.23344899421226,0,1
1368,case33bw,train,23,15,1,0,0.8395196413515787,1.0196031584182457,0.030303030303030276,0.18396954640127555,0.8324219588894148,281.9585849716343,0,1
1369,case33bw,test,25,22,36,1,1.1686062706948537,1.028226895365169,0.12121212121212122,0.24257036814939006,0.8051875769889657,408.05236623975395,0,1
1370,case33bw,calibration,28,5,213,0,1.1991447456892237,0.9977801325016672,0.06060606060606055,0.15332801802942622,0.9342761517426432,70.14936265522086,0,1
1371,case33bw,train,48,21,182,6,0.8675732224918137,0.9785154509180599,0.0,0.5524375401456948,0.9375719013206468,59.098819673617186,0,1
1372,case33bw,train,50,14,74,6,1.1797824458809298,0.9850844553590669,0.09090909090909094,0.6569841361243128,0.7865023695093055,518.7029878197508,0,1
1373,case33bw,train,18,14,257,3,1.1898702421276313,1.0101965021705621,0.18181818181818177,0.5185504444329379,0.9051330629585268,197.2216693337358,0,1
1374,case33bw,selection,12,14,239,3,0.9277356441447134,1.037015338901986,0.24242424242424243,0.9692096862120966,0.9897663604751439,80.30836353001652,1,1
1375,case33bw,calibration,27,13,283,2,0.8111745679629674,1.0136809923326437,0.06060606060606055,0.8874590080519319,0.9200920297687305,118.88114510701105,0,1
1376,case33bw,train,49,13,215,0,0.7985309046457378,1.027407107255827,0.06060606060606055,0.4533220945644204,0.9523716479307157,133.53987508076452,1,1
1377,case33bw,train,9,5,108,0,0.8871182600324445,1.0271600749382486,0.12121212121212122,0.36881194368136017,0.9167391485259874,109.37206512367278,0,1
1378,case33bw,train,45,19,135,4,0.7906119326625768,0.9863562356721585,0.030303030303030276,0.4518107767028388,0.9297235890573009,83.61676127615358,0,1
1379,case33bw,selection,15,3,196,4,0.7266990789433407,0.9919634208439961,0.030303030303030276,0.6111796251770664,0.9479491985777877,28.564715347644654,0,1
1380,case33bw,train,10,23,108,0,1.0407217914362064,1.018265538282781,0.0,0.5438219817984287,0.8506110471573126,250.482410320254,0,1
1381,case33bw,test,25,23,302,0,0.7367575646310134,0.9966816177332496,0.06060606060606055,0.5679749460447493,0.8906003562264632,96.95555743219009,0,1
1382,case33bw,train,54,7,215,2,0.9965581563153272,1.013642625143996,0.030303030303030276,0.43043488298357674,0.9635338807261424,73.42834639149612,1,1
1383,case33bw,test,22,22,107,5,1.0289604600495192,0.9797812805147829,0.06060606060606055,0.7889828381129715,0.9165072596007046,109.77371893229052,0,1
1384,case33bw,train,13,8,320,1,1.0036501657253163,1.0127497803496415,0.06060606060606055,0.8090059169983285,0.9567396817248229,103.81679214341663,1,1
1385,case33bw,train,1,19,299,2,0.7258831290352925,1.0094082782382192,0.24242424242424243,0.27488405111118164,0.966085402942453,53.64497397618476,1,1
1386,case33bw,train,1,4,102,1,1.2129478443457424,0.9903616425486638,0.21212121212121215,0.25305214322415687,0.9422594005924146,70.18168909313346,0,1
1387,case33bw,train,46,10,59,6,1.2151295186756061,1.0251639689336964,0.1515151515151515,0.5639198355408154,0.9500043362054434,208.84116558682746,1,1
1388,case33bw,train,47,7,31,1,1.1880128592862504,1.0435327194598538,0.21212121212121215,0.48965264587726043,0.9772170581579431,150.35712120900573,1,1
1389,case33bw,selection,20,7,90,3,0.9743999924462025,0.9848053482817012,0.12121212121212122,0.6001441853874478,0.9104650360118872,124.86300574386836,0,1
1390,case33bw,test,25,11,236,5,1.0141168113292194,1.0133937608593875,0.12121212121212122,0.22516807707072872,0.8418966985422295,249.37691718671277,0,1
1391,case33bw,calibration,36,7,288,2,1.151816691678872,1.0152216941131809,0.0,0.9331187406218413,0.9377187970110774,170.13727301367092,0,1
1392,case33bw,test,16,16,261,2,1.0209874646651713,0.9869889767184884,0.09090909090909094,0.39555583938602634,0.8939793638544153,137.48741415590226,0,1
1393,case33bw,train,32,13,74,3,0.9359142362376422,0.9977983342472871,0.0,0.6486817087318021,0.8413509321452107,256.1905310254785,0,1
1394,case33bw,train,14,1,283,4,1.2431566955508502,1.0239813964857014,0.09090909090909094,0.3556202110788043,0.9760975302791555,73.39481595631143,1,1
1395,case33bw,calibration,36,21,52,5,0.7761123049042393,0.9914914758684139,0.1515151515151515,0.24869441190145494,0.9318973733588846,101.47897408618375,0,1
1396,case33bw,selection,8,20,129,1,1.1336830731435246,1.02501423509583,0.21212121212121215,0.7010152828871146,0.8057947620623084,423.7059350402958,0,1
1397,case33bw,train,50,13,217,4,1.0047534072739712,0.9893108929208705,0.0,0.36613815206540284,0.845669917810165,269.8700577233128,0,1
1398,case33bw,test,52,8,26,6,0.727869046463973,1.041939238603809,0.06060606060606055,0.5723128386811773,0.9502649791770489,113.45564353584354,1,1
1399,case33bw,test,58,1,236,6,0.8918193601700951,1.0414010368157613,0.06060606060606055,0.7389571441196308,1.008372630137035,31.88070567835352,1,1
1400,case33bw,calibration,11,9,305,0,0.80156188148486,1.0430355028425269,0.21212121212121215,0.11212158727053013,0.9937390454979458,74.5806605706739,1,1
1401,case33bw,train,24,8,308,5,1.2780957773203987,0.9857550086596559,0.21212121212121215,0.3194820661937902,0.7414501472184732,476.74082800958206,0,1
1402,case33bw,selection,20,15,148,6,1.0909452830682291,0.9827565322948553,0.030303030303030276,0.8551901626941649,0.9047998255223564,139.32111269054153,0,1
1403,case33bw,train,40,13,209,4,1.1067597588616713,1.0157636401407355,0.09090909090909094,0.42918656998037175,0.8771709304221599,257.3003613083378,0,1
1404,case33bw,selection,59,18,19,3,0.9331436830892462,1.040394610481373,0.1515151515151515,0.3343303878403345,0.9713427034540337,134.6937325258139,1,1
1405,case33bw,train,24,4,346,0,1.0582654426359015,1.0007482388296751,0.030303030303030276,0.6998861559996774,0.8681219618482628,144.94785587114893,0,1
1406,case33bw,selection,7,22,144,1,1.171096755156067,0.99271709251512,0.06060606060606055,0.10616495352353,0.9168916421275516,143.21820507131017,0,1
1407,case33bw,train,54,8,79,4,0.9553780273526877,0.9950572704416955,0.0,0.46548996386172115,0.9310009143523432,120.50878309664098,0,1
1408,case33bw,train,47,0,89,6,0.806337498613753,0.9868980769102487,0.1515151515151515,0.17093000175158982,0.951994235089309,44.063383638982785,1,1
1409,case33bw,train,6,15,235,5,0.8761208813858358,1.0122694839922728,0.1515151515151515,0.1876704754533316,0.9522924593841453,89.03364348177185,1,1
1410,case33bw,selection,15,0,23,3,1.1088679090750726,1.0213432995870675,0.030303030303030276,0.724259759266193,0.9199698987484767,151.27421934911655,0,1
1411,case33bw,test,58,11,113,0,0.7838439944772776,1.0007831674437448,0.09090909090909094,0.3236832399503979,0.9365153031928863,114.28458854932579,0,1
1412,case33bw,train,40,9,165,4,1.2558734007940908,1.0198980007901652,0.12121212121212122,0.5364251209764189,0.8639888991657985,320.1582849483265,0,1
1413,case33bw,train,24,8,220,5,0.7413578832695884,0.9867485605203232,0.0,0.36908632785393847,0.8828217740326224,89.0004836546986,0,1
1414,case33bw,test,25,19,274,0,1.0713383115138577,1.028113332204881,0.18181818181818177,1.0454552041922263,0.857949320640274,246.6304133129294,0,1
1415,case33bw,train,32,20,213,5,0.9867498847354558,0.9782560011089698,0.030303030303030276,0.241773055214241,0.8642484471153619,136.66546185790125,0,1
1416,case33bw,train,21,16,143,3,0.848586081898401,1.0198087071681368,0.18181818181818177,0.7583851403949807,0.9564828212472982,96.1678764590325,1,1
1417,case33bw,selection,59,20,37,1,1.1597783722222157,0.9807234553412078,0.12121212121212122,0.6792296586185463,0.8915812281620376,222.46437966770344,0,1
1418,case33bw,train,30,18,116,1,1.1231238350402106,0.9904944193546479,0.06060606060606055,0.2755996625889421,0.7483128269849499,449.5999105881793,0,1
1419,case33bw,calibration,27,21,277,3,0.8980118525812668,1.0407763073620953,0.030303030303030276,0.5343991817307464,0.9610014058834059,91.40506633994579,1,1
1420,case33bw,train,47,3,54,1,1.0669955631826211,1.0371219792285649,0.09090909090909094,1.3629776955002395,0.993871054950644,69.86861476074262,1,1
1421,case33bw,selection,53,17,92,3,0.9477045881129521,1.0113589914431944,0.09090909090909094,0.618984856035977,0.9542288761398389,117.71384877309862,1,1
1422,case33bw,selection,15,19,72,4,0.8665706698578858,1.0429729103681635,0.06060606060606055,0.20291928839276735,0.9466515912809489,138.69035520281324,0,1
1423,case33bw,train,24,6,142,4,1.2079514454721128,1.0126277703511926,0.12121212121212122,0.4317762180981384,0.8641214162969528,186.18139882134653,0,1
1424,case33bw,train,2,14,218,2,1.1535926461400619,1.0138299136069453,0.18181818181818177,0.3890531238470275,0.944198643739519,135.65601816910106,0,1
1425,case33bw,calibration,36,12,336,4,1.0089858667722371,0.9862001614047802,0.1515151515151515,0.2797596287251749,0.8818540318312591,273.1827011925604,0,1
1426,case33bw,selection,4,8,300,5,1.1311027345342002,1.0216027606411038,0.0,0.2325357232088195,0.9302595958037411,195.09207951393338,0,1
1427,case33bw,calibration,43,19,340,0,0.9508451350910958,0.9787127071002748,0.09090909090909094,0.28625223582142223,0.9199481903307699,103.9491384220176,0,1
1428,case33bw,selection,59,16,341,6,0.8181033490361175,0.9774649890836885,0.06060606060606055,0.3052456736937131,0.920141398895084,93.55726515729926,0,1
1429,case33bw,selection,44,7,276,4,1.1946488338824297,1.0038050518463844,0.1515151515151515,0.11601022506544045,0.9030926931575569,242.1288747555522,0,1
1430,case33bw,test,58,1,232,1,1.1390678795975893,1.0339413148972993,0.1515151515151515,1.0088750284526045,0.9873576294104784,62.77475258917861,1,1
1431,case33bw,test,39,3,7,1,0.7970337389301342,1.0316095271095522,0.06060606060606055,0.5235902989153793,0.9562466132133792,74.02312151643345,1,1
1432,case33bw,train,45,6,183,5,1.2648428717756268,0.9830893463412959,0.0,0.2461041292432272,0.9154649856302942,114.89240317911873,0,1
1433,case33bw,train,56,19,324,2,1.2536888566065898,1.0335844642159744,0.1515151515151515,0.31561170027148366,0.944511127720918,226.15844506134033,0,1
1434,case33bw,selection,8,4,107,0,0.7516999567627236,0.9766592120211381,0.06060606060606055,0.7977000050989123,0.8814198814245908,80.66935516475222,0,1
1435,case33bw,selection,59,18,114,5,1.2479451371708579,1.0108655457757907,0.06060606060606055,0.5119718170564743,0.9344031477052432,168.59040300935143,0,1
1436,case33bw,selection,59,14,228,1,0.8989841590869317,1.0370753617144508,0.21212121212121215,0.12332331551262112,0.9812845275545614,86.27774797000417,1,1
1437,case33bw,train,10,16,163,0,1.1226789061749889,1.010633671170152,0.303030303030303,0.2635410326986684,0.8261392960866965,306.6332503138857,0,1
1438,case33bw,train,47,22,254,6,0.725381981183848,1.0195193643373013,0.12121212121212122,0.1437402988402718,0.9875711747654689,33.090758233366905,1,1
1439,case33bw,test,16,16,83,5,0.7635653815385492,1.0164583488095285,0.18181818181818177,0.9381897535790674,0.9385103103718503,94.72210418982613,0,1
1440,case33bw,selection,20,14,307,6,0.9493141628836463,1.0246048193618233,0.0,0.7718713676755293,0.9499488147653794,128.00489618590177,0,1
1441,case33bw,test,19,21,201,3,0.9738174982381367,0.9793127985932654,0.09090909090909094,0.61016977604784,0.909553604624641,102.51264695714967,0,1
1442,case33bw,calibration,28,0,257,6,0.9669010465663024,1.011238911567182,0.09090909090909094,0.3008746664594751,0.9539341396429738,54.55646775241195,1,1
1443,case33bw,train,54,14,302,0,1.2675128650697445,1.0440456399582816,0.12121212121212122,0.9828218412785934,0.9468394129041763,269.30491292586925,0,1
1444,case33bw,test,58,8,223,0,1.0481260021354164,1.0131032519225196,0.06060606060606055,0.8867597089702844,0.95298144134233,104.27686086827883,1,1
1445,case33bw,calibration,27,12,67,6,1.0182812656799312,1.005548658255228,0.09090909090909094,0.8677530375629927,0.8766815114347434,229.18121508259952,0,1
1446,case33bw,train,0,8,262,2,1.0652127230527877,0.9901768260042809,0.06060606060606055,0.2150025813627694,0.9186006464418961,134.0245200249007,0,1
1447,case33bw,test,19,23,231,3,1.126639251673157,1.0350529813142832,0.12121212121212122,0.9913086574612439,0.9671009766643696,102.05249821779809,1,1
1448,case33bw,train,2,19,181,6,0.8144967611034392,1.0069598507803281,0.030303030303030276,0.10781095631597357,0.970480292585152,39.329749155517526,1,1
1449,case33bw,train,18,2,213,6,0.7849405494848759,1.0217938348964564,0.12121212121212122,0.3965743061201237,0.9850272512663739,24.638261548037075,1,1
1450,case33bw,selection,59,1,270,6,0.9634756409602443,0.9932114624272765,0.21212121212121215,0.32196640574690655,0.9521939008958875,49.425939981699294,1,1
1451,case33bw,calibration,29,11,116,6,1.0604067328456772,1.0437061174186668,0.09090909090909094,0.28269467936902265,0.9622227427177069,155.49890340978632,1,1
1452,case33bw,test,58,2,33,2,0.7807517914935149,1.005826078570852,0.030303030303030276,0.6342112494869283,0.9680647464131645,42.280839338527315,1,1
1453,case33bw,calibration,28,1,78,6,0.7537642746035884,0.9881536558986794,0.0,0.5325625820133109,0.9375931874886982,41.196601694426946,0,1
1454,case33bw,train,30,17,215,2,1.1387156410296997,1.029478599965501,0.1515151515151515,0.5805268355060003,0.8327797941927245,299.9476883740619,0,1
1455,case33bw,calibration,27,20,312,2,0.7620413075505339,0.9846852692804882,0.09090909090909094,0.44531811230117546,0.9047467947865788,86.23409313764719,0,1
1456,case33bw,test,19,17,216,1,1.1359446071192834,1.0278981539860013,0.06060606060606055,0.5488286181934916,0.9498952858422833,127.04840522581792,0,1
1457,case33bw,train,35,3,41,3,0.8298397926160089,1.024731022893597,0.0,0.5309108759383134,0.978755005544655,55.799227061309296,1,1
1458,case33bw,selection,7,19,169,1,1.076390952874504,0.9894141952613443,0.0,0.3136938411254306,0.916597930223337,139.8554363499275,0,1
1459,case33bw,test,19,7,191,4,1.2035439108119712,0.9966637752651941,0.06060606060606055,0.6788911367959903,0.92246921225001,115.6651241661452,0,1
1460,case33bw,train,9,11,103,6,1.1284816763296237,0.9827439486700849,0.12121212121212122,1.1302954904810425,0.7288706151360952,568.4646781463227,0,1
1461,case33bw,test,25,1,237,0,0.9564439525764743,0.9933685914893771,0.1515151515151515,0.20880628663899986,0.8812149344466994,104.39974486971632,0,1
1462,case33bw,selection,4,10,119,3,0.9484229809110095,1.0082975932908445,0.030303030303030276,0.48737076987097266,0.9173581736548486,200.28224976801485,0,1
1463,case33bw,train,3,10,226,6,1.174373595480586,0.9811719170324354,0.09090909090909094,0.392014029357309,0.8927432158240737,196.7013236654705,0,1
1464,case33bw,selection,59,14,236,1,0.77893517670622,0.991263894972922,0.030303030303030276,0.8354407774126476,0.9391880910158206,76.31468461064307,0,1
1465,case33bw,selection,20,6,29,0,0.8969334169124745,1.0116925911484531,0.0,0.146202574803305,0.9518435648715518,82.57916983095159,1,1
1466,case33bw,train,2,6,297,0,0.8275632229813865,0.9945984465931392,0.21212121212121215,0.16417089580505498,0.9541745318071764,46.32347263442998,1,1
1467,case33bw,train,51,7,119,5,0.7507432874577921,1.0178808817331069,0.030303030303030276,0.1743422775824208,0.9413281666123391,79.52779937206864,0,1
1468,case33bw,calibration,42,20,136,5,1.0070840835894077,1.0024753338704826,0.06060606060606055,0.8063412866819113,0.9488712427706695,81.1937571785713,0,1
1469,case33bw,train,26,22,173,1,1.288932293325954,1.0108436493135011,0.06060606060606055,0.5668911489334774,0.8380199883099662,263.27583991657696,0,1
1470,case33bw,test,52,14,40,6,1.2009967020622205,1.0158111428454866,0.1515151515151515,0.5899671627707647,0.8278859628321058,458.2351925786013,0,1
1471,case33bw,calibration,11,12,26,6,0.72419442484438,0.9996763646011797,0.1515151515151515,0.44553572844058964,0.9487827288994551,86.84691294367036,0,1
1472,case33bw,train,3,23,297,3,0.8061957835001451,1.0434349483247198,0.2727272727272727,0.6930365242404989,0.9897541024335771,72.6771430277357,1,1
1473,case33bw,calibration,36,20,99,1,1.280439027370241,1.0378656995937288,0.12121212121212122,0.7730406647093115,0.9379838838007272,254.03372489625943,0,1
1474,case33bw,train,46,17,104,3,0.9782084529078259,1.0065222873012578,0.09090909090909094,0.34757724991406636,0.9480075041615906,107.87891919647053,0,1
1475,case33bw,train,14,8,128,0,1.0364440933038153,1.0166881598172632,0.18181818181818177,0.6407564550261869,0.9591133368623428,99.05005881146273,1,1
1476,case33bw,calibration,41,17,321,4,0.8265164446458012,0.989284597589348,0.0,0.5273335505707634,0.8827538994271688,153.27818399566857,0,1
1477,case33bw,train,51,22,57,4,0.7668791739002291,0.9949443900533131,0.0,0.30157255547784073,0.88856246697003,153.47256736682263,0,1
1478,case33bw,calibration,28,19,171,1,1.2809250624704083,1.0205284915544743,0.12121212121212122,0.5324242380565741,0.9193520945759199,168.09500269160628,0,1
1479,case33bw,test,39,6,325,0,0.9212863144847305,1.010225767473435,0.18181818181818177,0.665204447966395,0.906677183441015,138.62181895563597,0,1
1480,case33bw,calibration,42,5,176,0,0.8225976206115182,1.0267147605149005,0.1515151515151515,0.7316009397345999,0.9963086662309429,25.856025863678532,1,1
1481,case33bw,train,0,9,362,2,1.0637590298874167,1.0086481913471372,0.09090909090909094,0.700899576963408,0.9177826752559709,223.14264464132515,0,1
1482,case33bw,calibration,11,9,364,6,1.002105381314923,1.0167649420078038,0.1515151515151515,0.8769320182231646,0.9501506341987802,146.13009980477906,1,1
1483,case33bw,test,16,21,275,0,0.9042704887295527,1.0099015602866925,0.09090909090909094,1.0102395162911073,0.9260630097407156,105.85816536013681,0,1
1484,case33bw,calibration,28,13,168,6,1.0959492622704659,0.9908087965521694,0.18181818181818177,0.24558402985327357,0.8968899308812018,157.59594985419656,0,1
1485,case33bw,selection,44,8,119,2,1.2618962693100655,0.9918175790493238,0.06060606060606055,0.6846246539671783,0.8703577074627052,352.4832349552971,0,1
1486,case33bw,train,50,9,256,6,0.7938676036965893,1.0368590804233073,0.1515151515151515,0.1927606273754554,0.9431311345090145,114.46168566308444,0,1
1487,case33bw,train,13,5,88,0,1.0685547368360444,1.0169734819724552,0.06060606060606055,0.602618919167151,0.9703188737861127,64.51878168508148,1,1
1488,case33bw,train,46,17,246,4,1.1932733039144598,1.0049285094231681,0.12121212121212122,0.3843853056082803,0.9401044244156314,151.01323122563576,0,1
1489,case33bw,calibration,33,18,85,6,1.0385373527200805,1.0371318825021876,0.21212121212121215,0.2256389003929565,0.9246646480442131,163.14951918544207,0,1
1490,case33bw,train,45,16,163,2,0.8038723637798729,0.9787213058019195,0.12121212121212122,0.5018243974091422,0.9193565840683463,88.64211994372451,0,1
1491,case33bw,train,6,22,247,5,0.9505114908363239,1.0110766662951833,0.0,0.9271149356394038,0.9542288228047071,78.25507978172624,1,1
1492,case33bw,calibration,41,13,341,5,0.916420790571738,0.9824815938893569,0.12121212121212122,1.0259460835456602,0.8414087318717535,256.0119277636383,0,1
1493,case33bw,train,21,6,204,1,0.7923078323473373,0.9959057550243275,0.1515151515151515,0.4034437490342606,0.9581539365568604,34.89736562129364,1,1
1494,case33bw,test,58,2,130,1,1.0748573857972665,1.036867006956521,0.1515151515151515,0.44046298168700215,0.9910833909304544,59.971505436680324,1,1
1495,case33bw,train,56,8,359,1,1.040003441669949,0.9950346910332677,0.030303030303030276,0.8290353507754833,0.9192892408365403,160.61727391442537,0,1
1496,case33bw,train,9,1,104,2,0.731455196930818,1.0124890693853965,0.12121212121212122,0.1862732277654549,0.9224161782739789,74.18258717468389,0,1
1497,case33bw,test,19,13,218,2,0.8747293396558057,1.0297811988189811,0.030303030303030276,0.4042609756658229,0.9631663217799865,94.0058097252881,1,1
1498,case33bw,train,55,18,69,6,1.0505905812367284,1.0223946924670944,0.030303030303030276,0.4944975692797529,0.9525907335995425,142.59240258627486,1,1
1499,case33bw,test,16,6,77,4,1.1189820207185022,1.0315217648194444,0.0,0.4577786399685018,0.9414248490310146,125.21455668515318,0,1
1500,case33bw,train,2,12,338,0,1.1250230551855047,1.039768183934403,0.09090909090909094,0.24391615605415598,0.9536558230329006,207.44331566697318,1,1
1501,case33bw,train,14,15,71,6,1.1399590742573726,0.9881486277455368,0.09090909090909094,0.8130722101874981,0.9145217171435058,159.09913736043111,0,1
1502,case33bw,selection,7,6,335,2,1.2312228076459337,0.9770288551815894,0.21212121212121215,0.2117880367289585,0.8955226334607221,167.6029383136662,0,1
1503,case33bw,train,38,12,228,4,0.784954777600256,0.9908819479630212,0.1515151515151515,0.9547492458363315,0.9320097964812436,90.93747694169986,0,1
1504,case33bw,train,57,0,335,5,1.1404991930174022,1.0124194699625149,0.1515151515151515,0.6125993515481915,0.9529925529008273,102.73421953602673,1,1
1505,case33bw,train,46,12,196,4,0.8982833003635763,1.0300787601678563,0.1515151515151515,0.5699101233464048,0.9829291435538587,83.87215020033956,1,1
1506,case33bw,train,0,21,144,2,1.1081695592073817,1.008563156737839,0.18181818181818177,0.5181832999317312,0.9398624611716899,130.168025691259,0,1
1507,case33bw,selection,15,7,190,2,1.2106438817287748,1.039696540063212,0.09090909090909094,0.607623494347221,0.9474775939184296,124.06454958487909,0,1
1508,case33bw,selection,59,22,332,0,1.034449113255206,1.0102145593729577,0.1515151515151515,0.9777101007281842,0.9374651481772927,150.62110056145036,0,1
1509,case33bw,test,17,20,338,4,0.7715903733438452,0.9803339844136901,0.06060606060606055,0.4108108232141532,0.9060702520066315,94.62182766356509,0,1
1510,case33bw,train,2,22,262,2,0.942994487525546,0.9757219159406678,0.12121212121212122,0.5177912037135206,0.9242667748330027,72.46596876880145,0,1
1511,case33bw,train,26,23,310,5,1.1778350534482755,1.033705039413697,0.06060606060606055,1.1461765333723088,0.8802403904500499,211.59266842105836,0,1
1512,case33bw,calibration,27,8,114,2,1.205305140682622,1.0127937227193629,0.0,0.7479563550010194,0.886083726912259,225.94833042071608,0,1
1513,case33bw,test,25,19,297,1,1.2728268633188244,0.9909902212604065,0.12121212121212122,0.4277496885730985,0.751330920282613,483.7342693944253,0,1
1514,case33bw,calibration,43,15,188,1,1.0181191545610735,1.0098174408019658,0.06060606060606055,0.33861261052602387,0.9557770739875133,100.4001956949194,1,1
1515,case33bw,test,52,16,253,3,1.069542239470396,1.0413686628457424,0.0,1.1527055616421753,0.9064881279337553,247.7960920011006,0,1
1516,case33bw,train,21,16,70,2,1.114738650181165,1.0423906382914623,0.12121212121212122,0.5529549083429378,0.9530203139182518,197.3683616901607,1,1
1517,case33bw,train,2,9,272,6,1.193084019230589,1.025496787179947,0.21212121212121215,0.6955419768747745,0.9621134960484788,118.63422563334447,1,1
1518,case33bw,test,19,14,94,4,0.8765481889980163,0.9835954480223307,0.09090909090909094,0.6018099475148894,0.9000489930256609,144.8539211822972,0,1
1519,case33bw,train,1,15,230,2,0.8856236837432002,1.0136130849710356,0.12121212121212122,0.263766659179008,0.9658609084956874,69.94025107658643,1,1
1520,case33bw,test,58,9,330,1,0.7586861891455521,0.9833273851014608,0.1515151515151515,0.7607066053889968,0.9229420992881875,102.74160032120336,0,1
1521,case33bw,train,54,10,67,2,0.9852330264629441,1.0149306951343222,0.12121212121212122,0.2681572058692055,0.9299845572060271,210.37198661347657,0,1
1522,case33bw,test,58,13,204,6,1.1552469935766374,1.0400986814485522,0.0,0.762944419667399,0.9749809276969248,123.81857637809851,1,1
1523,case33bw,calibration,36,2,185,1,0.861968631434231,1.015067189773229,0.09090909090909094,0.5895709614738021,0.9767412740819943,39.91392379671907,1,1
1524,case33bw,selection,20,20,42,4,0.727626874776489,1.0076648854859818,0.0,0.8672931174288163,0.9500320075800708,77.37006704358885,1,1
1525,case33bw,selection,44,20,170,6,0.8732955611652534,1.0410828736860562,0.303030303030303,0.4460541994865456,0.9776898812276157,97.25732395959528,1,1
1526,case33bw,train,0,16,304,2,1.0308022759929618,0.9924615448672109,0.030303030303030276,0.7138100312787774,0.9122561101627717,171.98171001080354,0,1
1527,case33bw,calibration,41,23,195,4,1.2462358405918557,1.0325043016519364,0.0,1.2980974034403723,0.920734099512462,165.61735255020153,0,1
1528,case33bw,selection,20,12,225,2,0.8714071830397544,0.9773770080134417,0.09090909090909094,0.3911110256644761,0.9059623364827656,115.96698794480581,0,1
1529,case33bw,train,14,1,280,1,1.157407576892369,1.0001044787928646,0.0,0.49076253694856886,0.9541171700545126,64.30504185019903,1,1
1530,case33bw,train,14,14,199,0,0.9487895980369353,0.9938225397472636,0.18181818181818177,0.843792889419597,0.9413849483473927,88.74067987237127,0,1
1531,case33bw,test,22,23,40,0,0.9169866160458123,0.9997023317165532,0.0,0.8851138232891761,0.9393211911199825,97.57073995794723,0,1
1532,case33bw,selection,8,3,333,4,0.8377556307194817,1.0378520473907251,0.0,0.9344466152094114,0.9274492121514246,108.9471354927004,0,1
1533,case33bw,train,32,10,22,0,0.9644092118301827,0.975396396624716,0.06060606060606055,0.11398116483224892,0.7803155195548112,399.62412862636245,0,1
1534,case33bw,train,32,12,99,5,0.8553941846933113,1.0255698017518984,0.21212121212121215,0.4179021401022786,0.8995282519261688,165.7592879974385,0,1
1535,case33bw,train,31,15,161,2,1.1031977686518388,1.033880327212076,0.18181818181818177,0.11001643232247911,0.864455952377612,254.28596915683,0,1
1536,case33bw,test,25,9,186,2,1.200981016516434,1.0373912092888462,0.0,1.0668242355786992,0.8445391992872378,314.27700086581444,0,1
1537,case33bw,train,6,18,111,3,1.0827475272888119,0.9983380511646452,0.12121212121212122,0.11606947705539913,0.9141303748296211,174.24337776845812,0,1
1538,case33bw,train,40,20,110,2,1.2154438886529428,1.0216375400968587,0.09090909090909094,0.8297434860864478,0.8713757690166499,296.2633014386509,0,1
1539,case33bw,calibration,41,11,183,5,1.271063306030391,1.0158484686730234,0.06060606060606055,0.41831211330805096,0.8510148473523287,353.36892766485437,0,1
1540,case33bw,train,55,14,115,3,0.7521289884470301,0.9921006276187804,0.12121212121212122,0.9719944201947683,0.9375823785457765,87.10151471778558,0,1
1541,case33bw,train,38,6,80,0,1.1059882519207085,1.0316878671164882,0.0,0.48661592016505967,0.9649014294496984,112.966305925113,1,1
1542,case33bw,train,6,21,71,1,0.8324018408920043,1.0140678663294664,0.06060606060606055,0.4336748107188996,0.9467041562083285,111.13684324222483,0,1
1543,case33bw,train,6,21,105,3,1.162611391110413,1.0351948083520632,0.1515151515151515,0.9212997938709169,0.9459353359270715,190.427636459303,0,1
1544,case33bw,selection,7,3,72,4,0.9767245639830332,1.0421048389128096,0.030303030303030276,0.1906456439836336,0.9951623384300736,58.21304131792955,1,1
1545,case33bw,selection,59,0,166,1,0.9965506137061872,0.9849930735764361,0.18181818181818177,0.162391157931986,0.9367643226582915,67.45503347924814,0,1
1546,case33bw,train,0,17,136,6,1.139732703440317,1.0321255343028708,0.06060606060606055,0.11748725257700111,0.9630030520143259,132.19718316079133,1,1
1547,case33bw,calibration,28,1,206,0,0.9825743358146928,1.0209776055376008,0.12121212121212122,0.7559051919319114,0.9641847630885197,54.689007970758496,1,1
1548,case33bw,test,39,5,354,0,0.7228695558389197,1.002653576243922,0.24242424242424243,0.4023429422727138,0.9302340876188526,70.29160567021489,0,1
1549,case33bw,train,47,6,285,1,1.2083855495378724,0.9861700321236034,0.12121212121212122,0.5539617798788601,0.9324875527943299,103.56178464054805,0,1
1550,case33bw,train,49,16,118,3,1.002321149769019,1.014738772222848,0.030303030303030276,0.20843212490561158,0.9172481540724492,223.3606703012314,0,1
1551,case33bw,train,34,23,289,2,0.9345537203837646,1.0382101915602544,0.06060606060606055,0.6077026517788167,0.9561367312828946,94.29312432020592,1,1
1552,case33bw,train,40,11,329,5,1.1438490068055283,1.0101811274238426,0.1515151515151515,0.33996686092758177,0.8295846310911212,427.2506654363396,0,1
1553,case33bw,train,46,9,196,2,0.9704347569032704,0.9776498879554762,0.18181818181818177,0.320762484093323,0.924585958267962,92.4284407620961,0,1
1554,case33bw,train,31,7,76,1,1.0038018881314557,0.9922898410651616,0.06060606060606055,0.6322818989163176,0.8312429738253373,237.3045422254068,0,1
1555,case33bw,selection,15,2,30,2,0.7400625272393886,0.9772088724261625,0.030303030303030276,0.6204245566223201,0.9160350950445069,54.3674462706049,0,1
1556,case33bw,calibration,42,9,77,2,1.286854338674567,1.0110974790138856,0.1515151515151515,0.19120464086231378,0.9135152987947551,228.49367078876466,0,1
1557,case33bw,train,34,1,326,3,1.1740542127383495,0.9770641246460279,0.1515151515151515,0.5385405049298205,0.87365849095381,147.85850729915657,0,1
1558,case33bw,selection,53,3,306,3,0.7767548817885537,0.9970701534874001,0.0,0.4594055398189988,0.9681340772929006,30.101347086846385,1,1
1559,case33bw,train,31,0,253,5,0.8566778195630311,0.9948389268896527,0.06060606060606055,0.9640676248643238,0.9033853978054847,76.78584347437516,0,1
1560,case33bw,calibration,29,6,4,0,0.8660725572523527,1.0120427006625718,0.303030303030303,0.23237530767725667,0.9545927812525918,75.51891345664092,1,1
1561,case33bw,test,22,9,8,4,1.0176970562506267,0.988843834913424,0.06060606060606055,0.5628904079668633,0.8972175149252156,219.55386784050046,0,1
1562,case33bw,selection,7,12,103,3,1.1254413290033387,0.9893920507949395,0.12121212121212122,0.537970326179628,0.8870663423186342,271.8958163261173,0,1
1563,case33bw,train,48,11,133,2,1.0454676909408929,1.0276443080930666,0.12121212121212122,0.8775729520007824,0.9596349136256996,149.89750966771223,1,1
1564,case33bw,train,34,2,160,1,0.8247765473698698,1.0317658921534234,0.18181818181818177,0.25110199557545093,0.9809182961236689,36.85873122525604,1,1
1565,case33bw,train,57,1,330,6,1.1581610307528298,0.9884748181113483,0.21212121212121215,0.5135677801788922,0.9294662118594281,96.48793078389443,0,1
1566,case33bw,train,49,20,306,4,0.8732363542177116,1.0425377048686226,0.12121212121212122,0.6850489966789908,0.96027496008872,157.58363167858528,1,1
1567,case33bw,calibration,28,22,83,4,0.9491020823721583,0.9840911197956552,0.09090909090909094,0.7217084137070974,0.8974810199959086,129.60675434478702,0,1
1568,case33bw,train,6,22,26,0,1.1192239307965506,0.9992565151591608,0.030303030303030276,1.3108320882051243,0.9057145621391282,213.97137217789367,0,1
1569,case33bw,train,56,9,262,1,1.1480924103221368,1.0217806037548491,0.09090909090909094,0.12090832505626264,0.9457395548607941,168.9654570914528,0,1
1570,case33bw,selection,4,17,347,1,0.8104816877555537,1.0407399318362263,0.030303030303030276,0.516400504685811,0.9659158834016672,136.27252028922203,1,1
1571,case33bw,selection,7,19,130,3,0.8694101699672564,0.9750038472151652,0.12121212121212122,0.6747878986513934,0.9135965729908824,98.35130913399782,0,1
1572,case33bw,train,10,16,45,3,1.0268581900345992,0.9967017157028558,0.09090909090909094,0.8359863646146709,0.7636736065163257,478.4278397771294,0,1
1573,case33bw,test,39,11,116,4,0.8410085412594428,1.0071891128825192,0.09090909090909094,0.8100478087734865,0.8781485708753358,219.07975034767145,0,1
1574,case33bw,train,51,18,285,6,1.2906978595157628,1.0115587289574979,0.06060606060606055,0.24166893305114545,0.8558157545100917,315.7384211428568,0,1
1575,case33bw,train,51,13,162,2,0.7841382918475661,1.0022595120708282,0.09090909090909094,0.2630249424960768,0.8997819935533601,137.32257999973706,0,1
1576,case33bw,train,24,20,178,1,0.7646829971103466,1.0447489669869574,0.12121212121212122,0.9907688177343316,0.9313216500901136,105.95568094737123,0,1
1577,case33bw,train,54,23,73,4,1.159415326855669,0.9807156960276384,0.09090909090909094,1.0070168283663095,0.906934360580571,156.16002049744785,0,1
1578,case33bw,train,24,0,311,5,0.9339130139780566,0.9787255542108336,0.18181818181818177,0.8130980351160432,0.85420413717416,127.98065367709421,0,1
1579,case33bw,test,16,21,238,3,1.144311308221651,0.990417724729637,0.0,1.0662194246901942,0.8952528062522368,138.49174576539238,0,1
1580,case33bw,calibration,42,10,69,2,0.8729088953487958,0.9861667373951515,0.06060606060606055,0.7919090127099905,0.9213150293317942,114.62832149031493,0,1
1581,case33bw,train,48,23,270,1,0.975524110757249,1.0363832353509084,0.09090909090909094,0.1586821400012686,0.9924913079642217,63.233546793226864,1,1
1582,case33bw,train,51,6,254,5,1.167316796116677,0.9849336469391039,0.0,0.5063540251008604,0.8764840343122596,158.96125724121046,0,1
1583,case33bw,train,2,22,52,5,1.2192471974709373,1.0144221894769865,0.06060606060606055,0.16128413942692635,0.9449739522971708,139.3732999405841,0,1
1584,case33bw,train,50,21,57,1,1.0718943866772483,1.0181583105185081,0.1515151515151515,0.9947195755245114,0.8625070198433253,311.4333918402212,0,1
1585,case33bw,train,31,10,342,6,0.9278188721607672,1.0443701108764185,0.12121212121212122,0.6486963762740672,0.8676739906260901,281.0082168952002,0,1
1586,case33bw,test,17,1,265,0,0.8067061891710626,0.982369714892132,0.24242424242424243,0.9358292280595555,0.9322467895931692,42.646917509762126,0,1
1587,case33bw,train,57,13,133,2,1.2790312325188242,1.0342383436112932,0.0,0.6988550018290473,0.946484492437934,218.4065190032675,0,1
1588,case33bw,train,2,17,177,1,1.2340809332681828,1.0433799084798925,0.18181818181818177,0.6605851478984888,0.979968408051647,116.26671341675662,1,1
1589,case33bw,calibration,33,10,175,3,0.8598739895299234,1.0307583504333815,0.06060606060606055,0.48758501179404234,0.9351511823602164,115.64769959740661,0,1
1590,case33bw,train,10,2,203,1,0.9190308030340341,1.0164828009285805,0.09090909090909094,0.4730599962341208,0.924098631825068,77.43900275458313,0,1
1591,case33bw,train,30,10,66,4,0.9513930103620611,0.9780560539013616,0.06060606060606055,0.9551538918006214,0.7310220359882249,473.862220877039,0,1
1592,case33bw,train,26,0,20,2,0.9863577432384031,1.0427500917943449,0.06060606060606055,0.5403169264770559,0.9229159353972187,135.30533419023345,0,1
1593,case33bw,train,45,1,228,5,1.090179213047072,0.9924099987681461,0.21212121212121215,0.16036413944203093,0.9414502683684788,67.62414156289687,0,1
1594,case33bw,selection,4,12,313,2,1.09927270457394,0.9769987511172711,0.0,0.20799526727759898,0.8555717483885719,336.52062597144993,0,1
1595,case33bw,test,39,20,88,1,0.728794247994147,1.0295907382545528,0.030303030303030276,0.7538460011122106,0.9303702682778063,130.10631245482602,0,1
1596,case33bw,test,22,8,37,5,0.9471505565840577,0.9880125509657247,0.0,0.4656624056374421,0.9203886132332606,118.77579201437608,0,1
1597,case33bw,train,40,4,233,3,1.2473739806081978,1.0197370583052003,0.06060606060606055,0.7380568904666122,0.9213175450953957,126.71627599123254,0,1
1598,case33bw,train,50,6,274,4,1.1918851656830922,1.0064880814451616,0.06060606060606055,0.48250262461489357,0.8873882683849396,185.11691685254465,0,1
1599,case33bw,train,31,0,272,1,1.0149499187999063,1.0394145709033098,0.1515151515151515,0.7688905626093637,0.9148845621228094,140.5542389515424,0,1
1600,case33bw,train,10,3,329,3,1.0855606913174,0.9769927713750006,0.18181818181818177,0.7891042687168807,0.8299140086420346,191.90331200962248,0,1
1601,case33bw,train,57,0,29,0,1.1456505766259641,1.038944825657931,0.2727272727272727,0.6580118352244773,0.9728084402584571,127.01307056820401,1,1
1602,case33bw,test,5,8,27,4,0.9079393175488379,0.9920611706847079,0.06060606060606055,0.23027864452176283,0.6657150708558381,994.3004242600813,0,1
1603,case33bw,train,46,13,321,1,0.9955594843264906,0.9875157663641893,0.06060606060606055,0.5418708545081942,0.9203408029467574,169.2605563899778,0,1
1604,case33bw,calibration,28,17,14,5,1.0894121736898137,0.9921377819429056,0.12121212121212122,0.3131101208331112,0.8798577799084648,208.3779315027704,0,1
1605,case33bw,train,35,15,326,2,1.1559641581125684,1.032672637286257,0.0,1.0614601793996747,0.9329563514387521,256.7827030944566,0,1
1606,case33bw,train,10,23,90,4,0.88196787184268,1.0377811808212234,0.21212121212121215,0.5631701662674573,0.91160654989448,144.42691738687384,0,1
1607,case33bw,calibration,27,9,308,4,0.9408243363393922,1.0390525959043153,0.030303030303030276,0.5083081355446594,0.9390709983722939,143.48935973785882,0,1
1608,case33bw,train,45,19,178,3,1.0444707989983426,1.0219599371614907,0.09090909090909094,0.371805781591965,0.9512592483589571,124.40116270390523,1,1
1609,case33bw,selection,15,17,238,2,0.9998788697911662,1.028517360825811,0.030303030303030276,0.7915292115784388,0.9374207519723732,122.41987986497614,0,1
1610,case33bw,selection,44,2,102,4,0.7406605705676734,1.0437833244455361,0.0,0.651687504206853,0.9976686990868692,51.31346736241757,1,1
1611,case33bw,test,16,14,279,2,1.164699189435836,1.0327881415915083,0.09090909090909094,0.5704645103214687,0.91260308892606,217.3990653634753,0,1
1612,case33bw,train,56,14,56,6,0.7474346552094902,0.9847080855083953,0.030303030303030276,0.48700042458710247,0.931340679343036,86.17322091711397,0,1
1613,case33bw,test,17,6,183,0,0.9784799774683038,1.0368371895808737,0.12121212121212122,0.45526010630902447,0.9804520361464838,55.05681848438692,1,1
1614,case33bw,train,10,21,83,1,0.7980958021467575,1.0029377928770686,0.030303030303030276,0.6277981422541618,0.8496023918448153,206.341518201089,0,1
1615,case33bw,calibration,36,21,242,0,0.7465218679803616,1.027538430079832,0.1515151515151515,0.6136968668877671,0.9790276002055308,64.22586009259712,1,1
1616,case33bw,selection,4,20,27,3,1.2905670761710026,0.9819701196242301,0.09090909090909094,0.7823772857630676,0.8464639525668728,427.6630900000697,0,1
1617,case33bw,train,2,22,33,4,0.9343694921405219,1.0272789201795374,0.12121212121212122,0.6297946236990691,0.9692250273657046,96.36307771250196,1,1
1618,case33bw,train,6,11,133,5,0.7267726947831125,1.0315381932073497,0.0,0.21454388497656748,0.9761471621932385,75.77154508843765,1,1
1619,case33bw,train,26,15,296,3,1.2990576456793579,1.0152062000886015,0.21212121212121215,0.2758935221944659,0.7730934127556452,517.3075736188302,0,1
1620,case33bw,train,54,11,221,5,0.8550726360505791,0.9778892116075152,0.0,0.2991725290720859,0.9227427954711157,89.59026895554965,0,1
1621,case33bw,train,57,14,243,6,1.101853583606741,1.0134812645334554,0.030303030303030276,0.7759737273595118,0.9476780230248095,126.10532423445248,0,1
1622,case33bw,train,31,19,111,1,0.8496032405420255,1.0072256069182144,0.09090909090909094,0.15948243120612343,0.8733015873280594,163.73364872924174,0,1
1623,case33bw,selection,53,7,326,1,0.7540495838360701,1.0230195929374206,0.06060606060606055,0.48015963282370067,0.9844598923639213,54.56194537908224,1,1
1624,case33bw,train,34,0,156,2,0.7908970598327234,1.027015982194206,0.09090909090909094,1.006443712544858,0.969474283899907,46.802011141283934,1,1
1625,case33bw,calibration,42,13,347,4,0.9618942581585357,1.0328354986478505,0.06060606060606055,0.43194151636486716,0.9558008728827475,156.5876335434559,1,1
1626,case33bw,train,54,15,252,0,0.897044670773816,0.9907346903133314,0.1515151515151515,0.8175478398530409,0.9333289328658113,97.15511801938484,0,1
1627,case33bw,calibration,42,0,210,3,1.1195573724769627,1.0248347528514492,0.12121212121212122,0.3122855329908542,0.9768709950088266,62.78380474540825,1,1
1628,case33bw,selection,20,19,279,5,1.061167063222303,1.0245089477255094,0.06060606060606055,0.7851747472100344,0.9542429372830958,116.46315520841208,1,1
1629,case33bw,train,50,9,173,4,1.132623261747718,0.9873566162752682,0.18181818181818177,0.6477829089070861,0.8241266279647813,344.2606498920817,0,1
1630,case33bw,train,13,19,270,5,1.0445641399574217,1.0068177698224858,0.12121212121212122,0.7145858791610531,0.952754968862539,92.66221690448306,1,1
1631,case33bw,train,37,16,53,0,1.1978915756546218,0.9828669636897726,0.24242424242424243,0.17319924322028155,0.690264743883957,1206.9011971790803,0,1
1632,case33bw,train,45,17,226,3,1.0335421311980555,1.0220177496218705,0.18181818181818177,0.16944491450970434,0.95070974910835,131.57928560581783,1,1
1633,case33bw,train,38,20,226,1,1.0812468705457776,1.0222391895347827,0.030303030303030276,0.49222060229501924,0.9522727290457649,136.4939892282179,1,1
1634,case33bw,train,57,19,17,2,1.0560834453448469,1.000843516592555,0.09090909090909094,0.6726254887168098,0.9251847428448036,166.5471657770194,0,1
1635,case33bw,train,38,23,236,0,0.9210032402239376,0.9895056044577518,0.1515151515151515,0.8831827879867213,0.9347769476977761,78.74587561919316,0,1
1636,case33bw,test,25,1,281,4,0.7964864140695209,1.0368021895249504,0.1515151515151515,0.2034077599450134,0.9483667474357675,66.90116643451819,0,1
1637,case33bw,test,25,10,266,0,1.1567574935555072,0.9944260723460348,0.0,0.30627921937229347,0.7547850326856804,475.72177112770095,0,1
1638,case33bw,train,9,1,13,6,0.8786094269552542,0.9814590487350545,0.12121212121212122,0.6982086300772703,0.8616131586390243,128.74940915884176,0,1
1639,case33bw,calibration,33,9,246,1,0.7386636317754876,0.9780205139189824,0.09090909090909094,0.8057699969759344,0.8937952590264563,93.91347484052012,0,1
1640,case33bw,train,51,4,342,4,1.0851410554924585,0.9878802362162447,0.12121212121212122,0.38389455978528675,0.8835559311693899,142.87792307005634,0,1
1641,case33bw,train,6,16,140,2,1.0962714591312985,1.0136400235804481,0.12121212121212122,0.3425955890596668,0.9330531529114037,164.04661279603206,0,1
1642,case33bw,calibration,28,14,277,3,1.0371542656424808,1.026569557861003,0.030303030303030276,0.37799199545332096,0.9309050601360268,152.56966351783498,0,1
1643,case33bw,train,35,5,78,6,1.2973569062246944,0.9808511624147246,0.12121212121212122,1.1122854995280405,0.9100605422999409,132.12463940702162,0,1
1644,case33bw,test,17,11,262,2,1.0234926344861863,0.9756229222591087,0.1515151515151515,0.18059704744693805,0.8660875522591781,200.2419018323401,0,1
1645,case33bw,calibration,41,22,123,5,0.9385462933093534,1.0118331682424464,0.06060606060606055,0.5307351656028537,0.916588537446562,120.286511818809,0,1
1646,case33bw,selection,53,6,202,5,0.8391515778988539,1.0396262386317696,0.18181818181818177,0.5410033573509906,1.0101987365552492,31.891054528203984,1,1
1647,case33bw,test,39,10,306,6,1.0465765182233084,1.002281455734982,0.0,0.9652383161463655,0.8351400679986786,365.1870376800774,0,1
1648,case33bw,selection,8,14,44,5,0.9819655347094687,0.9927664935718209,0.1515151515151515,0.5591812813646639,0.7388250895059622,565.3259393400866,0,1
1649,case33bw,train,57,4,127,1,1.077441796319066,0.975097390512464,0.24242424242424243,0.12239333282313976,0.9300143382900307,58.17453934150058,0,1
1650,case33bw,train,55,2,282,1,0.9379060607061787,0.9848896025229729,0.06060606060606055,0.552623953779042,0.9432751282313789,50.04751944074631,0,1
1651,case33bw,selection,12,4,23,3,1.0560566067421442,0.9861396520175891,0.12121212121212122,0.11523340798116877,0.9454888507344051,60.35975119611031,0,1
1652,case33bw,calibration,27,14,44,3,0.9541410820482409,0.9856655448056423,0.12121212121212122,1.1793011528522037,0.8462663273441704,261.20359498751907,0,1
1653,case33bw,train,49,20,323,6,0.8991047302545221,1.0091909124360765,0.06060606060606055,0.25806565603710163,0.9223074221560909,176.63937757429542,0,1
1654,case33bw,train,23,12,323,5,1.1704505981238011,1.0283332630174395,0.09090909090909094,0.7486542089653405,0.7783827366016058,497.1552742713201,0,1
1655,case33bw,train,37,8,81,2,1.0009663208921986,1.0294372415532689,0.24242424242424243,0.1328692321321349,0.8329707433159989,534.3281102198205,0,1
1656,case33bw,train,54,13,241,0,1.2790573434878865,1.0130264521548287,0.06060606060606055,0.08775934831818762,0.9258307437940574,222.0977675469416,0,1
1657,case33bw,train,55,13,31,3,0.9114108286277005,0.9770723361590612,0.030303030303030276,0.7085788434015576,0.9023095372283703,161.95449425220698,0,1
1658,case33bw,train,1,19,154,4,1.2816790362071715,1.0093183671280799,0.030303030303030276,1.1573370542525405,0.9429994160508534,131.65787353952294,0,1
1659,case33bw,train,38,5,110,6,0.8805341577282589,1.0017166489234133,0.24242424242424243,0.29186363991450803,0.961486247321124,43.5704117574423,1,1
1660,case33bw,train,30,22,275,2,0.776356540881714,1.0115372832376848,0.12121212121212122,0.6949745338728665,0.8864087302133266,126.29544638095925,0,1
1661,case33bw,train,54,20,208,6,1.2845458891433443,1.03681813015755,0.06060606060606055,0.5086950904170701,0.9716975001975594,126.63872330465273,1,1
1662,case33bw,calibration,42,18,362,5,0.8410846445939919,1.0333349895851451,0.09090909090909094,0.5949906178162531,0.9823158076110012,73.91515916890292,1,1
1663,case33bw,train,47,12,359,5,1.1025969746040194,1.020972880169557,0.1515151515151515,0.5482210634111853,0.9439445965844625,191.33393758022638,0,1
1664,case33bw,train,3,1,171,3,1.2176935828526942,1.0207800008691963,0.09090909090909094,0.3772649848599832,0.9572803038106129,98.96889380160212,1,1
1665,case33bw,train,51,14,144,4,1.0503082878402064,1.0435584275493914,0.06060606060606055,0.5042114475250752,0.9057842527819566,253.28489718816732,0,1
1666,case33bw,train,9,19,118,0,1.2860158513590254,1.018914579783887,0.06060606060606055,0.8701058823141075,0.7466487488610871,647.0354468675038,0,1
1667,case33bw,train,55,15,1,3,1.0985179888988383,0.9802148512674291,0.1515151515151515,0.1675451927127896,0.8881870381339887,236.9747457686074,0,1
1668,case33bw,train,18,22,189,5,1.281841026521599,1.0316423224862505,0.0,0.23601725399839535,0.9482862043772304,130.80829626752652,0,1
1669,case33bw,test,39,23,34,0,1.0759497593407223,1.0428878793010508,0.06060606060606055,0.18398018480969514,0.9013283380834601,259.6966911274561,0,1
1670,case33bw,train,35,22,148,3,1.2807444945445456,1.002644920707365,0.303030303030303,0.7981969786718253,0.9180929001400412,191.45793898658587,0,1
1671,case33bw,calibration,11,5,263,6,1.1512069975062054,1.0421853651366935,0.06060606060606055,0.2803760471589744,1.0027971985067736,49.07407551014861,1,1
1672,case33bw,train,50,16,302,0,1.2832876381483198,0.9948434118684228,0.2727272727272727,0.8152182032108637,0.793672564469803,519.4461865267268,0,1
1673,case33bw,test,19,18,225,2,1.2501784356846062,1.0394544547985678,0.18181818181818177,0.3746085134424497,0.9539125861886737,157.3170108115462,1,1
1674,case33bw,train,34,10,224,1,1.1131006143507687,1.0309289716385888,0.1515151515151515,0.7580778485934151,0.9143466063531901,188.0389838891533,0,1
1675,case33bw,calibration,29,6,284,4,0.9958697070369408,1.0414831223737757,0.18181818181818177,0.1105358802406397,0.9862152978660078,72.97885587457965,1,1
1676,case33bw,test,22,0,177,1,1.1056245000765403,0.9949667845489663,0.030303030303030276,0.31574614567402604,0.9423514509856575,75.41027328415167,0,1
1677,case33bw,calibration,42,10,289,4,0.748999130646385,0.9964092351019761,0.1515151515151515,0.11259974581235148,0.9424162341517794,76.385708995192,0,1
1678,case33bw,train,54,19,195,2,0.8501121130433783,0.9762519253874693,0.06060606060606055,1.128793533786249,0.9253565822501755,74.28634598610554,0,1
1679,case33bw,train,48,20,363,6,0.9854638506975433,1.0063378908488192,0.030303030303030276,0.8373743412582182,0.949635144392587,116.74718091743,0,1
1680,case33bw,train,13,16,260,2,0.958123759893992,1.0420699760107415,0.030303030303030276,1.1604310984181005,0.9927747000352471,78.1318113088286,1,1
1681,case33bw,calibration,29,21,336,3,1.0986408498941305,1.0133346414903786,0.030303030303030276,0.9291495136325354,0.9293828177959285,175.0359722897119,0,1
1682,case33bw,train,40,23,250,0,1.1796391979270413,1.0022621202604858,0.0,1.115650266883171,0.8870098352189147,175.49675980208832,0,1
1683,case33bw,train,54,17,140,5,1.1196198460792897,1.020635915640283,0.06060606060606055,0.6262923301062995,0.9534444558985131,128.4983566126782,1,1
1684,case33bw,selection,44,15,308,0,0.8523315524714725,0.9792359353159301,0.2727272727272727,1.0461154878700933,0.8892534195372492,196.46960858422668,0,1
1685,case33bw,train,3,7,200,4,1.224998640198021,1.0173094805746248,0.030303030303030276,0.4454664760027365,0.9438295567316896,127.92774746885382,0,1
1686,case33bw,selection,20,10,135,5,0.9159019514116262,1.0165176353939547,0.030303030303030276,0.18776753333834056,0.9472769765533058,112.14524700852326,0,1
1687,case33bw,train,56,12,235,5,0.747520735613552,0.9886712571392746,0.09090909090909094,0.8461081311822323,0.9383630344734397,72.74645434419622,0,1
1688,case33bw,train,23,18,68,1,1.0309150603109474,0.983959138029729,0.18181818181818177,0.1973818337669081,0.7618406458454464,394.24293829163247,0,1
1689,case33bw,train,35,12,224,2,0.9082324251176638,1.0154808653388205,0.0,0.4047017869072483,0.9452280992572692,127.6569469917671,0,1
1690,case33bw,train,49,6,69,3,0.7324898797674807,1.0339787964866993,0.12121212121212122,0.5574521704435501,0.9806785198774667,68.40660585993635,1,1
1691,case33bw,calibration,28,15,321,0,1.2191166041444794,0.9832390170243079,0.09090909090909094,0.32904526395564576,0.8439832391085278,312.0857173259416,0,1
1692,case33bw,test,16,9,120,2,1.2516687471578125,0.9930552014675922,0.18181818181818177,0.9482389132270715,0.861348448303632,271.147503054575,0,1
1693,case33bw,selection,7,16,100,2,0.9061011416385396,1.0032742331584368,0.2727272727272727,0.17780552066909253,0.9334471664223405,122.00378793505558,0,1
1694,case33bw,train,21,18,273,5,1.220845806813361,1.0078771159393307,0.21212121212121215,0.1951803168385852,0.9252064759625409,165.96638637603724,0,1
1695,case33bw,calibration,41,6,135,1,1.2085150392628692,1.0186354528442656,0.24242424242424243,0.13317825949443868,0.9014343529993999,179.83073911373043,0,1
1696,case33bw,train,49,0,143,3,0.8224330491925906,1.0315916927074618,0.06060606060606055,0.25405505469557466,0.9787892574875382,68.17225284618144,1,1
1697,case33bw,selection,4,4,154,2,1.2788408646124683,1.0066359605248982,0.0,0.5155434238650334,0.939789639153288,104.47554471094543,0,1
1698,case33bw,train,18,13,340,5,1.1967716759719742,1.012332234283733,0.06060606060606055,0.7285200703288638,0.8975402579575448,241.38665669645022,0,1
1699,case33bw,train,46,20,326,2,1.0614204212408656,0.9892600031388984,0.030303030303030276,0.6629721748556814,0.9230369608989386,155.1500909638069,0,1
1700,case33bw,calibration,36,18,53,2,1.236381032299591,0.9788368556591444,0.21212121212121215,0.5603476149757451,0.8661699424263649,332.93599808426615,0,1
1701,case33bw,train,13,11,266,1,1.2550449971354611,1.0128374290881095,0.1515151515151515,1.3673966887825268,0.9367069805699115,188.91674954009977,0,1
1702,case33bw,train,14,14,293,1,1.07180273139062,1.0192029512887042,0.06060606060606055,0.5366078135121538,0.9521240532266501,141.17369651137852,1,1
1703,case33bw,selection,8,22,103,3,1.2629732448328048,1.0125843116642224,0.24242424242424243,0.1003522558346219,0.7478972655605498,611.7767831551697,0,1
1704,case33bw,test,25,10,44,4,0.8680880542725952,1.041916432326037,0.0,0.5535167177101251,0.8581074384591021,285.1438854096736,0,1
1705,case33bw,train,50,10,68,2,0.8728155001735124,1.0287165581630329,0.12121212121212122,0.7062142257725267,0.8877954634843732,266.77284645115225,0,1
1706,case33bw,calibration,42,7,193,1,1.1525958901222406,1.0077021228395173,0.1515151515151515,0.729300198182142,0.9512382246696951,81.47961086050081,1,1
1707,case33bw,test,16,11,288,5,1.25374785828593,1.0403374559965826,0.09090909090909094,0.49129305852425575,0.906581583077636,273.6457685951035,0,1
1708,case33bw,train,0,23,309,3,0.9363940218806387,1.0008045067599824,0.0,0.37873326978851474,0.9452040435298166,89.7269895070116,0,1
1709,case33bw,test,16,3,229,4,0.941795647283016,0.9897389158294836,0.030303030303030276,0.42319814670804007,0.9352407023134246,46.49160530393329,0,1
1710,case33bw,train,38,13,227,4,1.0161393979074875,1.0161494517720107,0.09090909090909094,0.6588653829279503,0.9401540574308647,152.73638040170525,0,1
1711,case33bw,train,37,9,332,3,1.1356722955848553,1.0292667540307028,0.0,0.4955427645847238,0.7630161156797187,987.3666992104269,0,1
1712,case33bw,train,48,17,74,0,0.8110880228764953,0.9817520073505795,0.09090909090909094,0.640127512863215,0.931863510106196,88.4372223509172,0,1
1713,case33bw,train,0,4,328,5,0.9857313695846333,0.9814642507160084,0.06060606060606055,0.33752117739678444,0.9345546513902964,58.04641136049476,0,1
1714,case33bw,selection,4,23,228,4,1.2742720657874416,0.9871226538750482,0.0,0.17626190935790895,0.8997364245125545,173.5182915466342,0,1
1715,case33bw,train,47,22,281,6,0.889547946906745,1.0035308152773652,0.0,0.6690777194831711,0.9613645884612813,64.23075991036205,1,1
1716,case33bw,selection,15,22,17,1,0.7935552341187138,0.9990801599259016,0.030303030303030276,0.4972170564630591,0.9172397128192454,96.10560856786125,0,1
1717,case33bw,train,9,13,218,1,1.1496148023073753,1.0395325839879714,0.06060606060606055,0.47446845634699886,0.8230108242488454,421.2477486386545,0,1
1718,case33bw,train,31,3,300,4,1.2576108616297346,1.0033973156244123,0.06060606060606055,0.6746017387547563,0.8692841870405095,163.4498129096793,0,1
1719,case33bw,train,23,13,111,5,1.1003699381767738,1.0009958429931178,0.06060606060606055,1.0038937505071974,0.7764384033743138,406.144165506003,0,1
1720,case33bw,train,45,8,213,4,0.8719876741647071,1.0388848037023457,0.0,0.3830412198868076,0.9792132810333224,87.77970821785934,1,1
1721,case33bw,train,30,16,357,3,1.2022125009355806,1.016115193409236,0.030303030303030276,0.7123730361200353,0.7246202556310618,648.5971908581517,0,1
1722,case33bw,test,39,12,331,5,0.9032598293263407,1.036598521609544,0.09090909090909094,0.41543544279671946,0.8983003344052517,255.331129637671,0,1
1723,case33bw,train,57,22,201,2,0.9633587414321401,0.9796599900646898,0.21212121212121215,0.27884132993766464,0.924682344957862,83.33957683589414,0,1
1724,case33bw,calibration,29,20,334,0,0.7953001158621468,1.0215921941919883,0.06060606060606055,0.367017567459576,0.9619390617349731,87.87076764361368,1,1
1725,case33bw,train,6,13,209,0,0.9677044656665884,1.0109957384836685,0.06060606060606055,0.31405254147763384,0.9363350303795632,138.42669585603628,0,1
1726,case33bw,calibration,43,12,151,2,1.1024019137629808,0.9793118950214025,0.030303030303030276,0.2181838373202737,0.9087818285866816,150.53048015563533,0,1
1727,case33bw,selection,44,15,205,2,0.9923571728964771,0.9969777140570208,0.12121212121212122,0.661684243802496,0.9061867073727707,197.71687680332326,0,1
1728,case33bw,train,55,11,74,0,0.9903190238218196,0.9833750182909297,0.24242424242424243,0.46658258501820216,0.8982866882224536,211.38598404632424,0,1
1729,case33bw,calibration,11,18,337,5,0.7303342487952126,1.0178766553932475,0.21212121212121215,0.849712189101878,0.9762196786820312,58.05570293877621,1,1
1730,case33bw,train,56,1,259,6,0.8080096108361295,1.0065772080597037,0.09090909090909094,0.5617518299403925,0.9736576053890413,30.20614320603992,1,1
1731,case33bw,train,50,19,344,1,0.7626915191204918,1.0295131154200854,0.12121212121212122,0.4166206069082349,0.9213501353956358,160.3397143630867,0,1
1732,case33bw,train,26,10,57,5,0.8878218592772577,1.0322363609174452,0.06060606060606055,0.5961230655076725,0.8741324229367955,222.7111879843917,0,1
1733,case33bw,calibration,42,3,119,5,0.7901716261932344,1.0313953828221563,0.18181818181818177,0.34258348524160576,1.0034013235353185,22.719290269298483,1,1
1734,case33bw,test,16,21,22,6,1.0081360704854239,0.9831890341074978,0.09090909090909094,0.9249061000519849,0.8748304943491905,182.85443842765355,0,1
1735,case33bw,train,35,18,252,3,0.7722040094459309,1.0395595524008856,0.06060606060606055,0.7102208279233544,0.9912685429358037,65.22819609842881,1,1
1736,case33bw,test,39,21,301,4,0.8758768478608392,1.0217784476396299,0.12121212121212122,0.2614001317572958,0.904511756728607,182.21059545392367,0,1
1737,case33bw,train,14,11,313,0,0.9086527759676052,1.0115874197212875,0.06060606060606055,0.6605722867126628,0.9490973732824554,120.07066846819947,0,1
1738,case33bw,selection,8,3,215,4,1.263215533228712,1.032741813333108,0.0,0.23028768188656942,0.9038294803870188,150.4773885866293,0,1
1739,case33bw,calibration,27,20,184,1,0.7569817556125725,1.0002616933015156,0.09090909090909094,0.5987386627589236,0.9343412254178662,63.26110771775173,0,1
1740,case33bw,train,45,15,243,3,1.1382777072715289,0.9886538072625423,0.12121212121212122,0.44113028522728515,0.8982388740641601,204.62010561081928,0,1
1741,case33bw,calibration,43,4,145,5,1.1012276636972174,1.0221236343998843,0.18181818181818177,0.7098025164160326,0.9864086438375933,37.85795785435635,1,1
1742,case33bw,train,10,0,218,6,0.8966399330331714,1.005116430487245,0.0,0.2414038980859662,0.9041851799945433,92.06255285309791,0,1
1743,case33bw,calibration,36,14,134,6,0.9951582566979915,1.0449168990836983,0.030303030303030276,0.5424658804778903,0.9734165913744226,139.05834275492754,1,1
1744,case33bw,train,49,18,81,1,0.8116863661713435,1.0411833187174258,0.12121212121212122,0.25867755558123384,0.9601342539532467,153.47959858061594,1,1
1745,case33bw,test,19,3,119,2,0.8434448809079892,0.9878192912155527,0.21212121212121215,0.30456228984027744,0.9443639184282375,41.68142407213053,0,1
1746,case33bw,test,19,14,173,0,0.7327697847445007,1.0231818674002313,0.12121212121212122,0.8774289811376751,0.9672115400634401,67.57192097730102,1,1
1747,case33bw,train,24,2,8,5,0.8936184294353416,1.0112726816570534,0.18181818181818177,0.29499689868945655,0.9034593854334365,97.02527816384358,0,1
1748,case33bw,calibration,43,15,330,6,1.1383497623493308,1.0337756449534858,0.030303030303030276,0.5540920843580294,0.9677785651223791,140.48884392965573,1,1
1749,case33bw,train,32,13,15,6,1.105748685672522,1.0167601291530077,0.09090909090909094,0.4385537363860329,0.8219568691257971,392.7533929244697,0,1
1750,case33bw,train,2,23,109,3,0.95857271383643,1.0046329494953006,0.030303030303030276,0.2921786178362907,0.9544829315165897,75.08419086837293,1,1
1751,case33bw,train,38,12,10,0,0.8307911076216028,0.980030669672686,0.18181818181818177,0.7391063869984145,0.8976234094105594,176.78446414418363,0,1
1752,case33bw,selection,59,16,77,1,0.7872130837764758,0.997031209658051,0.0,0.6994261369675716,0.9394732883276454,97.40785640851455,0,1
1753,case33bw,test,25,11,137,4,0.8448086896269158,0.9928903415718461,0.303030303030303,0.8405158041882907,0.8294252850783265,221.15655863885905,0,1
1754,case33bw,train,6,11,139,0,1.0062328690858147,0.9974414800741825,0.0,0.774413746810254,0.9107852282255819,185.29386831065096,0,1
1755,case33bw,test,19,4,38,4,0.7732637067105163,0.9899672495465278,0.030303030303030276,0.22260840820756442,0.9433649442858164,45.789598100298385,0,1
1756,case33bw,train,23,18,218,2,1.0165075677790196,0.9956099132284579,0.1515151515151515,0.2854310049131864,0.8401602805935194,199.251710532818,0,1
1757,case33bw,calibration,29,10,55,5,1.0170873491178023,1.0251561203589579,0.06060606060606055,0.13011934958225396,0.9385602009817039,179.2720715683775,0,1
1758,case33bw,calibration,41,18,192,2,1.0335787774119012,0.9903167332994683,0.030303030303030276,0.534998972519286,0.8724756482253768,184.44736672874288,0,1
1759,case33bw,train,48,15,116,2,1.126340459276201,1.0031993155677927,0.24242424242424243,1.1973377243229495,0.9320388598759533,168.76626104657495,0,1
1760,case33bw,test,16,4,332,0,0.9898728107072648,0.9941732893640002,0.12121212121212122,0.6251486929288959,0.924850437703946,76.17858007365122,0,1
1761,case33bw,train,55,17,359,0,1.1885845772604462,1.0438695794269177,0.030303030303030276,0.43056011693590857,0.9541629653016068,226.712444929887,1,1
1762,case33bw,selection,20,5,126,2,0.8927769481184619,1.0203392897915582,0.09090909090909094,0.683095288405492,0.9797462605273887,39.45757911247922,1,1
1763,case33bw,train,48,5,344,3,1.2083298312277009,1.033926319920384,0.21212121212121215,0.10408303532438024,0.9827022090940745,92.21015997855199,1,1
1764,case33bw,test,58,13,62,1,0.7556286059236909,1.0357842241256696,0.1515151515151515,0.8693952655648666,0.9757569327286574,102.0013585622119,1,1
1765,case33bw,train,2,21,112,1,1.214693407852313,0.9868628414099614,0.18181818181818177,0.3556106700045512,0.916246781042016,144.62558488618748,0,1
1766,case33bw,test,5,12,265,1,1.0617095401422776,1.0305572999437083,0.06060606060606055,0.460770777466143,0.6351362176158816,1437.7379076240081,0,1
1767,case33bw,train,40,7,243,5,1.0998859754292944,1.0124845815810812,0.09090909090909094,0.23343924008498887,0.9113392623288518,136.64804290033263,0,1
1768,case33bw,train,57,0,179,4,1.0314308987034806,0.9801927572667882,0.1515151515151515,0.4638437964521769,0.932029436019582,67.56094915650678,0,1
1769,case33bw,train,48,18,163,4,0.7612318479528577,1.014800081046898,0.1515151515151515,0.6082420614592715,0.9768987000059548,51.863112174025396,1,1
1770,case33bw,train,45,5,43,5,1.2589213018786174,0.9760865687739768,0.303030303030303,0.35250535223663537,0.8999684429059018,146.85755460405636,0,1
1771,case33bw,selection,15,18,38,2,1.2860430329170367,1.0261677029914982,0.12121212121212122,1.0084292619810613,0.865000044087019,372.2447736984287,0,1
1772,case33bw,test,19,18,342,0,1.0659887702061515,1.0170500976672636,0.12121212121212122,0.6709858257113804,0.9180936959668212,204.0438831887737,0,1
1773,case33bw,train,35,3,305,6,0.7304475675905514,1.0146697295624563,0.030303030303030276,0.6759850945276137,0.9812054538149451,30.279496461238004,1,1
1774,case33bw,calibration,11,5,329,4,1.2270505598535906,1.0215367463439715,0.06060606060606055,0.8703268647376425,0.9678852031822915,92.59116261811457,1,1
1775,case33bw,test,17,0,260,5,1.0313220787131003,1.0071254999752373,0.0,0.8435491206717654,0.9436785101515978,68.63206269439884,0,1
1776,case33bw,train,6,21,51,5,0.9017289660608244,1.013511471988297,0.09090909090909094,0.36573411823504337,0.9452864591229435,119.45237699713162,0,1
1777,case33bw,test,25,13,187,1,0.9907777906843501,0.9978120295363719,0.030303030303030276,0.2795280727033774,0.820558051972983,269.0677961152179,0,1
1778,case33bw,selection,12,6,359,6,1.2620948026458438,1.0350518324941234,0.1515151515151515,0.9189436248731202,0.9832249246181289,99.85717101833016,1,1
1779,case33bw,train,3,4,303,2,0.8765891418360282,1.0396985950475914,0.030303030303030276,0.3574248137897424,0.9946561451459014,50.042942291560834,1,1
1780,case33bw,test,52,8,320,4,0.9987868122092403,1.0392536235525085,0.21212121212121215,0.20569000526459053,0.9024350847283148,255.07186663845266,0,1
1781,case33bw,calibration,11,0,304,6,0.9509407408940069,1.0255521875373947,0.030303030303030276,0.515332730866715,0.9838460737353918,53.53942906488624,1,1
1782,case33bw,selection,15,5,148,6,0.7865570893327503,1.0313660548210453,0.12121212121212122,0.8318917810394851,0.983863435493521,32.90850783287903,1,1
1783,case33bw,selection,12,12,143,0,0.7467235554999543,1.0436827164028266,0.0,0.5022419090139344,1.0023264574075315,60.33728089260378,1,1
1784,case33bw,selection,59,0,263,3,1.0475842822657007,1.0367222693818166,0.09090909090909094,0.6646747621210246,0.9849682780567056,77.20123368682991,1,1
1785,case33bw,test,16,10,290,0,0.7656549434912683,0.9979993118840584,0.06060606060606055,0.6438172482817626,0.9114640436197602,112.23663329085367,0,1
1786,case33bw,train,38,11,73,1,1.0040884299260884,1.0296351077617456,0.0,0.4759528617383446,0.9352105815321009,240.7580892363598,0,1
1787,case33bw,train,6,16,18,5,1.1088486487580458,1.0311066175756214,0.030303030303030276,0.5762016041244432,0.9428668936350757,180.20959319885924,0,1
1788,case33bw,train,48,19,44,0,1.2921905527469435,1.0443576560335601,0.12121212121212122,0.27488142226916074,0.9609689197490117,222.26546243555316,1,1
1789,case33bw,train,6,13,354,1,0.7510508914069475,1.0080818887551637,0.18181818181818177,0.2170993497467804,0.9349021064926446,139.02437443983436,0,1
1790,case33bw,calibration,41,2,200,1,1.025253523980491,0.981761451571509,0.030303030303030276,0.20472482310546597,0.9051463567467134,78.68405063099235,0,1
1791,case33bw,selection,44,15,303,5,0.8631610615565727,1.006548286222961,0.1515151515151515,0.23818505747856789,0.9314288636564776,137.23600941604346,0,1
1792,case33bw,test,25,6,18,4,0.9777429065892486,0.9937502392401203,0.0,0.8564703795307547,0.8401762914469909,197.7125244330141,0,1
1793,case33bw,train,30,13,156,3,1.0228803007207639,1.0120857520579938,0.18181818181818177,1.0555991437377417,0.8057448494205038,333.99904494700843,0,1
1794,case33bw,train,57,13,95,0,1.1956525061890546,0.9958753899635687,0.030303030303030276,0.3298105167737635,0.8993158727906625,268.26125198720587,0,1
1795,case33bw,train,38,15,125,5,0.9956036521654804,1.0381145953747402,0.030303030303030276,0.8571591206515942,0.9699476659180155,121.1100564940961,1,1
1796,case33bw,train,49,6,332,6,1.0649617846214805,1.0070649012008195,0.0,0.23028528380290975,0.9254227301468494,155.54124024447478,0,1
1797,case33bw,train,6,10,108,5,1.2284359904859539,0.9812822533306794,0.12121212121212122,0.657897452112384,0.875655731928265,282.24484191631933,0,1
1798,case33bw,test,39,3,74,1,1.1572618383753086,1.0053016854789554,0.18181818181818177,0.12546240127121713,0.8971768427498077,153.9856408730864,0,1
1799,case33bw,selection,53,1,139,3,0.9190103395597153,0.9813539543755792,0.0,0.3454650627820445,0.9443165448961136,50.77447344088541,0,1
1800,case33bw,train,37,13,136,1,1.0076555795297948,0.9890963806526136,0.12121212121212122,0.6359343633800348,0.767029616248313,663.4329404028118,0,1
1801,case33bw,train,49,2,237,5,0.9580161322715292,1.0362764986156434,0.1515151515151515,0.36444559966825757,0.9823605575609035,68.08353605207887,1,1
1802,case33bw,calibration,33,7,277,5,0.9480344667019283,0.9792579126618199,0.06060606060606055,0.4653146279494491,0.8915977699078761,98.58571811415779,0,1
1803,case33bw,train,56,17,168,6,1.1630774124423935,0.9866836636637428,0.09090909090909094,0.4698024264209654,0.9186068842759637,134.94788933471403,0,1
1804,case33bw,selection,4,0,24,2,0.9993696114496221,1.0001441027839324,0.21212121212121215,0.7154926109040594,0.9222434371949785,142.33683867912293,0,1
1805,case33bw,train,2,3,127,6,0.8954968110712677,1.0061611186495567,0.09090909090909094,0.5452245851700871,0.9752019732724313,26.944950749146482,1,1
1806,case33bw,selection,8,0,109,6,1.106258436272301,1.0208203421418947,0.0,1.111596485410707,0.8615654495197462,223.08911674985825,0,1
1807,case33bw,train,50,23,43,0,0.9126630201544976,1.0317556881869676,0.1515151515151515,0.8192215011645266,0.915966620776791,182.47914212341465,0,1
1808,case33bw,train,50,13,9,0,0.8861328092808691,0.9883647903449693,0.0,0.7881433075193024,0.8266726386667901,347.9136239080677,0,1
1809,case33bw,selection,12,2,354,2,0.7372945325248291,0.9925986998989436,0.0,0.33118239555741597,0.9624889935682055,29.935305289402798,1,1
1810,case33bw,train,55,23,109,6,1.2534339292747607,1.044345957720825,0.1515151515151515,0.7516035116806216,0.9780823215383887,125.59639127902872,1,1
1811,case33bw,train,55,20,218,5,0.9598521090347167,1.016178634637112,0.12121212121212122,0.49454507380156354,0.966648313906177,71.80169921480514,1,1
1812,case33bw,calibration,41,15,184,2,1.0046296531904348,1.0400166823365287,0.2727272727272727,0.7040858768412438,0.9266213750554357,170.42344814913903,0,1
1813,case33bw,train,32,14,340,6,1.208297202590066,0.9976777585628773,0.1515151515151515,0.4517878352340545,0.7999117923330897,418.82100443613393,0,1
1814,case33bw,train,2,4,171,0,1.2939038995186776,1.008131780467917,0.06060606060606055,0.9631505003272647,0.9632711117662163,59.5911616320801,1,1
1815,case33bw,train,51,8,352,5,1.208182187242367,0.9810068934061894,0.030303030303030276,0.2939373770783157,0.8103301884006923,364.37573216559485,0,1
1816,case33bw,train,21,19,272,6,1.276302541063854,1.0110633144445973,0.030303030303030276,0.5299514667052028,0.9321304630106145,158.67086046616802,0,1
1817,case33bw,selection,20,7,39,2,1.0152859593349233,1.0122377155472657,0.0,0.43370555132924093,0.9368210713379814,136.6417050867132,0,1
1818,case33bw,test,16,11,124,5,0.977556267670989,1.0007513002008477,0.12121212121212122,0.6848851525501108,0.895336142817051,169.789042682981,0,1
1819,case33bw,selection,8,18,123,1,1.281624032858112,0.9798643628249867,0.18181818181818177,0.4485785578259,0.7029141287986811,675.2928672810676,0,1
1820,case33bw,train,35,6,143,6,0.7783908427289975,1.0314345248931536,0.06060606060606055,0.7337984279848655,0.9918724803769999,41.4507129155688,1,1
1821,case33bw,calibration,11,17,163,3,1.27135380896325,1.0042656877401763,0.18181818181818177,0.33364253938413857,0.936244546471438,145.6578592763105,0,1
1822,case33bw,train,30,17,331,1,1.1035287717755575,0.984414591805394,0.24242424242424243,0.38184030238972033,0.7190431861929738,545.7020446110888,0,1
1823,case33bw,train,10,7,172,5,1.1193633466894666,1.0106888305955342,0.030303030303030276,0.23594157171686095,0.868370338196951,183.14651237320192,0,1
1824,case33bw,train,45,1,220,0,1.1622866690628653,1.0004531303336732,0.06060606060606055,0.7306673371498158,0.9374875838930308,99.86409403862557,0,1
1825,case33bw,train,54,14,257,2,0.8977506442182632,1.0002439827238654,0.12121212121212122,0.8137616763129711,0.9409819229090225,101.22318557451385,0,1
1826,case33bw,calibration,29,22,272,0,1.2482041417093193,1.0173596693375506,0.09090909090909094,0.7600217785075136,0.9341908024055261,171.61013558810515,0,1
1827,case33bw,train,21,15,290,5,0.8482107957834283,1.011362094179769,0.12121212121212122,0.6950130035898602,0.9489763971516313,93.50630956805391,0,1
1828,case33bw,train,13,12,255,0,0.8115216817914145,1.0263078983271703,0.09090909090909094,0.38162878493969365,0.9774435198585052,76.65141302020162,1,1
1829,case33bw,train,34,12,347,2,0.8418873398400962,0.988682983167597,0.12121212121212122,0.6611618786121641,0.8622770489364808,214.88324220907143,0,1
1830,case33bw,test,5,14,240,4,0.8724261560387174,0.9865206192429679,0.0,0.8644336737667925,0.7137016822213451,689.9329580525998,0,1
1831,case33bw,calibration,28,5,334,4,0.8542391041012918,1.034863645761729,0.12121212121212122,0.13264387754645082,0.9771480696527042,53.964277984301255,1,1
1832,case33bw,train,24,6,155,4,1.2584091486747102,1.035221513260489,0.12121212121212122,0.6853376531975868,0.8865590673961083,186.5722473124607,0,1
1833,case33bw,train,47,6,235,1,1.1015716245647553,1.0291607161297545,0.09090909090909094,0.32054330654378543,0.9849153481177072,71.60992937206056,1,1
1834,case33bw,selection,8,23,288,6,1.270136755055316,0.9816321429927871,0.030303030303030276,0.4820759168616354,0.7584475170760893,438.2850265503663,0,1
1835,case33bw,train,56,15,199,2,0.7397858258412472,0.9768491773362963,0.0,0.7258717698789997,0.9335079062135114,54.601561764663366,0,1
1836,case33bw,test,22,5,48,3,1.0813378231786215,1.0078864179867584,0.030303030303030276,0.1410493931331348,0.9482068334917306,93.84548871060672,0,1
1837,case33bw,train,13,2,117,2,1.1851522762504103,1.0004273539215465,0.06060606060606055,0.15891614779026308,0.9550597748676867,65.11478852216132,1,1
1838,case33bw,train,51,19,39,6,0.9189586913525453,1.038578740081716,0.18181818181818177,0.6066494174014874,0.9208152736902875,178.75765705908836,0,1
1839,case33bw,train,35,3,357,2,1.2104593694871655,0.9987391737246276,0.06060606060606055,0.742203273671751,0.9316252673167572,119.62648435785833,0,1
1840,case33bw,calibration,41,9,341,0,1.000001669361404,1.016142738022579,0.0,0.6456610175683954,0.8628335783349276,303.7049999587071,0,1
1841,case33bw,selection,44,21,256,2,1.1133695242219859,1.0219967402123362,0.18181818181818177,0.1019655790477292,0.9322095134342123,193.78117721062338,0,1
1842,case33bw,train,23,22,280,5,1.173903635330469,1.0188465185219753,0.12121212121212122,0.2642027133828659,0.843047610888843,253.22734001200885,0,1
1843,case33bw,calibration,42,2,195,3,0.846943649498078,0.9771752781600674,0.0,0.3741950850682496,0.9462635155098403,25.303735424043584,0,1
1844,case33bw,calibration,27,3,90,4,1.113490734791191,1.0397189620287048,0.09090909090909094,0.7204659529886985,0.9625938010283888,83.26815319523668,1,1
1845,case33bw,test,17,6,220,3,0.8646503797687027,0.9983139262008418,0.12121212121212122,0.7381541342368834,0.942986586310848,50.74379531336278,0,1
1846,case33bw,test,22,16,58,0,0.9140431417402941,0.9991401236661573,0.24242424242424243,0.12308255732148275,0.9271622618701247,133.81293599522732,0,1
1847,case33bw,train,45,18,114,1,1.1253696513023022,1.0055550335869998,0.1515151515151515,0.3999781612920838,0.9164128692966519,198.21727316964112,0,1
1848,case33bw,calibration,28,23,336,4,1.2213306517901836,1.0391353570941972,0.06060606060606055,0.6788377808048098,0.9331173792576829,183.44375760904174,0,1
1849,case33bw,calibration,33,5,289,2,0.9053099533850891,1.003261054366008,0.09090909090909094,0.9568805005257922,0.9345692012485874,60.53284452679893,0,1
1850,case33bw,train,56,6,180,6,1.0338910442032898,1.0077831515992952,0.12121212121212122,0.22899244935246948,0.9669621385723034,49.73589267123504,1,1
1851,case33bw,train,24,9,213,1,1.1936174308458016,1.0119056335269014,0.0,0.22799231104942158,0.8020984688590655,359.6887746031983,0,1
1852,case33bw,test,17,16,214,3,0.8752664917967291,0.9888988524065306,0.18181818181818177,0.3130474891053254,0.9158800172646803,89.3962346163623,0,1
1853,case33bw,test,25,11,62,1,1.0192787658390006,0.9929800553237934,0.09090909090909094,0.5346451327412146,0.733727484809413,556.192303306453,0,1
1854,case33bw,selection,44,20,76,0,1.0087710258835325,1.02313545318392,0.0,0.38351523168677254,0.9251386878093553,235.5867629441987,0,1
1855,case33bw,train,1,22,134,5,0.8947716326576114,0.9876166404274441,0.06060606060606055,0.6593935216092391,0.945964384895164,51.91537961642777,0,1
1856,case33bw,test,39,8,190,0,0.9069122498784136,1.006508926656522,0.0,0.8187314133662955,0.899146521332793,149.90780801451282,0,1
1857,case33bw,train,47,11,347,6,0.733767383700308,1.0332672645578718,0.09090909090909094,0.1611293451874428,0.9870599258644754,79.99880859483714,1,1
1858,case33bw,train,10,14,62,3,1.1273880103182283,1.0356672066615833,0.030303030303030276,0.2139013068649386,0.7686570289871193,621.9541913451405,0,1
1859,case33bw,train,1,20,134,0,1.1633841150888637,1.0199583003887664,0.21212121212121215,0.8882106707979629,0.9538791181490062,129.66820473317787,1,1
1860,case33bw,train,30,19,347,6,0.8958027740025423,1.0308863777771227,0.12121212121212122,0.6872244667936638,0.8537999491073548,242.8901023455797,0,1
1861,case33bw,test,52,18,197,3,0.8017000746575933,0.9862516008653097,0.09090909090909094,0.2249523592243954,0.8942085564730121,114.27188040392336,0,1
1862,case33bw,selection,59,5,66,4,0.7343942378222977,1.0062246263584846,0.09090909090909094,0.7953861284692845,0.9677720777770333,41.71505714701748,1,1
1863,case33bw,test,16,6,322,3,0.9979664386169668,1.0053952376426736,0.09090909090909094,0.811962314954553,0.9213859279873664,111.36454834905105,0,1
1864,case33bw,train,18,14,164,4,1.006394154513164,1.0049324616808508,0.1515151515151515,0.19925287112463536,0.9192541210134834,133.15857989544176,0,1
1865,case33bw,train,49,15,207,5,0.8091996002799845,1.0195293222362338,0.24242424242424243,0.5876945987233115,0.9525823349221093,106.44770836521745,1,1
1866,case33bw,selection,12,10,189,0,1.1438716004773322,1.0174183722343444,0.24242424242424243,1.1303252115828912,0.9525811574009533,143.11681603889835,1,1
1867,case33bw,train,46,17,104,2,0.8942349421507684,0.9890716604046792,0.12121212121212122,0.22496842924252985,0.9355736332723036,101.73736664570346,0,1
1868,case33bw,calibration,43,18,353,1,1.176669245650549,1.0130310182919877,0.1515151515151515,0.4396615553840586,0.9373269766249613,176.7079494414619,0,1
1869,case33bw,train,13,20,275,5,0.7532752352476577,0.9767166461156194,0.1515151515151515,0.5186677590062998,0.93954888197504,44.555167806173266,0,1
1870,case33bw,train,56,7,11,1,1.1209844420711772,0.9754627145174355,0.12121212121212122,0.2914037197084028,0.8947467181241303,185.77813943726377,0,1
1871,case33bw,train,38,12,144,3,1.017439918806336,0.9938191989235445,0.0,0.7705969115771435,0.9143604970110802,156.82492265088587,0,1
1872,case33bw,test,19,10,130,0,1.0055349855323203,0.9920953290694287,0.030303030303030276,0.5693124131889992,0.9040328088635191,168.5683224586187,0,1
1873,case33bw,test,52,9,337,1,1.0796564922431977,1.0219909677335313,0.303030303030303,0.14077585945190513,0.8603406723402279,343.49401321155904,0,1
1874,case33bw,train,18,3,233,0,0.9389263347608141,1.023532653459641,0.06060606060606055,0.15654422144634125,0.9777097979055588,38.864302062311644,1,1
1875,case33bw,calibration,42,13,36,1,0.8937031933462424,1.0208390088978987,0.09090909090909094,0.3105750501078554,0.9469541856072663,132.02823507418358,0,1
1876,case33bw,test,17,1,229,1,1.117351221593614,1.035382555720231,0.12121212121212122,0.6589190340728326,0.968431972794845,74.79713798298802,1,1
1877,case33bw,calibration,28,21,48,2,1.14450967950617,1.026972714752662,0.030303030303030276,0.29304236064656514,0.917815351112784,201.60506554216735,0,1
1878,case33bw,train,46,20,104,3,0.8805066549242366,1.0390589497026224,0.0,0.45455098306875547,0.9916615428057549,82.54078026442686,1,1
1879,case33bw,selection,15,19,253,4,1.1555353406863023,0.9784091484918032,0.09090909090909094,0.5669105272840642,0.8654046945387417,189.42254074742127,0,1
1880,case33bw,test,52,3,255,3,0.7622348980529708,1.0133757794224407,0.030303030303030276,0.6958477051575193,0.9571667278195047,42.33516743155515,1,1
1881,case33bw,selection,15,13,228,4,0.9824873889912215,1.0429456331440188,0.0,0.26775278018044424,0.9438092437610833,145.0743432596102,0,1
1882,case33bw,train,2,8,275,3,0.9684053144087758,0.9975117506624506,0.0,0.743851234200194,0.9431054605835618,85.70562841724687,0,1
1883,case33bw,train,49,8,98,1,1.2921681408811114,1.0064128745444323,0.12121212121212122,0.49962763247863656,0.878215947750941,392.0082144799203,0,1
1884,case33bw,test,17,23,75,0,0.9871602329138356,0.979534595683823,0.21212121212121215,0.34450328615871817,0.8900578525677426,133.4298545111016,0,1
1885,case33bw,calibration,41,9,364,2,0.8885846826409887,1.004020349167721,0.0,0.4220196857386327,0.8626446008881923,260.20305613991394,0,1
1886,case33bw,train,13,3,312,4,1.064716758951975,1.0388151109516344,0.030303030303030276,0.6493964773836485,0.9988674713452427,49.73815466009049,1,1
1887,case33bw,selection,59,11,203,6,1.0453928063194886,1.0027217369207515,0.030303030303030276,0.23730925577458267,0.9334673274099121,132.5526577070442,0,1
1888,case33bw,selection,15,15,267,0,1.1839219562593608,0.9802334782713458,0.1515151515151515,0.8317353368607892,0.8508954630000289,242.96840545622666,0,1
1889,case33bw,selection,8,5,224,4,1.0061461621878278,0.985768453035317,0.1515151515151515,0.838813458967495,0.8646750156948207,130.4586014987232,0,1
1890,case33bw,calibration,27,21,227,3,1.0162980396289683,0.9938367073781039,0.09090909090909094,0.3781123527659743,0.8971802554481345,127.97825322208736,0,1
1891,case33bw,train,31,19,143,5,0.8936242224931412,1.0448978683800116,0.21212121212121215,0.381650872404867,0.9224177303278168,133.30277654511596,0,1
1892,case33bw,selection,59,7,80,3,0.9764906617030724,1.037723158332771,0.36363636363636365,0.9179630451294414,0.9775079386705372,102.54574970304712,1,1
1893,case33bw,selection,53,16,141,2,0.8371450393673644,1.0062382582647882,0.030303030303030276,0.49217480191177676,0.9602266217400769,77.29554460311655,1,1
1894,case33bw,train,38,10,343,3,0.7969698949706204,1.039936048307435,0.1515151515151515,0.37855416995365965,0.9725426333952947,115.21435336787161,1,1
1895,case33bw,train,49,23,306,4,1.001951327190127,1.008267233704247,0.0,0.7642108536807859,0.9244854602729604,167.4777060883912,0,1
1896,case33bw,train,37,20,247,1,0.8487898162205336,0.9911475384312143,0.18181818181818177,0.2391078937050091,0.852804219814012,266.75659955774057,0,1
1897,case33bw,train,34,10,271,5,0.897376073823384,1.0273750452853867,0.09090909090909094,0.9511959925837101,0.9334106319056105,126.14280824521984,0,1
1898,case33bw,train,51,0,36,4,1.2636029197746392,1.0290561937819882,0.12121212121212122,0.8367786886870213,0.8811783643756324,296.69486109092543,0,1
1899,case33bw,train,1,12,122,4,1.0333718526642484,0.9888198151470708,0.030303030303030276,0.8526895284005325,0.9198720961269091,147.64184470002755,0,1
1900,case33bw,train,21,6,308,5,1.2816108105842758,1.0135128425532274,0.1515151515151515,0.66497659887612,0.9420426182906185,128.73220838539143,0,1
1901,case33bw,train,3,1,175,6,1.1300441569165185,1.0220950445537356,0.06060606060606055,0.28838900910051146,0.9691435333601798,66.49827204059258,1,1
1902,case33bw,test,39,6,137,3,1.0725466865210536,0.9991745327698615,0.09090909090909094,0.13514686589429592,0.8939228201155127,145.39590065035858,0,1
1903,case33bw,train,30,11,57,1,0.8091112315035252,0.9849595853918807,0.06060606060606055,0.8212453769244662,0.79352753989155,296.9356626264159,0,1
1904,case33bw,train,6,21,350,1,1.2802037196348286,1.0198565539632676,0.12121212121212122,0.5820892908833766,0.9113105203992133,289.2973628697671,0,1
1905,case33bw,calibration,11,11,334,2,0.743711353526106,1.0081702938277435,0.0,0.15362305348039518,0.9498047547849837,99.35427934962,0,1
1906,case33bw,selection,20,20,235,4,1.01939746389423,1.0421128977354501,0.18181818181818177,0.468887770687051,0.97815440154397,96.00132813682355,1,1
1907,case33bw,train,26,18,287,2,1.1750908328786829,1.0002510723646159,0.18181818181818177,0.560895635785695,0.8162055986135387,307.30168106493466,0,1
1908,case33bw,test,16,5,320,6,0.9926304704863088,0.9778306488848014,0.09090909090909094,0.878425315834947,0.9113293440054151,68.75218289391024,0,1
1909,case33bw,train,13,13,274,0,1.1915991240174921,1.041430473324922,0.12121212121212122,1.0139304503240443,0.9729138468533122,157.435875856714,1,1
1910,case33bw,calibration,33,4,43,2,1.2358114171758043,1.0411996184957422,0.030303030303030276,1.1180800784617442,0.9427252710445796,123.76808323274966,0,1
1911,case33bw,test,17,13,319,5,0.8500551780932379,1.0347346167157345,0.0,1.283750350205922,0.9553466660874705,104.16944661536434,1,1
1912,case33bw,selection,15,15,154,4,0.8115906900729232,1.027839947676318,0.06060606060606055,0.3618737751383905,0.9492991439534246,87.29019580001903,0,1
1913,case33bw,train,40,11,313,2,0.9524483213869771,1.004029759627788,0.21212121212121215,0.9437003984057508,0.8515940319888159,305.4320006892053,0,1
1914,case33bw,train,26,12,30,6,0.8893825821915522,1.0177224609330782,0.030303030303030276,0.7300590222198585,0.8602039848389971,232.79233666909315,0,1
1915,case33bw,train,40,18,316,0,1.141139540915694,0.9906010363416903,0.2727272727272727,0.31321557456571386,0.8204170493710972,370.24767581139815,0,1
1916,case33bw,train,0,11,48,6,1.1564087054260492,1.0377342840686137,0.1515151515151515,1.2442344532882845,0.9378811400116782,262.8616561312392,0,1
1917,case33bw,train,24,12,318,1,0.8689045089770508,1.0379717763853504,0.18181818181818177,0.4328160130937493,0.8397252354529366,320.8817681813739,0,1
1918,case33bw,calibration,27,8,207,0,0.8999334528063256,1.013151031049523,0.030303030303030276,0.736705283805907,0.9327822860679585,91.37564294989897,0,1
1919,case33bw,train,14,5,150,0,1.1142225603375924,1.0209829275381102,0.0,0.372972324523964,0.9799418409702635,51.04047561311203,1,1
1920,case33bw,selection,4,15,197,5,0.8807375904884532,1.0038098862861553,0.12121212121212122,1.0896569865368284,0.9392487585238549,98.66237555275842,0,1
1921,case33bw,train,3,2,236,0,1.1832479126369588,1.0339020781126473,0.09090909090909094,0.14462527353866533,0.9794896879456098,69.98024891331646,1,1
1922,case33bw,train,32,9,152,3,0.7666121991756718,0.9798666007436445,0.030303030303030276,0.3345828816573968,0.8667600307605399,131.09059540997063,0,1
1923,case33bw,train,56,3,180,3,1.2508824008152637,1.0069189409668935,0.030303030303030276,0.16867965024044593,0.959649388446995,65.49668709564855,1,1
1924,case33bw,train,50,1,244,1,0.8493560422097642,1.0105356404609929,0.0,0.17464554189346826,0.9374495275093981,71.40071516488182,0,1
1925,case33bw,train,40,7,229,6,0.9642060478955337,1.03272093735403,0.21212121212121215,0.3634089647297595,0.945775705702353,100.14038543990871,0,1
1926,case33bw,train,9,23,307,4,0.9007607227641885,1.0143389439392618,0.0,0.23474087911735664,0.8675342245336493,193.98447990029933,0,1
1927,case33bw,selection,59,22,161,2,1.2035019819977026,0.9803250094549253,0.12121212121212122,0.219284030113108,0.9082885751366133,145.20757060203195,0,1
1928,case33bw,selection,59,2,65,3,0.8625218935317676,0.9847255485502394,0.12121212121212122,0.6485385778360118,0.9440683174171849,47.8079296851328,0,1
1929,case33bw,selection,20,13,319,2,0.7802244708883975,1.015137406685252,0.06060606060606055,0.7359448638937659,0.9433907950661687,117.24523343744173,0,1
1930,case33bw,selection,4,7,121,0,0.9726479782622589,1.0152502350762793,0.0,0.3198333972017022,0.9439774218242718,122.0193227572211,0,1
1931,case33bw,train,45,13,138,6,0.7725330251352993,1.0345994520036745,0.0,0.9148982923637557,0.9771821056043682,86.8546091641753,1,1
1932,case33bw,train,10,18,326,0,1.13137138296277,1.0116720502767922,0.12121212121212122,1.0176219371235389,0.7680001299262916,524.7620110116212,0,1
1933,case33bw,train,6,5,352,6,1.2767582676497262,1.032282371006583,0.1515151515151515,0.38062942164012875,0.9633896504143916,121.44148987573996,1,1
1934,case33bw,train,45,19,84,5,1.0443610076151804,1.0214406704624515,0.030303030303030276,0.6910218758251849,0.9376849376283216,176.92142255410616,0,1
1935,case33bw,calibration,27,14,211,6,0.7644103107115449,1.0449491145916294,0.0,0.7613995083023303,0.9762723924280042,67.68566805649073,1,1
1936,case33bw,train,56,12,244,3,0.7765823443308886,0.9803270154360343,0.0,0.15992400614549557,0.925606129875653,88.31874764580158,0,1
1937,case33bw,calibration,29,10,12,5,0.7257896358850497,1.0227378252658845,0.030303030303030276,0.48696917253339145,0.9587876915745224,103.82732268090352,1,1
1938,case33bw,test,17,17,88,5,0.8914916823168738,0.9848952913308805,0.12121212121212122,0.838311843629592,0.9023024668323982,111.1609522641582,0,1
1939,case33bw,train,54,12,239,5,1.2710817428879557,1.0037432555221362,0.09090909090909094,0.8048219318395063,0.9216724076607872,200.26107747775805,0,1
1940,case33bw,calibration,29,0,316,5,0.9471892140442327,1.0182928905183553,0.18181818181818177,0.8160423481043757,0.9653181577545606,66.15647048822824,1,1
1941,case33bw,train,56,19,212,0,0.9062954787995742,1.0059004542970251,0.1515151515151515,0.12156162281134868,0.9517206523879268,80.7353565853342,1,1
1942,case33bw,train,45,3,169,2,1.15354509088863,1.0257001869571842,0.12121212121212122,0.58107864820656,0.9765084824725361,63.29320616749047,1,1
1943,case33bw,train,48,0,147,5,0.8608697048999775,0.9979361282821175,0.1515151515151515,0.9226697729600992,0.963177743257378,39.64550262403885,1,1
1944,case33bw,selection,53,18,78,1,1.0268313235715387,1.024555780085947,0.06060606060606055,0.702319225739404,0.962624426489619,137.22050496216147,1,1
1945,case33bw,calibration,29,10,185,2,0.9518970682467549,0.9809454360258772,0.030303030303030276,0.6392836814844695,0.9062505799989291,135.45993035705524,0,1
1946,case33bw,test,19,7,361,6,1.1882904651097574,1.044565441544455,0.21212121212121215,0.3141385310434979,0.9643454058446819,136.93279052125084,1,1
1947,case33bw,train,18,5,43,0,0.8926252378865924,1.0410060379931898,0.18181818181818177,0.9901930376294303,0.9825770406027359,64.10912889146806,1,1
1948,case33bw,selection,15,12,37,3,0.8681701152784471,1.003352832996039,0.24242424242424243,0.834830005222933,0.8831290272224851,211.41379820270453,0,1
1949,case33bw,test,5,21,226,6,0.7232942418178016,1.0330005345119049,0.030303030303030276,0.7634704399937734,0.8845946817039034,205.6092442256688,0,1
1950,case33bw,calibration,33,22,211,0,1.2830302732548131,0.9881357999804072,0.09090909090909094,0.6540593620723483,0.8696058200148248,176.10353175706007,0,1
1951,case33bw,calibration,29,11,235,6,0.7322568741742397,1.023534519406596,0.09090909090909094,0.3153859850860824,0.9717678833541298,61.17740499219558,1,1
1952,case33bw,train,31,21,115,3,1.2050144493355535,0.997406702370505,0.1515151515151515,0.8536667636347228,0.7959811845549173,356.623599430242,0,1
1953,case33bw,train,51,10,92,2,0.8926323307400892,1.037584041609821,0.09090909090909094,0.5624195067438774,0.9082170669347355,230.00635755027167,0,1
1954,case33bw,selection,8,0,71,4,0.8919644189292467,1.0073438569238737,0.030303030303030276,0.5160248351228124,0.8490302012221327,222.74574948007896,0,1
1955,case33bw,train,45,19,197,6,0.9287628301141914,0.9805053117273004,0.12121212121212122,0.4545305209357321,0.921937579861354,89.01421669946743,0,1
1956,case33bw,test,17,18,126,5,0.7232413401417975,1.0277382707490863,0.21212121212121215,0.31703785779168003,0.9687533812039223,58.47159016063571,1,1
1957,case33bw,selection,4,16,58,6,1.1657335961453452,1.0139451426527408,0.12121212121212122,0.36201168038578285,0.9074659200125921,265.3977511032721,0,1
1958,case33bw,train,23,7,354,6,0.8303321526753343,0.9799745058610326,0.2727272727272727,0.4165900030941134,0.8429075577559698,150.84814789674977,0,1
1959,case33bw,train,26,9,13,0,0.7441858519289275,1.01119788439427,0.2727272727272727,0.8051602258474757,0.8636506923635967,189.30844710256028,0,1
1960,case33bw,calibration,36,2,106,1,0.7367092598403514,1.0118080922323527,0.24242424242424243,0.2441255837202918,0.9748982850509346,37.21510908532606,1,1
1961,case33bw,calibration,42,7,161,4,0.9166467942172518,0.9861548303680704,0.09090909090909094,0.6426007907488934,0.9400665948297693,56.055447322023134,0,1
1962,case33bw,selection,4,6,132,3,1.0197377018358904,1.0398260077698425,0.0,0.6951913861364238,0.9786469961235859,86.43127317604832,1,1
1963,case33bw,train,13,14,325,6,1.2855939092833306,0.987035204081019,0.06060606060606055,0.7034226333883851,0.9052524290552091,208.75064219485793,0,1
1964,case33bw,train,34,2,38,3,0.797413168236129,0.990093950626238,0.21212121212121215,0.6608447138654632,0.9241010852718278,60.139571093719915,0,1
1965,case33bw,train,21,0,257,5,0.8450448153674661,1.0238521742360374,0.030303030303030276,0.7501332213993139,0.9839019619346757,40.57117419188593,1,1
1966,case33bw,test,25,14,16,3,0.8777194897652257,0.9820859020656433,0.09090909090909094,0.34120476626089524,0.7603930755464998,400.4966457854715,0,1
1967,case33bw,train,32,10,342,5,0.7385778551797981,1.0369532279659779,0.21212121212121215,0.7505986970429933,0.9285082934959866,131.3406222075765,0,1
1968,case33bw,test,5,15,148,1,0.9760684749778746,1.0428618030847538,0.09090909090909094,0.4799076258590455,0.7433106335580454,835.4125087048938,0,1
1969,case33bw,train,1,4,267,2,0.978175167730649,0.9914184777864206,0.030303030303030276,1.2923664630648812,0.9585086000761799,33.19400321546685,1,1
1970,case33bw,train,13,10,225,5,0.8324685592578235,1.0229594244266038,0.06060606060606055,0.154538395449443,0.9778371153478664,63.488834271590505,1,1
1971,case33bw,train,56,0,313,2,0.9759883888271701,0.9776131166979879,0.06060606060606055,0.7573618522047603,0.9210330674740864,89.18504788542472,0,1
1972,case33bw,test,39,13,326,2,0.7800686735876038,1.0266631234558243,0.0,0.7796585759060497,0.8988025405146189,211.6767222575307,0,1
1973,case33bw,selection,4,3,157,1,0.9779305433121074,1.0042753825273787,0.0,0.6953037212447426,0.9579740180540413,50.28377256928076,1,1
1974,case33bw,train,50,4,11,0,0.7755829873910932,0.9810590170804558,0.18181818181818177,0.6015102635443645,0.9015339794024522,83.40941140241334,0,1
1975,case33bw,train,6,15,112,5,0.9261387017600708,0.9814427304258586,0.06060606060606055,0.8330021207457694,0.9092542186254556,135.23457499557276,0,1
1976,case33bw,train,24,16,347,1,0.9871310738688686,1.0388785831095557,0.0,0.864608065817758,0.8479437999265024,300.7553412581762,0,1
1977,case33bw,train,37,3,157,6,0.7403073832517097,1.040373594427884,0.1515151515151515,0.48928531386268426,0.9683937512192767,72.50291049107364,1,1
1978,case33bw,selection,7,18,230,3,1.022182749762896,1.0193176580644365,0.06060606060606055,0.457422213922216,0.9531131843521886,109.96810362689104,1,1
1979,case33bw,train,14,3,127,0,0.9164228789836442,0.9848800187715853,0.1515151515151515,0.7612545376312075,0.9516544753870427,33.92313274902982,1,1
1980,case33bw,calibration,41,12,92,4,0.7450662670928007,1.002314219974227,0.12121212121212122,0.843906497245153,0.8885100659938209,168.8147829952808,0,1
1981,case33bw,calibration,27,5,40,1,1.2059676548739546,1.017595978602135,0.18181818181818177,0.6268303498273116,0.9202449574424056,130.03555720002086,0,1
1982,case33bw,train,13,3,21,1,0.9436535189019745,0.984525880489363,0.09090909090909094,0.25491083649761276,0.9432949335913677,50.23185451081936,0,1
1983,case33bw,train,56,15,35,0,1.1304492820044834,1.0272659745718449,0.1515151515151515,0.377449324469641,0.940288841249768,222.28572303588706,0,1
1984,case33bw,train,13,1,124,3,1.1971753394743148,1.0281583019355034,0.12121212121212122,0.2180845776995236,0.9783614912519555,74.20069028975655,1,1
1985,case33bw,train,18,19,245,4,0.863347163430833,1.0070546234772728,0.1515151515151515,0.7306302708752447,0.9410915910018446,79.86737196862208,0,1
1986,case33bw,train,40,23,184,2,1.2115131372077284,0.9837012385067571,0.24242424242424243,0.16269183877944585,0.8586032957417097,206.80056061557394,0,1
1987,case33bw,train,56,11,87,3,0.857575294383557,1.0285967745931963,0.06060606060606055,0.350551701838324,0.9555627430842749,149.05985481945078,1,1
1988,case33bw,calibration,41,16,325,6,0.7927897403008478,0.9907186371518772,0.12121212121212122,0.19491800004571924,0.8877020267061101,140.04090602106197,0,1
1989,case33bw,train,31,22,241,2,0.9244412469417498,1.019138248075783,0.0,0.34080011828678225,0.9024999807402878,125.95924127431762,0,1
1990,case33bw,test,39,13,204,4,0.9773393392620752,1.001175104941691,0.06060606060606055,0.7949775055022401,0.8757638014916703,212.20838681871584,0,1
1991,case33bw,train,48,5,211,2,0.7526045352021293,1.0225277144884104,0.06060606060606055,0.3841735438492882,0.997562147622857,21.950011679570462,1,1
1992,case33bw,train,46,14,193,5,0.7492927559541133,0.9819358409828737,0.18181818181818177,0.48487549069179536,0.9429876450805935,54.891772106782646,0,1
1993,case33bw,selection,8,17,38,0,1.278143078701049,1.0177894977723951,0.12121212121212122,0.950688240037698,0.6801136671149643,984.4666625571527,0,1
1994,case33bw,selection,12,9,301,1,1.0123769145909547,1.019921259024056,0.12121212121212122,1.01188735371174,0.960840489686094,122.86800013456028,1,1
1995,case33bw,calibration,41,13,96,2,1.2833424403259233,0.9857723963254272,0.1515151515151515,0.8826007244892699,0.7830138918827649,533.3977276139958,0,1
1996,case33bw,calibration,29,0,267,5,1.111789054881018,1.0007829325403728,0.030303030303030276,0.9725104251177272,0.9452276372368729,72.35907405792994,0,1
1997,case33bw,train,40,16,326,4,0.8403373123419694,1.0319004343458014,0.0,0.16834825589811608,0.9176347252398219,173.23852204090727,0,1
1998,case33bw,train,37,7,89,3,1.1776551071730428,1.0048656546173593,0.030303030303030276,0.6553285883762859,0.7952823854901201,619.523384381578,0,1
1999,case33bw,selection,8,9,257,3,0.9365147915889306,0.9943395634723454,0.06060606060606055,1.1880566029897088,0.7990859574009952,335.9715130218881,0,1
2000,case33bw,train,32,9,319,0,0.80408583106703,0.9814460516796975,0.06060606060606055,0.567407080838483,0.8495873396058861,188.48741873589293,0,1
2001,case33bw,train,13,12,185,3,1.1022979942767555,1.0439811294277768,0.0,0.8378803112590156,0.9810731001779722,120.35907086236725,1,1
2002,case33bw,train,54,22,94,3,0.9675843514037398,1.036517866160587,0.030303030303030276,0.7463825104182796,0.9767350584865737,102.16210317254988,1,1
2003,case33bw,calibration,41,13,99,6,1.2467935849269256,1.018199225474038,0.06060606060606055,0.47861481164634573,0.8263249529208799,480.9948722920704,0,1
2004,case33bw,train,31,4,156,6,0.9075914875169653,1.0387882235124812,0.030303030303030276,0.7028926236712763,0.9651270635418013,49.8645663590481,1,1
2005,case33bw,test,17,18,136,1,1.1297308584745116,1.0343460486412461,0.12121212121212122,0.16161788965242554,0.9330155309511442,166.2803387664344,0,1
2006,case33bw,test,19,14,66,0,0.7626954699960092,1.0062800703127068,0.12121212121212122,0.18160837408611163,0.9361206260905328,105.92030702513806,0,1
2007,case33bw,train,14,4,124,0,1.0708564698264025,1.0405467432921787,0.0,0.46355841939210307,1.0021280930846281,44.2876453009889,1,1
2008,case33bw,selection,59,5,4,5,0.7207391660476541,1.0034134153484935,0.030303030303030276,1.0620961684986507,0.9696962606830066,32.725561850403075,1,1
2009,case33bw,test,16,13,101,3,1.0254763703358554,1.0299553054487924,0.030303030303030276,0.7326680716856188,0.9189881660390129,190.26232354998464,0,1
2010,case33bw,train,6,8,65,5,1.161622562880659,0.9998543437173443,0.09090909090909094,0.5507889552197122,0.9085743429079445,214.41713088665034,0,1
2011,case33bw,train,40,9,85,6,0.8086317872179838,0.9801491317670918,0.030303030303030276,0.4295459242344036,0.8659675065858229,172.83051709143456,0,1
2012,case33bw,test,58,7,258,0,0.8249653232648119,0.9777225671135668,0.12121212121212122,0.8913962437969783,0.9309662487807108,61.046592357489715,0,1
2013,case33bw,train,9,12,336,3,0.8226406869461448,1.0228133214102988,0.0,0.283186593781525,0.8438810271809492,287.2117393966072,0,1
2014,case33bw,train,51,13,250,5,1.2832433322996812,1.0332853502233377,0.24242424242424243,1.174364763561958,0.8713390338056857,346.04269871537446,0,1
2015,case33bw,train,26,0,73,4,0.9010825923356369,1.021433610474056,0.1515151515151515,0.20533888931488994,0.9102531549206052,112.98933917829127,0,1
2016,case33bw,train,6,3,275,6,1.1076737105459813,0.9946738182782565,0.21212121212121215,0.6107533078174525,0.9448904564020912,66.20267211164787,0,1
2017,case33bw,selection,15,12,27,4,0.8136801412031557,0.9894811750842701,0.18181818181818177,0.13713067415050456,0.8765627043785615,188.23452991582616,0,1
2018,case33bw,test,5,9,154,6,0.8284927873771205,0.9828903212165622,0.09090909090909094,0.3519934556553019,0.7679530269917018,436.4965465156012,0,1
2019,case33bw,train,46,3,66,3,0.9814961466831178,1.00551119182833,0.0,0.31625612544695375,0.96731030162772,52.669090454748634,1,1
2020,case33bw,test,17,20,155,2,1.0345811015467206,0.9780518683923406,0.09090909090909094,0.11870862138530193,0.8908766648541867,124.09624973194194,0,1
2021,case33bw,train,1,16,49,1,0.7704007180236668,1.0019064973488792,0.12121212121212122,0.9683352388670845,0.9483934882981527,84.27658342663442,0,1
2022,case33bw,calibration,33,23,261,0,1.066227255898486,1.0060897852086907,0.06060606060606055,0.24790375778884732,0.905841147280197,134.27768805817917,0,1
2023,case33bw,selection,53,6,354,5,0.7984678389580359,1.0165466361724775,0.030303030303030276,1.0460676433762894,0.9790614393593972,50.4604820901523,1,1
2024,case33bw,train,6,12,113,1,1.0563517464149215,1.0135956665955512,0.030303030303030276,0.44080789950058225,0.9176424225208484,236.48804208644037,0,1
2025,case33bw,calibration,41,8,34,0,0.9140869940844012,1.0347072006440903,0.030303030303030276,1.0776976719568911,0.9124034548130722,198.58379529954993,0,1
2026,case33bw,test,52,16,222,3,0.9533135399638039,1.0203292983821348,0.09090909090909094,0.5620802884991587,0.909202675778827,163.35325667362608,0,1
2027,case33bw,calibration,27,20,230,5,0.8139091097063662,0.9954200674411132,0.030303030303030276,0.6691882820003133,0.9286960015709251,61.22580520327402,0,1
2028,case33bw,train,47,23,68,5,0.8414183094288911,0.9899852492026444,0.09090909090909094,0.7184643838339368,0.9476596016108343,64.88181798059126,0,1
2029,case33bw,train,9,5,298,3,1.264213456840515,1.0350698138658567,0.09090909090909094,0.7213612982989939,0.875534884310913,228.82717844631568,0,1
2030,case33bw,train,45,7,354,1,0.8650895903767564,1.0388615174764388,0.21212121212121215,0.2527208951961279,0.9784214749119616,95.86279436199635,1,1
2031,case33bw,calibration,41,5,5,0,1.1588290778819375,0.9908878513821054,0.030303030303030276,0.19896393961796757,0.8795309601022026,164.59742100181134,0,1
2032,case33bw,train,56,10,227,6,1.2349464110655526,1.0311980802825713,0.12121212121212122,0.7066046799725664,0.9561415848224815,158.86948333275987,1,1
2033,case33bw,train,3,21,339,6,0.7695537578351788,1.0374267383832374,0.09090909090909094,0.3892927364609915,0.9783944938694759,85.24484683338804,1,1
2034,case33bw,test,17,22,179,3,1.1681743663639215,1.0318803690279847,0.0,0.26715650750281755,0.9486466602014342,119.3985657484729,0,1
2035,case33bw,train,10,4,257,2,1.144317152679839,1.0145053836497366,0.18181818181818177,0.520217351881819,0.8930132367722255,132.54246483517045,0,1
2036,case33bw,train,57,10,301,2,1.2642613751688223,1.0017112966281534,0.06060606060606055,0.3442495722692301,0.906016661121131,262.6581921393254,0,1
2037,case33bw,train,18,1,328,1,1.2434230682731477,0.9942935356843889,0.09090909090909094,1.0182254145160323,0.9072031679848148,136.41663996266092,0,1
2038,case33bw,train,40,10,249,6,1.1521685734361984,0.9949372711461716,0.06060606060606055,1.0227036123070294,0.8432906907394806,295.7790809520815,0,1
2039,case33bw,train,9,0,88,4,0.9418761989082272,1.039044892719218,0.030303030303030276,0.24603664446365367,0.8925384276483777,189.28252326240556,0,1
2040,case33bw,train,32,13,64,5,1.2647000742616865,0.9948837433201749,0.06060606060606055,0.4011344418780138,0.7781231602855941,475.4323479100502,0,1
2041,case33bw,test,52,12,182,5,1.2127523698022833,1.0002000404069584,0.030303030303030276,0.7436866221841949,0.8444768397284458,321.1147319303608,0,1
2042,case33bw,train,48,5,1,4,0.9741677731109387,0.9813490877907174,0.1515151515151515,0.7356962508013317,0.9370461035514844,70.02592302564638,0,1
2043,case33bw,test,17,4,352,0,0.7758974609355215,1.044569749153532,0.18181818181818177,0.11836382414232846,0.9944807999392967,42.64316848010794,1,1
2044,case33bw,train,0,17,93,2,0.7300220552893045,1.0387780708980865,0.12121212121212122,0.5307850614605062,0.9893403740175969,66.62682599430363,1,1
2045,case33bw,selection,53,22,363,3,1.1731119009740008,1.032155326044636,0.09090909090909094,0.5697748772802663,0.9659460538595988,153.43412224517937,1,1
2046,case33bw,train,9,21,228,6,1.2242391144117957,1.002452137326149,0.21212121212121215,0.39002758733329684,0.8162009644224293,309.57112972077493,0,1
2047,case33bw,calibration,11,2,222,4,1.2725659625585413,1.0381854874848873,0.030303030303030276,0.792493047144534,0.9951353801219446,62.6818248218578,1,1
2048,case33bw,train,55,12,135,6,1.027359742916018,1.0404791165338687,0.0,0.5757434201596381,0.9745603480478136,124.58513432915849,1,1
2049,case33bw,train,6,2,57,3,1.0566641920264876,1.0332142063524128,0.1515151515151515,0.5914643833411589,0.9754346217228771,80.24535341565064,1,1
2050,case33bw,train,32,21,204,2,1.2449746524863983,1.0032386079439652,0.030303030303030276,1.1031066686122213,0.8533388546339307,242.79518888329653,0,1
2051,case33bw,test,19,22,290,5,0.7302931601496706,0.9809867331805572,0.06060606060606055,0.4140497810215859,0.9314755288717482,53.60446078631767,0,1
2052,case33bw,train,57,4,28,5,0.9971885367314309,0.9758290297810853,0.1515151515151515,0.9139299781610091,0.9292393313261551,59.44812478829415,0,1
2053,case33bw,train,40,13,102,2,0.8226768306045468,1.0233028047896784,0.09090909090909094,0.5017788174590335,0.8996222006673897,200.22836591367272,0,1
2054,case33bw,selection,20,4,161,0,1.2132439825992956,1.0285851623558633,0.12121212121212122,0.5773643713808693,0.9747510482764713,66.37586181709104,1,1
2055,case33bw,selection,8,11,165,6,1.1633184268834058,0.9910499189904851,0.09090909090909094,0.6090919091787682,0.7403684892383545,551.6941140665504,0,1
2056,case33bw,train,51,6,28,0,0.8842372239238229,0.9972795361930943,0.09090909090909094,0.268075497195326,0.8938314392496151,140.11006000441355,0,1
2057,case33bw,train,54,7,211,6,0.9868494318850025,0.9966439557048594,0.09090909090909094,0.7657842649245191,0.9505579019697387,63.178734938640886,1,1
2058,case33bw,train,9,17,130,0,0.8457156818192192,1.0346191166368333,0.21212121212121215,0.2250101370864138,0.892000089848264,181.6656842940934,0,1
2059,case33bw,selection,15,11,121,2,0.9107139947305405,1.010631882965778,0.12121212121212122,0.5828907004107641,0.9010258876076512,178.96085587012516,0,1
2060,case33bw,train,1,8,114,6,1.2156453338138002,1.0060964434313315,0.06060606060606055,1.0450156988766997,0.9407120672833291,129.5721003510031,0,1
2061,case33bw,train,34,1,174,3,0.9924025509918457,0.9850409031425543,0.030303030303030276,0.2810455288032052,0.9150548960333759,68.38016245606718,0,1
2062,case33bw,selection,8,6,71,1,1.2628141327066134,0.9760358182191289,0.06060606060606055,0.6202852700405395,0.7279556224975039,539.52156055071,0,1
2063,case33bw,train,9,3,206,6,0.8988720445286966,1.0166589746206471,0.12121212121212122,0.6596865413926596,0.9334228462387695,63.60090246125873,0,1
2064,case33bw,train,14,10,75,1,1.2325256248171896,0.9865431657939076,0.09090909090909094,1.0556848763022602,0.900265463821401,224.54728653924573,0,1
2065,case33bw,train,1,1,291,6,0.8911158181045897,1.0011243316925602,0.12121212121212122,0.14935243124317008,0.9681213825223393,34.98209876962187,1,1
2066,case33bw,train,45,4,92,1,1.1754592012112353,0.9798893657721783,0.0,0.6152581887540465,0.9130597880078183,111.79266964701667,0,1
2067,case33bw,train,0,2,192,2,0.91977632724818,1.0321518717584364,0.030303030303030276,0.5585327954493339,0.9948464030233403,37.74858298226692,1,1
2068,case33bw,train,21,15,11,2,0.8029411497794307,0.9913655918533302,0.12121212121212122,0.4500010908520376,0.9223160629974605,116.16643054490089,0,1
2069,case33bw,test,5,23,348,5,1.2934885786829975,1.023376527964074,0.06060606060606055,0.6777091230956673,0.5834724699834387,1795.0534631580933,0,1
2070,case33bw,train,26,3,364,1,0.9072366318231787,0.988632740078495,0.21212121212121215,0.40616465632312654,0.8921972331872173,86.18125108411527,0,1
2071,case33bw,train,34,22,222,2,0.9590639580401459,1.0232821355542354,0.030303030303030276,0.8454460461804237,0.9360138105977884,103.88152693217243,0,1
2072,case33bw,test,25,1,86,5,1.2090815492724174,0.983318305394267,0.1515151515151515,0.09128284338740796,0.8399858834561341,175.24748797766898,0,1
2073,case33bw,train,40,3,50,5,1.2730700204706802,1.0449797893412707,0.030303030303030276,1.0934122336003802,0.9433083024914675,139.61802296273407,0,1
2074,case33bw,train,45,15,267,1,1.1354211151069942,0.9930453090446898,0.12121212121212122,0.21725217512906864,0.8985175995255879,228.35371147451735,0,1
2075,case33bw,train,46,5,45,5,0.8757738546050029,1.0313676543456805,0.18181818181818177,0.8010647930358227,0.9974829517566067,43.425251846260394,1,1
2076,case33bw,test,58,11,131,3,1.2888667726368401,1.0103796478408402,0.12121212121212122,0.37034273935744844,0.9076820729605314,293.0983483689159,0,1
2077,case33bw,train,32,3,291,5,1.1900842554587292,1.0226647562634454,0.12121212121212122,0.696502620271864,0.9321455653165945,87.03039023837691,0,1
2078,case33bw,train,32,6,194,3,0.8017887855609415,0.9885780781241851,0.1515151515151515,0.2881653931540329,0.9161293153516844,57.26341307780392,0,1
2079,case33bw,train,26,16,53,1,1.030768695141587,0.9942689040259739,0.1515151515151515,0.9026131614328732,0.8230243370947977,270.436432034998,0,1
2080,case33bw,selection,53,11,97,0,0.9176178360560345,0.9821542243016713,0.1515151515151515,0.5623497960223803,0.9177393543596541,147.79473073800526,0,1
2081,case33bw,selection,15,6,274,1,1.0975886457653574,0.9847194642411474,0.21212121212121215,0.970043053139367,0.8996753541070277,104.4453186072136,0,1
2082,case33bw,train,2,1,78,6,0.8487692294601753,1.0435025939905065,0.030303030303030276,0.09673873096781233,1.0107914092712749,31.945857814493486,1,1
2083,case33bw,train,55,16,226,4,1.0918912421724998,0.9896613507021798,0.3939393939393939,0.5978047993136636,0.9244004750860128,123.66904264241833,0,1
2084,case33bw,train,34,17,290,3,1.0047266374883175,0.999744453912588,0.030303030303030276,0.3127867620402681,0.8879380538986944,169.36301771258988,0,1
2085,case33bw,test,19,3,186,5,0.9037792737424727,0.9953769946851236,0.06060606060606055,1.036150933450529,0.9587380580874766,30.03986537535447,1,1
2086,case33bw,train,31,12,2,6,0.8961109748147812,1.0032691698131107,0.06060606060606055,0.3207632421120208,0.814855478627674,315.9886089831801,0,1
2087,case33bw,selection,44,4,261,6,1.0071536523190432,1.0125609805654694,0.1515151515151515,0.9476280085042403,0.9635275999437813,59.37258445298999,1,1
2088,case33bw,selection,8,2,323,1,0.9315998360865343,1.0329292151781366,0.09090909090909094,0.7505794776593272,0.9056047410671729,143.4951927883,0,1
2089,case33bw,selection,12,19,52,4,1.104187804780366,0.9801994884208555,0.030303030303030276,0.6361680125237992,0.9146682139425575,147.7207228574928,0,1
2090,case33bw,test,19,15,94,4,1.292059021734678,0.997320676650952,0.0,0.5648488268742451,0.874078899618189,334.91315113946456,0,1
2091,case33bw,selection,20,4,23,1,1.1803155151290206,1.029630224164493,0.18181818181818177,0.3612954628751683,0.963974836079323,99.21355045224365,1,1
2092,case33bw,train,21,14,226,2,1.2455939235080176,0.9920366897346119,0.21212121212121215,0.8305432691335061,0.8958934232305579,219.889714592228,0,1
2093,case33bw,train,2,19,136,2,0.7234750669263305,1.0168929202081218,0.030303030303030276,0.4314057165318266,0.9782981731729792,44.3335637508365,1,1
2094,case33bw,selection,44,22,85,2,0.7235336528589911,1.0094645920651226,0.030303030303030276,0.20549928507393941,0.9442513406238383,102.01955435241824,0,1
2095,case33bw,selection,20,12,68,1,1.0675320233375187,0.9760609595032891,0.1515151515151515,0.7878321180341631,0.8656269409645132,280.31202317841684,0,1
2096,case33bw,train,3,4,68,5,1.0752214225321592,0.9826540901135767,0.06060606060606055,0.8755738614467461,0.9245067067328518,79.73675414807964,0,1
2097,case33bw,calibration,41,4,168,0,1.1652501215456,0.9945245738049382,0.06060606060606055,0.3275663633121892,0.9043147196879663,107.1225098583882,0,1
2098,case33bw,calibration,43,0,171,4,1.137293473560608,1.0127818000148718,0.030303030303030276,0.22692963130854227,0.9676492306804807,62.56815157198675,1,1
2099,case33bw,train,35,11,21,4,1.2528220637758956,1.0064043150579391,0.06060606060606055,0.6819230981468198,0.8779192355451252,412.2235526622184,0,1
2100,case33bw,train,23,17,159,2,1.1041992391838096,1.017773716116203,0.2727272727272727,0.7591909004358682,0.8381456190280904,258.15162394448885,0,1
2101,case33bw,selection,12,14,119,4,1.1102122989164471,1.0156350204607258,0.06060606060606055,0.8234563690609993,0.9456549597886573,163.83892240738572,0,1
2102,case33bw,test,17,3,200,3,0.7514224063382201,1.0180645262424828,0.0,0.49129971105889614,0.9796582130872316,25.066231984837515,1,1
2103,case33bw,train,56,7,59,0,1.0873238056264027,1.0266489513536208,0.12121212121212122,0.6902886121347894,0.9564211011213224,140.7096042882601,1,1
2104,case33bw,train,37,12,316,3,1.007885472335796,1.0378947209294769,0.0,0.605225759510049,0.8069581866008764,742.9786158397202,0,1
2105,case33bw,calibration,29,21,279,4,1.2923270855537,1.0331243406319823,0.0,0.9876571443381239,0.942279434788399,193.6142764956581,0,1
2106,case33bw,train,0,4,73,4,1.1405364843787213,1.0278448803537947,0.0,0.5258904739444586,0.9744474125556541,77.03460138192095,1,1
2107,case33bw,test,16,20,355,5,0.9400088035679917,0.9965383240340921,0.1515151515151515,0.3867844596688145,0.8990178049649364,150.45910067709758,0,1
2108,case33bw,selection,4,15,66,0,1.2460711682924615,1.0027206171468712,0.1515151515151515,0.15135640533191794,0.8745223520908654,387.6415310214479,0,1
2109,case33bw,calibration,43,11,220,5,0.9853965560910712,1.035573534706654,0.1515151515151515,0.8930475194519246,0.9843639509071295,87.12107908316294,1,1
2110,case33bw,train,3,20,317,0,0.7567334260890948,1.0280404566956785,0.1515151515151515,0.15763744248885533,0.9663066688327986,95.5603516065576,1,1
2111,case33bw,calibration,29,6,220,1,0.9969233510327813,0.982276681670647,0.12121212121212122,0.6841595858078837,0.9312743353849577,63.30574003958196,0,1
2112,case33bw,test,17,22,90,4,0.8247671244488558,0.9932029661139167,0.09090909090909094,0.5314807415950372,0.9235701752182587,82.093355662248,0,1
2113,case33bw,calibration,27,5,62,1,1.2309824786372292,1.0026764809819604,0.18181818181818177,1.020898751489533,0.9071704902430549,126.76136161852519,0,1
2114,case33bw,test,52,1,100,6,1.296675770233249,1.0092932980434102,0.030303030303030276,0.3851458679767409,0.8960716856993359,175.59994310684303,0,1
2115,case33bw,calibration,27,3,310,3,1.2493908946522574,0.9818549058189429,0.18181818181818177,0.40302413852302704,0.8959727694603077,114.77590225335425,0,1
2116,case33bw,test,19,0,268,1,0.932457684615593,1.0396859384928463,0.21212121212121215,0.6114688134223316,0.9877259123423017,58.687595320478316,1,1
2117,case33bw,calibration,43,13,99,0,1.080845300714097,1.0164064919088363,0.0,0.56823298357215,0.9472511443336477,161.75024744202298,0,1
2118,case33bw,train,0,22,303,0,0.9141299180608274,1.0435159472936535,0.1515151515151515,0.20690558164882544,0.98462311592488,91.19133687416902,1,1
2119,case33bw,train,45,22,92,4,1.1148306897180291,0.9958158336699658,0.12121212121212122,0.36861905420488117,0.910624345404013,181.58033397504747,0,1
2120,case33bw,train,57,21,279,4,0.9789404616497857,1.020759514391156,0.030303030303030276,0.600221702960224,0.9643408945989612,93.78842319345607,1,1
2121,case33bw,train,51,4,328,6,0.9959484040459261,1.0078965969071505,0.09090909090909094,0.12243865425231569,0.9252544295003585,90.60987487494177,0,1
2122,case33bw,train,47,2,79,1,0.8031554395107686,0.9983539553346891,0.06060606060606055,0.845319406607424,0.9656063610962454,40.11181403045258,1,1
2123,case33bw,train,10,8,45,1,1.225182168774394,0.9950849982551834,0.06060606060606055,0.7128138044862637,0.71456039198231,688.0661082507593,0,1
2124,case33bw,train,48,10,62,0,0.8662615858421997,1.0026337393808469,0.1515151515151515,0.43424198167261047,0.9426208261503248,125.62952092418233,0,1
2125,case33bw,train,51,11,179,4,1.0011101671789115,1.010583864891203,0.09090909090909094,0.922618953068311,0.8708105270485728,258.2467939618863,0,1
2126,case33bw,selection,59,11,182,3,1.1712288377318276,0.9887138978564165,0.0,0.8845540071191531,0.905722639287925,192.01564368879852,0,1
2127,case33bw,train,40,22,277,5,1.0125328742170137,1.0291312932978705,0.06060606060606055,0.8988292046315182,0.9228011021709902,148.66091936537183,0,1
2128,case33bw,test,17,7,248,6,0.9574717923348525,1.0200116614060897,0.12121212121212122,0.2745616270352318,0.9562180800444471,66.74186168941789,1,1
2129,case33bw,selection,8,23,231,5,1.0436356946069467,1.0034015513572423,0.09090909090909094,0.44717066251337345,0.8606598735199552,179.5466032108014,0,1
2130,case33bw,train,49,1,293,3,1.1391377961886515,0.9807521881941901,0.21212121212121215,0.34609490398306203,0.9009701344752566,149.7766515487242,0,1
2131,case33bw,selection,7,22,21,4,1.086265854767125,1.0391544377703963,0.0,0.1601302174262492,0.957567293989646,173.16567679318075,1,1
2132,case33bw,selection,12,13,361,6,1.2792458022144455,1.0242908152991979,0.2727272727272727,0.7733734105555163,0.9403142156755693,240.3962660060769,0,1
2133,case33bw,test,22,13,343,0,0.9731468978872927,1.0128400528533392,0.09090909090909094,0.7191764768649945,0.9261818049103258,197.74696602299102,0,1
2134,case33bw,selection,44,6,323,6,1.1718569786054647,1.0310205321729171,0.09090909090909094,0.1975742878261948,0.9526711108901909,152.1078715831526,1,1
2135,case33bw,train,10,2,285,2,1.2710805876349007,0.989451117480104,0.12121212121212122,0.12817222980980664,0.8404676490958217,199.8251976220182,0,1
2136,case33bw,train,51,15,204,3,1.0152180966937723,1.0114863616823024,0.030303030303030276,0.2964348805869707,0.8847302785890873,219.2270771172888,0,1
2137,case33bw,train,56,11,312,4,1.0625441581158308,1.0124460905038124,0.303030303030303,0.2040249397138107,0.9306051357292009,201.06734769358408,0,1
2138,case33bw,test,39,18,71,6,1.26849273178719,0.9991369133700976,0.21212121212121215,0.927501599697332,0.8136819738646238,448.147185601661,0,1
2139,case33bw,train,6,3,342,3,0.818986636407405,0.9957871065971526,0.030303030303030276,1.1164793744185664,0.9502276879720863,49.90393261027755,1,1
2140,case33bw,calibration,36,7,149,1,1.260373665446728,1.0262330428329134,0.030303030303030276,0.1204551264805555,0.94476027370265,171.87410031193005,0,1
2141,case33bw,train,1,11,268,4,0.9673146280767998,1.044205865970904,0.09090909090909094,0.616036483012925,0.9845948331039771,106.08173210512669,1,1
2142,case33bw,train,47,9,124,3,1.1997536570253695,1.0242434161165737,0.0,0.4591236848556715,0.9565272512661426,170.72537759180827,1,1
2143,case33bw,train,37,1,78,4,0.804376128377119,1.0236775971165188,0.12121212121212122,0.872013344417161,0.9164238038604,162.39366342525122,0,1
2144,case33bw,train,51,21,256,4,0.8254272534320116,0.9759504946952302,0.0,0.2596528310469498,0.8772030945322812,131.6429503742481,0,1
2145,case33bw,test,22,16,221,1,0.8991306369432304,1.0135431881862687,0.18181818181818177,1.0387079811697637,0.9592604182659901,81.45458622103295,1,1
2146,case33bw,train,49,0,344,2,1.2766358590894982,0.9970339063809124,0.06060606060606055,0.42456067833202327,0.882524270905739,304.92538235648453,0,1
2147,case33bw,calibration,33,18,111,4,1.060483227320147,0.9802222686854091,0.21212121212121215,0.5786500401285674,0.8524087030072001,208.2622775929261,0,1
2148,case33bw,calibration,41,3,6,1,0.7921879933031488,1.010285341240015,0.1515151515151515,0.22452304648872518,0.9377008247568007,68.8246682291177,0,1
2149,case33bw,train,54,1,199,1,1.1312393028146532,1.016969006271931,0.09090909090909094,0.537437558512448,0.9703062594240619,64.27251600981204,1,1
2150,case33bw,calibration,27,7,289,0,1.0896326274696562,0.9987466907387017,0.1515151515151515,0.34945156052093723,0.8958617992110611,138.78447088812777,0,1
2151,case33bw,test,19,5,244,3,1.140617004992153,0.9943830736991517,0.0,0.4999372651154983,0.9370741246656344,73.16388659876083,0,1
2152,case33bw,train,21,23,57,1,1.2646389372761426,0.9768682362856052,0.0,0.29216414422130066,0.8863903888240109,207.42380131262178,0,1
2153,case33bw,train,1,13,102,6,1.2853247805045511,0.9981402522513616,0.09090909090909094,0.8822717556923891,0.9145216701882464,196.46996746629503,0,1
2154,case33bw,calibration,36,18,226,1,0.8446326427841211,1.0079800763937017,0.18181818181818177,0.627038254283398,0.9528512828415842,83.27225744806927,1,1
2155,case33bw,test,5,18,56,6,0.8992215488830689,0.9751223319960385,0.06060606060606055,0.6653707049588047,0.6649281128669997,882.9718182540249,0,1
2156,case33bw,calibration,43,18,282,3,0.9649850750668572,0.9818242287537002,0.21212121212121215,0.7895477677695696,0.9281261967820168,91.91303148710429,0,1
2157,case33bw,train,49,3,355,6,1.2898328404360828,0.9888322529469004,0.12121212121212122,0.1326073921433415,0.8976494214191758,190.30328791156,0,1
2158,case33bw,calibration,29,8,201,1,1.0972420498650288,1.0032016265473045,0.1515151515151515,0.42603705940145814,0.9366794018774199,107.25727491270615,0,1
2159,case33bw,selection,7,3,245,5,1.1344602427797525,1.0190247639765524,0.0,0.4469400970691638,0.9747186721678911,50.04771247425304,1,1
2160,case33bw,selection,12,9,251,6,0.8258879034202067,1.001256348556512,0.06060606060606055,0.347498771148173,0.9624958769070837,54.09728569078742,1,1
2161,case33bw,train,48,19,259,2,0.7585998513417788,1.0226411265189215,0.06060606060606055,0.41616739989578755,0.9825445458933652,53.443684397885534,1,1
2162,case33bw,test,52,3,133,0,0.7729963986507609,1.038766435645552,0.030303030303030276,0.7499692034493932,0.9794413854694494,46.71159205939427,1,1
2163,case33bw,train,46,18,197,5,1.0132252288932055,1.041273943354178,0.0,0.6042521742748574,0.9960741150127347,73.61319624358703,1,1
2164,case33bw,train,35,18,184,0,1.126629366594424,0.9936789690253621,0.12121212121212122,0.26286778551166357,0.9138955253250046,163.91813227594193,0,1
2165,case33bw,train,50,16,66,0,1.1378133981255028,1.015473786842433,0.12121212121212122,0.12900619703696645,0.8382091378316466,417.0571647888879,0,1
2166,case33bw,calibration,42,22,202,6,0.7469060756033697,1.0432268271658247,0.1515151515151515,0.13871226180661497,1.009411935641025,29.6754557241129,1,1
2167,case33bw,train,57,16,269,4,1.187108120293088,1.0272948860295255,0.18181818181818177,0.39854490536543397,0.9521135536943202,161.36492259805027,1,1
2168,case33bw,test,58,22,152,2,0.9766348469343478,0.9913915685126999,0.0,0.2928566790999754,0.937317652405123,84.3455800104616,0,1
2169,case33bw,test,58,23,343,4,1.18126424643833,1.0083601332325796,0.06060606060606055,0.7936293151064836,0.9344445114691772,161.8098874067198,0,1
2170,case33bw,selection,59,20,37,2,0.9637998911001315,0.9826647173654971,0.12121212121212122,0.9110255595321904,0.9107169730189475,147.09641095960978,0,1
2171,case33bw,train,51,1,120,2,0.7618629900887234,1.032549669181127,0.030303030303030276,0.9443996901501087,0.9663807107104704,58.8764103255578,1,1
2172,case33bw,selection,12,22,305,3,0.7291981473849879,1.0092188814390146,0.0,0.17219439883452642,0.9714759821105591,47.17741018680041,1,1
2173,case33bw,train,10,0,30,5,0.8681203359586942,1.032964162836197,0.09090909090909094,0.532074387866204,0.9122789192666728,130.29794219481866,0,1
2174,case33bw,selection,15,11,98,6,1.0664692285772022,1.0207058080460527,0.18181818181818177,0.14233127809033108,0.9016954971113077,208.09929534346617,0,1
2175,case33bw,selection,12,15,164,0,1.0924110635371365,1.0168839227059285,0.09090909090909094,0.18807994465388903,0.9598287092102442,113.20362573678446,1,1
2176,case33bw,train,48,3,67,0,0.7569322423005407,1.0145443895259454,0.030303030303030276,0.4696014698150531,0.9838705228109921,32.05722567637283,1,1
2177,case33bw,calibration,27,23,210,4,1.2358588485914341,0.9873058691474371,0.1515151515151515,0.6152384353730911,0.8860221369974516,147.05019918262727,0,1
2178,case33bw,test,22,20,357,2,1.2065271985009414,1.014877775474204,0.1515151515151515,0.2750655993875999,0.9183746301461398,243.65518040694317,0,1
2179,case33bw,train,51,14,89,5,0.7780562883304402,0.9938679432417186,0.030303030303030276,0.9640983688516379,0.8820382251444289,172.4778003937387,0,1
2180,case33bw,test,17,17,299,2,0.8804796340065074,1.0006586397388193,0.21212121212121215,0.649216437093757,0.9164790175974525,119.21283821680787,0,1
2181,case33bw,train,50,2,356,5,1.016006267770084,1.0397393866600477,0.09090909090909094,1.1569682797146987,0.9473450643169407,115.52979063350878,0,1
2182,case33bw,train,38,0,206,4,1.1172200611220309,1.0049332877897206,0.030303030303030276,0.875440208718427,0.9459992617987878,87.24738314635377,0,1
2183,case33bw,train,45,5,208,4,1.2847372632771996,0.9971746018183502,0.09090909090909094,0.09930362042981254,0.9311328052157958,110.23737454874622,0,1
2184,case33bw,train,35,6,5,0,1.1727211389679169,0.9833727335943371,0.0,0.20114895505439165,0.9045580081169909,158.94685491336335,0,1
2185,case33bw,calibration,42,22,100,4,1.1178943495471179,1.0034257747935504,0.1515151515151515,0.5915092864880348,0.9344490957725569,121.74151594703233,0,1
2186,case33bw,test,52,16,11,1,0.9518688260779383,1.043954021691287,0.0,0.4922969536290381,0.9064973507265738,250.24778214247894,0,1
2187,case33bw,test,58,21,306,3,1.002834516498944,1.0344517421691266,0.030303030303030276,0.5122640505137626,0.9706299786153405,115.55325658168074,1,1
2188,case33bw,selection,15,18,69,1,1.0384409950602473,1.00595542334184,0.0,0.3015290909835086,0.8837763197173619,207.85774609924576,0,1
2189,case33bw,selection,59,17,241,1,1.050161934948141,0.9868103641641981,0.030303030303030276,0.5646982442908015,0.9200561438317751,123.46084091134632,0,1
2190,case33bw,train,40,14,24,6,1.2875889809877095,1.0344728941250279,0.18181818181818177,0.7109600066606991,0.8362012585517724,511.9253833798453,0,1
2191,case33bw,train,3,1,24,1,1.222020740635398,1.0307207558344982,0.06060606060606055,0.6806751741192766,0.9506084954379026,160.21045058400668,1,1
2192,case33bw,train,31,18,156,2,1.1142347326336017,0.9795024549932008,0.0,0.11919829982018967,0.8102795337534291,263.0487713462568,0,1
2193,case33bw,test,22,0,154,1,1.0108465391946926,1.0244444484759605,0.06060606060606055,0.8557443505763145,0.9750988879722604,65.13596655336201,1,1
2194,case33bw,train,1,12,17,2,1.1895964959643528,0.9899906682911862,0.0,0.4748242674851197,0.8955463433170293,270.9589906795872,0,1
2195,case33bw,train,55,4,23,2,0.8971776687074431,0.9787432861108483,0.12121212121212122,0.8445770058609765,0.9326363264163168,62.05516368023961,0,1
2196,case33bw,train,26,6,52,0,1.0808229981915916,0.9795641933006956,0.030303030303030276,0.585748910886465,0.826901461834695,206.27123939550023,0,1
2197,case33bw,train,45,21,28,0,0.8748182786280391,1.0193618455796833,0.0,0.7967799662656138,0.9481763426290081,129.62704262617376,0,1
2198,case33bw,train,13,1,343,6,0.8083717198787594,1.018424609806236,0.09090909090909094,0.5163834494597828,0.9856149186568923,35.506729848110716,1,1
2199,case33bw,train,49,18,11,4,1.2723480525174227,1.0068770820479633,0.09090909090909094,0.13018506588747816,0.8563740129091004,518.745137679299,0,1
2200,case33bw,train,57,9,152,5,1.1987713618197404,1.0259001119078657,0.0,0.844096076020336,0.9520224001717202,154.4074354995299,1,1
2201,case33bw,train,32,1,90,3,0.8203757970834838,1.0057214226879807,0.09090909090909094,0.9099557677558325,0.9215646907394462,75.64163325517693,0,1
2202,case33bw,selection,15,8,14,0,1.1098646456964785,0.9900850547800748,0.06060606060606055,0.5194661538292368,0.8554402068287048,255.8497734582446,0,1
2203,case33bw,test,52,4,149,6,0.9770840200628397,0.9750970196875751,0.06060606060606055,0.7997017748749524,0.9047780067647513,64.20591455807853,0,1
2204,case33bw,train,57,13,324,0,1.2910204912600904,0.9999582635900739,0.0,0.46164836617861904,0.8897101200692406,344.86718326926507,0,1
2205,case33bw,calibration,43,22,99,0,1.1555650131373605,1.0390117570531425,0.09090909090909094,0.13541519438542649,0.9748818655808222,120.78523378501347,1,1
2206,case33bw,train,9,2,302,0,1.191965065319445,1.0334909669773666,0.030303030303030276,0.7389726430018856,0.8764725805810468,217.93462389494954,0,1
2207,case33bw,train,47,11,8,3,0.996039298893929,1.0178681518373052,0.09090909090909094,0.14746704547299253,0.947494436658216,182.27297596676573,0,1
2208,case33bw,test,22,6,80,5,1.130218990434098,0.9923720102123212,0.21212121212121215,0.1712328319883413,0.9284020399888591,106.36216145804205,0,1
2209,case33bw,train,30,5,309,6,0.9777475484622494,1.0187421995829196,0.030303030303030276,0.2482809795276053,0.8913518339650309,124.7639932156391,0,1
2210,case33bw,test,16,13,241,6,0.7203487237737496,0.9945809058268507,0.21212121212121215,0.45479504988035885,0.9279525058076808,68.50279543684502,0,1
2211,case33bw,selection,8,13,140,0,0.9631640478599651,1.0231187587571458,0.21212121212121215,0.7974997293732662,0.8267731313059546,347.285611240711,0,1
2212,case33bw,test,16,2,54,5,0.8914500041924663,1.0345301774210611,0.12121212121212122,0.3118481572088194,0.9772258190488115,51.33683933025993,1,1
2213,case33bw,calibration,27,5,141,3,0.7586302671801414,1.0390740706541461,0.12121212121212122,0.341729676142709,0.9915292974792486,33.239134322718776,1,1
2214,case33bw,selection,15,11,54,4,0.8756239634297298,1.0246824720574843,0.1515151515151515,0.33842821793318556,0.9080734489393854,199.91520014946738,0,1
2215,case33bw,train,54,21,103,1,1.2456450594221866,1.036802868499661,0.1515151515151515,0.685123071646649,0.9575909393930028,178.27664299521973,1,1
2216,case33bw,selection,4,21,217,6,0.9590310882318132,0.9891092827531108,0.030303030303030276,1.0468462566279024,0.9260850693060244,93.41899673402932,0,1
2217,case33bw,train,31,21,85,4,0.7281774847724546,1.0394259969972288,0.06060606060606055,1.1581689623800422,0.9263945281266788,117.19308915377093,0,1
2218,case33bw,calibration,28,18,165,4,0.791026911208306,1.0112507993298354,0.12121212121212122,0.9202470053990626,0.9503828873285198,63.253505711224776,1,1
2219,case33bw,selection,15,8,316,1,1.2003648576713195,0.9964921708160248,0.09090909090909094,0.3587896903268939,0.8673196532236438,249.1843589168044,0,1
2220,case33bw,train,1,5,168,6,0.7615107951212963,1.0334927865925003,0.18181818181818177,0.4503218271831249,1.00866166318826,19.743125438826304,1,1
2221,case33bw,calibration,27,14,58,3,0.9487115326219095,1.0021235207237043,0.06060606060606055,0.791804999211586,0.8789703012857595,216.98334931768832,0,1
2222,case33bw,test,52,14,234,6,0.8978731085327954,1.0298353048597173,0.12121212121212122,0.13910113779430242,0.9262510861311007,141.28573398127455,0,1
2223,case33bw,train,54,7,339,2,1.2768480555198412,0.9767829414998926,0.06060606060606055,0.25929748002822645,0.8903684969058892,213.9577312226976,0,1
2224,case33bw,train,30,7,302,4,0.822470442683838,0.9892175007747718,0.12121212121212122,0.5316005725860151,0.8491163173606487,155.72413707666612,0,1
2225,case33bw,test,25,16,107,0,0.9307020622850608,1.0148094364149087,0.06060606060606055,0.6284746075989578,0.8476824544537754,240.15006904375022,0,1
2226,case33bw,test,39,0,61,4,1.1369711636714632,1.0257464028837904,0.09090909090909094,0.9848164597343696,0.88933394663152,241.98391758760158,0,1
2227,case33bw,test,52,23,278,3,0.8288924868588654,1.0109113089479278,0.12121212121212122,0.6332777574537196,0.9193626598414257,109.01751336977156,0,1
2228,case33bw,train,50,14,1,1,1.0074832047790732,1.0296311528667477,0.1515151515151515,0.11132126461156867,0.8579884026180584,393.6562129701424,0,1
2229,case33bw,selection,59,16,214,1,0.860364671804796,1.0274300663393976,0.09090909090909094,1.0376397314486552,0.9765584926072822,75.27933252073194,1,1
2230,case33bw,calibration,43,1,64,1,0.9923870584251089,1.0046913927083296,0.0,0.828061470210867,0.9601495832785529,65.29100418493745,1,1
2231,case33bw,train,0,9,203,2,1.225225365033015,1.025936200868902,0.09090909090909094,0.523785517331595,0.9482622400034644,162.20434444811386,0,1
2232,case33bw,train,54,20,311,2,1.152268763364293,1.0301286279879276,0.030303030303030276,0.2751193837457263,0.946901049301466,188.97865876813495,0,1
2233,case33bw,selection,20,16,342,0,0.907084967123844,0.9801100275496593,0.12121212121212122,0.3410531548012551,0.9004437745989523,148.16899555081534,0,1
2234,case33bw,selection,44,9,19,1,1.0588589849107517,0.9977980944996964,0.12121212121212122,0.19729854030194413,0.86878688040725,392.01813044447425,0,1
2235,case33bw,train,40,1,227,4,1.212700191861782,1.0418509844015302,0.030303030303030276,0.526672544550431,0.9416562437196653,130.40436589729268,0,1
2236,case33bw,train,30,0,296,4,0.7945784803827002,1.0433801873116515,0.030303030303030276,0.5723679640252093,0.9304186024282677,100.55852693659313,0,1
2237,case33bw,calibration,33,11,238,5,1.2801670507856657,1.0397245399621151,0.24242424242424243,0.4137923745416586,0.899403292225148,251.2407037576912,0,1
2238,case33bw,test,19,3,63,4,0.8913267377859087,0.9940139482056272,0.12121212121212122,0.7721584179282615,0.9450011061452083,52.03136684818512,0,1
2239,case33bw,selection,20,2,342,2,1.1558007680785223,0.9930832380343887,0.12121212121212122,0.2908346881242099,0.9285569229176357,96.17415822188413,0,1
2240,case33bw,calibration,43,12,196,1,0.9682868805390894,1.0325586370955449,0.09090909090909094,0.38744268667157855,0.9759337431787372,108.4254453814896,1,1
2241,case33bw,train,46,11,330,6,0.8420216103768582,0.9760099384566842,0.06060606060606055,1.0966414976095475,0.9180605325340742,124.62497837404258,0,1
2242,case33bw,train,50,20,164,4,1.1064053204971214,1.029067671155422,0.24242424242424243,0.16743867099869006,0.894562653213684,233.19219757295605,0,1
2243,case33bw,train,46,11,6,6,1.1350142934177903,1.0422227351893594,0.030303030303030276,1.023354187782555,0.9667519714827941,213.68611293149573,1,1
2244,case33bw,train,51,15,322,6,1.2459340137504926,1.0397798599676424,0.18181818181818177,0.4612285561307019,0.8684538167823302,391.09090233284877,0,1
2245,case33bw,selection,12,19,308,4,1.2769704102556976,0.9836961252343467,0.030303030303030276,0.25778868540737426,0.917347577661908,156.7617082997273,0,1
2246,case33bw,train,54,7,273,0,1.2717933976963367,1.0057129605843893,0.030303030303030276,0.6240796157258848,0.9330871925226057,154.26852463674038,0,1
2247,case33bw,train,34,0,267,2,0.8375192568355527,0.9858660307472357,0.12121212121212122,0.5318936568140538,0.9190654409232866,61.95788820337228,0,1
2248,case33bw,test,22,3,325,6,0.9095571317245719,1.02325743027099,0.06060606060606055,0.3775851671792033,0.9841222830419095,39.63392375888095,1,1
2249,case33bw,calibration,11,23,153,4,1.0439952897665996,1.033658065878459,0.12121212121212122,0.2112710086135805,0.9880362832434849,68.86942504155144,1,1
2250,case33bw,selection,53,17,253,0,0.9035309720507122,0.9750514871823871,0.09090909090909094,0.7861842875562244,0.9272423663694167,86.60363791697279,0,1
2251,case33bw,train,45,5,169,2,0.7352864070239364,1.0348694948244828,0.0,0.3072444728342035,0.9998209797645365,31.159438269731908,1,1
2252,case33bw,selection,20,5,266,6,0.7527742451583873,0.9995749392409955,0.2727272727272727,0.1412925385929526,0.9642250125271525,29.029682139815492,1,1
2253,case33bw,calibration,33,8,205,6,1.1309304134147182,0.9756010549265415,0.030303030303030276,0.436227836629264,0.867119794570847,150.30397841084263,0,1
2254,case33bw,selection,53,1,72,4,0.8220164189428606,1.0316412984416619,0.09090909090909094,0.5040040858496059,0.9967724128579122,45.07631447367464,1,1
2255,case33bw,train,0,23,207,6,1.0819668819409605,0.9931375229854468,0.21212121212121215,0.44226546759090807,0.9424253383730883,70.66120262523786,0,1
2256,case33bw,train,13,6,323,3,1.017477486727345,1.0305075405132855,0.1515151515151515,0.9085690660150721,0.9849107332231344,67.71745261277948,1,1
2257,case33bw,train,57,8,18,0,0.7942307159349665,1.026702856812732,0.030303030303030276,0.7198014938617612,0.968530996235976,94.75084703966941,1,1
2258,case33bw,train,24,1,114,2,0.8426877671030132,0.9984290407712105,0.0,0.5455518240284669,0.8870707907403915,102.48154379922974,0,1
2259,case33bw,train,49,5,265,2,0.9839346685686771,0.9905193173670214,0.18181818181818177,0.2044238575606047,0.928893022556905,89.47433674144264,0,1
2260,case33bw,train,47,13,285,1,1.257441290043258,1.030297529465669,0.18181818181818177,0.676896228407405,0.951094697606878,212.91530079788015,1,1
2261,case33bw,train,46,4,209,5,1.0616649074584188,0.992126090320268,0.06060606060606055,0.34292740094714275,0.9594278458401857,36.57677612147557,1,1
2262,case33bw,calibration,28,18,159,3,1.0625635363427473,1.012029584837187,0.12121212121212122,0.9975707350375556,0.9230644362631985,132.63179879380078,0,1
2263,case33bw,train,46,3,217,4,0.9418626934135416,0.9782741107325275,0.18181818181818177,0.7938731239865369,0.946265319003341,33.00829125876527,0,1
2264,case33bw,calibration,36,20,236,6,0.9060939086555876,1.0171479235854302,0.09090909090909094,0.40912974173665645,0.9625433999398736,78.77996556587291,1,1
2265,case33bw,calibration,27,16,215,1,1.1993851003525455,0.9870337913191641,0.09090909090909094,0.49658896662262075,0.8700892953920908,194.04751687993192,0,1
2266,case33bw,train,34,13,292,6,1.2819160122736242,1.0298273309854953,0.1515151515151515,0.39664761379041474,0.8816817351968415,307.38366446159455,0,1
2267,case33bw,selection,44,21,360,5,1.0989859751613746,1.0307817658005325,0.0,0.4487772526207276,0.935094118235685,224.610331334282,0,1
2268,case33bw,train,51,21,99,4,0.765133764646874,1.017829016175773,0.030303030303030276,0.2942395687979602,0.9238962317676065,117.26033891507616,0,1
2269,case33bw,test,19,1,30,5,0.9895494149237282,0.9914080074671513,0.1515151515151515,0.5482303896742144,0.9333414703698383,72.67892478704677,0,1
2270,case33bw,train,46,4,57,0,0.9951625238277355,1.0184357272798799,0.1515151515151515,0.8691698865788375,0.9769921198027495,63.60370160979968,1,1
2271,case33bw,train,21,15,96,6,1.2334944938738956,0.9881820690591179,0.09090909090909094,0.21439907083278148,0.891951171791319,224.9170739722746,0,1
2272,case33bw,calibration,29,3,98,3,0.7952564383574422,1.032701543903872,0.09090909090909094,0.8348089715745733,0.9946600392619277,35.457003236164134,1,1
2273,case33bw,selection,20,23,100,5,0.7724454224702781,1.0149844205507073,0.12121212121212122,0.5361407115938229,0.9680647660283368,50.93355610980118,1,1
2274,case33bw,train,56,22,66,1,0.9385577920324528,1.0448716009829984,0.0,0.7796596297098921,0.9844820619528255,104.74186077112292,1,1
2275,case33bw,train,54,16,139,3,0.8122661646289623,1.0434604621642731,0.06060606060606055,0.347403215658208,0.9956004723195571,67.36749866658701,1,1
2276,case33bw,test,16,21,341,3,1.2318230943606172,1.0089194241263282,0.0,0.25099490132872,0.8794228977697404,257.71374431596587,0,1
2277,case33bw,test,19,0,276,5,1.203173463228138,1.0188897608320941,0.030303030303030276,0.5599492862855151,0.9557399931506007,88.20573940694818,1,1
2278,case33bw,train,1,10,256,0,1.293871332961668,1.034525649343271,0.030303030303030276,0.19054075818534255,0.9553561065459556,181.34897518891057,1,1
2279,case33bw,selection,44,21,285,0,0.7858023014973476,1.0413499466430534,0.06060606060606055,0.6473388229674779,0.9750041595624553,106.89572276264857,1,1
2280,case33bw,train,14,0,145,0,1.0935769085824492,1.0320910814824282,0.12121212121212122,0.6631583261084945,0.9861496090227782,64.60242689238834,1,1
2281,case33bw,train,1,4,181,5,1.0141791798729218,1.0074643821536404,0.18181818181818177,0.47422055626261306,0.9768938284755911,27.386465123125888,1,1
2282,case33bw,train,38,21,274,0,0.8947494017958597,1.0380264425965384,0.06060606060606055,0.4276622274353277,0.9802902708704206,86.45267076551248,1,1
2283,case33bw,train,57,22,345,3,0.931659476206311,1.0061822666775977,0.06060606060606055,0.3949975739210584,0.94141112102566,114.05651563950525,0,1
2284,case33bw,selection,59,23,188,2,0.737485035434716,1.0260840709533143,0.09090909090909094,0.5896879949917078,0.9920072490471605,32.11475855583243,1,1
2285,case33bw,selection,7,6,78,3,0.8831107042041355,0.9827745539727842,0.0,0.7408204436792798,0.9313289995422545,68.31016708467688,0,1
2286,case33bw,calibration,41,15,97,0,1.0453997885752144,0.9836312230425097,0.06060606060606055,1.0796919282096142,0.8315433783679581,307.38579645903854,0,1
2287,case33bw,calibration,29,15,353,2,1.1899631289215524,1.0127272616628253,0.06060606060606055,0.27466611147458975,0.909445230110316,239.71567353344838,0,1
2288,case33bw,train,9,2,288,0,1.2301316651679168,1.0329679514373526,0.1515151515151515,0.42546261812904224,0.890452887525668,180.93048970280412,0,1
2289,case33bw,train,21,10,20,1,0.838091716384549,0.9862748806767296,0.12121212121212122,0.21834063028044529,0.9078581377655576,155.87679290735738,0,1
2290,case33bw,train,6,14,259,2,1.0654858757426213,1.0251757078646657,0.1515151515151515,0.6779768437152259,0.9400153687198564,182.75049927999171,0,1
2291,case33bw,test,19,6,28,1,0.9437048486373588,1.003697777692436,0.030303030303030276,0.5811371180458157,0.9385883409702651,92.60009029271735,0,1
2292,case33bw,calibration,29,16,193,6,1.2518655921741009,0.9829459624950814,0.0,0.18811846513486616,0.9029551729258867,151.65499184859647,0,1
2293,case33bw,selection,20,10,57,1,1.25094563969109,0.9921325438698126,0.06060606060606055,0.6190155418551551,0.8689863802936763,357.59475746480905,0,1
2294,case33bw,test,58,2,339,2,0.9994485939409854,1.01208834198164,0.12121212121212122,0.48448797920557946,0.9660989576292908,59.05904054665723,1,1
2295,case33bw,test,16,13,9,2,1.2293138955280003,1.0440867427612037,0.12121212121212122,0.5210186614886999,0.8846301422167276,381.65414859221477,0,1
2296,case33bw,calibration,11,0,212,1,1.2240606713601598,0.989980155311286,0.030303030303030276,0.630685506333631,0.9368447254652087,91.25686014715826,0,1
2297,case33bw,train,49,14,314,1,1.1739926696012843,1.0273067362518837,0.2727272727272727,0.3481311989199189,0.8921206268104618,434.95030298561437,0,1
2298,case33bw,selection,4,6,173,1,1.2274547084172678,0.9784169532299163,0.06060606060606055,0.3488931239074437,0.9029480981598312,135.61475448950458,0,1
2299,case33bw,train,40,9,329,1,0.96961313042212,0.9752285868164282,0.12121212121212122,0.15471191575371046,0.8235809090706409,301.68712499481603,0,1
2300,case33bw,train,50,16,150,5,1.0030366812821025,1.0222140230273047,0.1515151515151515,0.6447347959778752,0.9009509918459967,195.9825029685015,0,1
2301,case33bw,train,6,22,153,3,0.9190997454813388,0.991976221389814,0.06060606060606055,0.16126857478101866,0.9331641863182571,89.33431303874919,0,1
2302,case33bw,train,38,23,101,0,1.1537752946016981,0.9951769273753535,0.09090909090909094,0.4424782554812686,0.9207081821192393,152.6825712959041,0,1
2303,case33bw,test,16,12,165,2,1.2424462421169475,0.9870241775862003,0.1515151515151515,0.9363748687061435,0.8453787718932131,300.0871777085084,0,1
2304,case33bw,train,35,19,55,2,0.7679977458565198,1.0261110475244333,0.1515151515151515,1.0558616486011025,0.9674397694510246,92.47860929408873,1,1
2305,case33bw,train,18,18,97,2,1.035958279129774,0.9913283585823098,0.18181818181818177,0.9349593809107853,0.8962041157362379,163.93102795252383,0,1
2306,case33bw,test,17,20,20,5,0.9363108780771382,0.9919806185237936,0.1515151515151515,0.231317355939908,0.9013790426029328,135.44598211250903,0,1
2307,case33bw,test,39,15,237,5,1.1212429439568876,1.0214285655535165,0.09090909090909094,0.1558259448219264,0.891287464013985,225.4879592181777,0,1
2308,case33bw,train,35,11,14,2,0.8475598249818933,1.022772268542557,0.21212121212121215,0.25548093091803703,0.9427126727491503,175.55321478964783,0,1
2309,case33bw,calibration,33,1,119,2,1.1296643605574594,1.009329908490792,0.06060606060606055,0.715811498769121,0.9203226548038602,104.96743153251242,0,1
2310,case33bw,selection,4,23,203,1,1.0595158548659602,1.026849535606602,0.24242424242424243,1.0326718336642295,0.9597637793702253,105.15013293682492,1,1
2311,case33bw,test,39,17,300,6,0.9095750315660542,1.0037194325739132,0.21212121212121215,0.6163988091388359,0.8821212287063993,191.66269236064355,0,1
2312,case33bw,train,56,18,342,6,0.9036094150273287,1.0095166433415275,0.0,0.4870327825138263,0.9442985037382337,121.42941339959886,0,1
2313,case33bw,selection,7,8,360,5,1.25586023987202,0.9788803590479459,0.0,0.7007795289927535,0.8790324523717351,242.45970319793807,0,1
2314,case33bw,train,26,1,213,4,0.7503427814078658,1.0294808150061243,0.18181818181818177,0.7908822471708656,0.963139865348021,40.954669099944084,1,1
2315,case33bw,calibration,41,0,36,0,1.2036016122338238,1.004989246925176,0.24242424242424243,0.1269579783148361,0.8713875116134825,236.45168927120332,0,1
2316,case33bw,train,38,4,301,1,1.0960879772475753,0.998452043774681,0.030303030303030276,0.6150436371218971,0.9461556844390213,72.62944416597757,0,1
2317,case33bw,train,49,6,232,0,0.7795240041666726,0.9855271501412437,0.12121212121212122,0.875207946379355,0.9349853442921147,60.66364253948583,0,1
2318,case33bw,train,49,1,86,1,0.9465098815449307,1.0226838558959903,0.1515151515151515,1.0017033893871103,0.9503610932057275,121.4013617059342,1,1
2319,case33bw,train,45,7,37,1,1.2617994643936539,1.0130899248677372,0.030303030303030276,0.3522658695003611,0.9118493971496382,261.534870628766,0,1
2320,case33bw,calibration,11,15,345,5,0.9251990368353797,1.0370532757458881,0.1515151515151515,0.9318958476479637,0.9797202304060726,106.0356573040386,1,1
2321,case33bw,calibration,11,2,330,2,1.2108770661551511,0.9897076915393235,0.030303030303030276,0.4828174428107217,0.9369437755576419,80.96955961778889,0,1
2322,case33bw,selection,7,10,40,5,0.8263700280283692,0.9995485223685674,0.12121212121212122,0.2666250681861113,0.932047535366169,115.34705631281238,0,1
2323,case33bw,train,55,20,206,1,1.0520604530203688,1.0139279500409246,0.09090909090909094,0.5642035435061757,0.9538181395319764,103.24839944311907,1,1
2324,case33bw,calibration,11,7,196,3,1.0149980209779934,0.9776170859582406,0.0,1.175486362365564,0.9316435439948006,67.45831474138535,0,1
2325,case33bw,selection,53,4,340,2,1.2454075368794089,1.0321019935308129,0.030303030303030276,0.9247276483295352,0.9798436698141865,96.26989635642299,1,1
2326,case33bw,train,34,20,294,5,1.2888485625200792,0.9763402547731012,0.09090909090909094,0.3262829525524885,0.839604307917648,255.05941940561,0,1
2327,case33bw,calibration,33,10,116,1,0.9012859332801577,1.0221040120532687,0.0,0.5153179898379,0.9069130529375267,167.76530759633596,0,1
2328,case33bw,train,56,19,189,1,1.1682352299772394,0.9755374052196726,0.12121212121212122,0.28561079537831124,0.9018045415807507,155.82557417952643,0,1
2329,case33bw,train,47,17,303,2,0.8252401787392588,0.9899960457216557,0.06060606060606055,0.7271684703192836,0.94084434314772,89.50430285514066,0,1
2330,case33bw,train,48,12,55,5,0.8377105683145752,0.9983841235666611,0.06060606060606055,0.8771231342779318,0.942396701932864,114.43032639496397,0,1
2331,case33bw,train,26,5,111,2,1.1086272425352726,1.0322781991453396,0.06060606060606055,0.5110923154199396,0.9179486503250631,118.68524810858948,0,1
2332,case33bw,selection,53,12,123,3,0.7299892112129474,0.9824227916508781,0.1515151515151515,0.2942983152309146,0.9327807043937285,88.8794237489547,0,1
2333,case33bw,train,54,21,91,6,0.833298440135189,1.0007150043269208,0.06060606060606055,0.49116371873451364,0.9494555505130139,73.41575648289866,0,1
2334,case33bw,train,51,16,127,2,0.8109205194089582,1.0152918888853362,0.06060606060606055,0.10363132088633088,0.9111510741255043,141.7594086239508,0,1
2335,case33bw,train,13,4,265,1,1.2289827676068261,0.9771606923423274,0.09090909090909094,0.8633027892827837,0.9356406613274474,56.07242436163427,0,1
2336,case33bw,train,50,21,243,3,0.8432644847918074,0.9955775872675543,0.1515151515151515,0.8328544634622222,0.8955896015816857,131.39460848708097,0,1
2337,case33bw,train,38,13,33,1,0.7641429954920453,1.0272165831863562,0.2727272727272727,0.9321012156672158,0.9569009524250556,135.48961826901208,1,1
2338,case33bw,train,10,20,170,3,1.0752943717036583,0.9776927418893778,0.06060606060606055,0.2058227665084784,0.7987950849631197,289.10282058886787,0,1
2339,case33bw,calibration,43,9,286,5,0.8812361898831751,0.9979342461990095,0.12121212121212122,0.3769972839854352,0.9477943868723483,81.88070974926836,0,1
2340,case33bw,train,24,19,208,1,0.7546711991691321,0.9866507445371167,0.030303030303030276,0.7003210800216881,0.8714701031284419,109.2061752098899,0,1
2341,case33bw,train,23,13,360,1,1.261544599948843,1.0116981460316343,0.030303030303030276,0.46747768949360285,0.6329429510558324,1101.6105977581865,0,1
2342,case33bw,train,9,3,188,0,1.2861039742513483,1.0366776684836319,0.06060606060606055,0.887526285462171,0.9125340724580304,137.1417526351064,0,1
2343,case33bw,calibration,36,11,82,5,1.2688235258905693,0.9871464508108417,0.09090909090909094,1.0966565358426967,0.8675362085654527,385.10612377800896,0,1
2344,case33bw,train,54,16,243,3,0.858064975697539,1.0137850425112702,0.09090909090909094,0.1165147696891122,0.9613104124996743,78.2737495046739,1,1
2345,case33bw,train,56,3,181,2,0.7939683322791331,0.9927321196706992,0.18181818181818177,0.118353652134078,0.9616408845577192,28.02802458476297,1,1
2346,case33bw,calibration,28,15,215,6,0.7997494505220384,0.9794752422070693,0.21212121212121215,0.33573011396135477,0.9159732335714824,65.771169482326,0,1
2347,case33bw,calibration,42,18,353,1,0.7622520953383183,0.9850384520832128,0.21212121212121215,0.8315268263598709,0.9341561020447361,66.59914066365525,0,1
2348,case33bw,train,31,18,226,6,1.064715324774112,1.010173994650476,0.0,0.5628993991234317,0.8717985788689643,175.7584100011368,0,1
2349,case33bw,train,3,0,15,5,0.9104913919364637,1.0409047479363163,0.06060606060606055,0.18552128753143193,0.9852236283882165,77.71600197938945,1,1
2350,case33bw,test,25,22,41,2,1.0489301237699424,1.0441106708328014,0.1515151515151515,0.42933431422324264,0.8606497542750501,280.3816807761425,0,1
2351,case33bw,train,40,16,318,0,1.2138562150030634,0.996545532619491,0.09090909090909094,0.6106149076400533,0.8112803170866598,451.17676212548974,0,1
2352,case33bw,calibration,27,9,352,4,1.2457669791637154,1.0265119870713955,0.030303030303030276,0.38178957958593207,0.8677825008779356,334.0330769733763,0,1
2353,case33bw,selection,7,0,147,6,1.0883046178614573,1.011054453746388,0.030303030303030276,0.41671988680952515,0.9559009263846786,75.3139250565651,1,1
2354,case33bw,selection,15,4,331,3,1.283414409395304,1.0255511026346542,0.030303030303030276,0.6694439905363072,0.9376869923899868,114.50634503922824,0,1
2355,case33bw,train,3,17,308,2,0.8054196780498335,1.037892625172759,0.1515151515151515,1.1091252487275034,0.9715302833859806,104.55574089836001,1,1
2356,case33bw,test,52,10,1,5,0.7762695166807928,1.0015628801810188,0.0,0.41352417001643155,0.8882641215404636,173.52708805507544,0,1
2357,case33bw,train,30,7,251,5,0.94269987360475,1.0329337456609284,0.0,0.1170169209118977,0.9000228174201843,137.56324095130554,0,1
2358,case33bw,train,0,0,30,5,1.031283944306982,1.0402185275781075,0.0,0.30388055028593053,0.9796987365394638,101.55662290809998,1,1
2359,case33bw,train,56,1,63,4,1.035524164944761,0.9906526992911672,0.030303030303030276,1.0245960150896245,0.936532329723175,84.92609528705493,0,1
2360,case33bw,train,21,21,153,0,1.2777763404876257,0.9909270640632294,0.24242424242424243,0.7900580612725725,0.9109429867709893,157.23914204894606,0,1
2361,case33bw,selection,53,15,103,3,1.264288144284887,1.041732426921195,0.06060606060606055,0.564289104767776,0.9643119647348637,217.83925552698298,1,1
2362,case33bw,train,35,0,247,4,0.9992113446508397,0.9950470294740463,0.09090909090909094,0.4555879829535853,0.9407043537008346,77.63097228902326,0,1
2363,case33bw,selection,20,15,170,4,1.1475502243526037,0.9796235072832495,0.1515151515151515,0.11396244117563008,0.8929253554672629,168.12055790521035,0,1
2364,case33bw,train,49,10,230,1,0.9699981007424827,1.0152405177660493,0.0,0.7485796427397877,0.919262432420366,219.0580156562164,0,1
2365,case33bw,test,16,16,176,3,0.7747969386863515,1.035506649428748,0.21212121212121215,0.6833336848925857,0.9682672158087902,72.32908126477552,1,1
2366,case33bw,selection,7,18,51,6,1.1352780057233234,0.9751533092309637,0.06060606060606055,0.873934799490237,0.8866786108703194,199.1927591977386,0,1
2367,case33bw,calibration,41,11,219,3,0.9793829955424163,1.0172874354752433,0.0,0.3035185311429923,0.8957058239838219,197.47172331200096,0,1
2368,case33bw,test,58,7,14,0,0.8460490415796732,0.9940663045892262,0.030303030303030276,0.443283390024253,0.9370414807197193,91.18195847442433,0,1
2369,case33bw,calibration,43,1,293,4,1.1867724685142884,1.0026416907808657,0.030303030303030276,0.8634004548823613,0.9531001086833065,78.42705184255684,1,1
2370,case33bw,selection,12,2,61,6,0.7520081378363241,1.0075743993663175,0.1515151515151515,0.75592589143966,0.980571164063689,26.576470940052424,1,1
2371,case33bw,train,2,7,125,0,0.8593324438680384,1.0071237007096097,0.06060606060606055,0.35477904466031196,0.964941020558734,53.54115203356862,1,1
2372,case33bw,selection,15,12,136,3,1.0129266685900904,0.9753735476636081,0.030303030303030276,0.4431900413457741,0.8461854768961552,245.36356503517976,0,1
2373,case33bw,train,1,9,343,2,0.8037041082566809,1.0232265197637218,0.06060606060606055,0.7248203724784849,0.965114774232565,94.80040153172997,1,1
2374,case33bw,calibration,28,12,364,1,1.0816528309097333,1.0184620006517864,0.0,0.8323239210577658,0.8874281616941601,292.43838868283666,0,1
2375,case33bw,test,39,6,221,5,1.0680330878147446,1.0253856129605905,0.24242424242424243,0.5730847335205823,0.9321958079739905,113.36150205728742,0,1
2376,case33bw,test,5,11,129,3,1.1196029424078873,1.0320839985518357,0.0,0.4719489845753379,0.38869586827416686,3770.9485881726246,0,0
2377,case33bw,train,47,4,291,1,1.2805394965760128,1.01059766075649,0.24242424242424243,0.09141823089617715,0.9622303292981945,79.76284508259705,1,1
2378,case33bw,calibration,33,21,235,3,1.0295369683310809,1.0071061629927212,0.09090909090909094,0.2957750215324899,0.901753351566032,139.375114889979,0,1
2379,case33bw,train,6,7,267,5,0.9369320605184985,0.977736167972836,0.2727272727272727,0.6012967900189141,0.9204587280351018,78.26310708388948,0,1
2380,case33bw,test,5,22,293,4,0.9632826459272773,1.0126765113896135,0.06060606060606055,0.13769242925233735,0.7292791471811837,742.2797475807768,0,1
2381,case33bw,train,35,13,215,2,0.7631786237966974,1.0198960323349782,0.030303030303030276,0.3649035119013452,0.9644764070277261,80.33876292075917,1,1
2382,case33bw,calibration,33,1,102,4,0.968144688200003,1.0072645571104717,0.06060606060606055,0.21864615157843229,0.9240793004587283,88.73189224332198,0,1
2383,case33bw,selection,12,14,222,2,0.9667302341781324,1.0085255642659015,0.09090909090909094,0.40991109754006283,0.9570833525727461,96.02829570470074,1,1
2384,case33bw,train,38,6,106,1,0.8650354408080544,1.042435586496174,0.24242424242424243,0.15338029337729936,0.9943228226551603,63.93050744210782,1,1
2385,case33bw,selection,44,22,314,4,0.9811989093140023,1.0058329891971527,0.24242424242424243,0.26151348680929676,0.9154602397456884,196.6554767816014,0,1
2386,case33bw,train,6,17,153,2,0.9565482068512157,0.9971588332895206,0.0,0.44422625769172747,0.9318473367547259,107.70726117640366,0,1
2387,case33bw,calibration,41,13,291,2,1.2041533182607804,1.038388135579543,0.12121212121212122,0.7444736090463554,0.8682717531497636,393.55880062235235,0,1
2388,case33bw,selection,59,18,255,6,0.8371289946725563,1.0427036919563704,0.0,0.18927533107962646,0.9992149931025139,52.66910236693175,1,1
2389,case33bw,selection,7,5,47,4,0.7917927080750977,0.994651809167379,0.12121212121212122,0.6350306265541198,0.9513081114535333,49.35603157497055,1,1
2390,case33bw,train,21,23,261,1,1.1613609260566453,1.0434572861890166,0.0,0.7515729711311806,0.9741617982289817,115.60335131900182,1,1
2391,case33bw,train,23,4,259,0,1.0204493712202076,1.0377731167190476,0.09090909090909094,0.658080759593416,0.9368747353242163,85.19211080493899,0,1
2392,case33bw,test,58,1,43,6,0.7594993946131626,1.0433556645510007,0.24242424242424243,0.811714173033673,1.0079007342786974,36.658903131584886,1,1
2393,case33bw,train,49,9,111,2,0.72970816947366,1.031237444642622,0.030303030303030276,1.0799996599047184,0.95651399234922,132.4072496240317,1,1
2394,case33bw,test,39,23,120,4,1.2213133691913094,1.0142418186171527,0.09090909090909094,0.9278638464747733,0.8759051737078113,251.75769923801377,0,1
2395,case33bw,train,56,10,268,0,1.1014213597932396,0.9795709737859214,0.12121212121212122,0.20163184031366155,0.9003994543735621,180.16385958055963,0,1
2396,case33bw,train,56,14,190,6,0.8847634855324188,1.0397235841585855,0.2727272727272727,1.3662034139269514,0.9854510992846742,81.42838680555603,1,1
2397,case33bw,selection,53,10,306,0,0.9526243807474308,1.001874744210184,0.09090909090909094,1.1206184607237921,0.9390435138433884,144.34342730759258,0,1
2398,case33bw,train,3,3,229,0,1.0743507279717817,1.0034061958018414,0.18181818181818177,0.49095017174359945,0.95316726276911,57.22919454894226,1,1
2399,case33bw,selection,4,20,175,4,0.8744836250955819,0.9820914342791986,0.18181818181818177,0.33734457915471266,0.9167482977190717,99.94126393646057,0,1
2400,case33bw,selection,44,7,192,0,0.8837160846261288,1.0009266902435248,0.21212121212121215,0.7756593070649687,0.9399338941281455,91.06492176039008,0,1
2401,case33bw,selection,59,16,152,6,1.2565313027362603,1.0006834017581963,0.030303030303030276,0.6889900334804523,0.9248426282885596,164.77823665978258,0,1
2402,case33bw,calibration,29,8,306,6,0.8732667681849212,0.9869962845272413,0.21212121212121215,0.7602444210941224,0.9273514647185845,87.6880817095186,0,1
2403,case33bw,selection,53,23,210,1,0.9838614344514243,0.9889249414200129,0.0,0.6610115399548233,0.9454215167814186,68.35139767458907,0,1
2404,case33bw,calibration,33,17,316,2,1.2861560488662465,0.9948870268104174,0.21212121212121215,0.9396761539440536,0.8230606479730471,373.5827970790234,0,1
2405,case33bw,train,45,19,332,3,0.8556950121725947,1.0341863489865077,0.0,0.5614024048935223,0.9612144027467087,135.65242163868766,1,1
2406,case33bw,train,10,3,163,0,0.8017473473949384,1.0395582920700321,0.0,0.223698386658551,0.9620712153777974,53.31468825607717,1,1
2407,case33bw,calibration,29,14,310,1,1.0037261010302936,1.0292979910391815,0.12121212121212122,0.3248755698885878,0.9451652809842146,170.26003717910942,0,1
2408,case33bw,selection,7,8,20,3,0.9370999445537902,0.9796215096958835,0.0,0.19973137568380533,0.9043823469021254,147.90183032324927,0,1
2409,case33bw,train,35,1,98,5,1.2331345446290882,1.0135267438476834,0.06060606060606055,0.6774904100704627,0.9465340135229224,114.18505739027113,0,1
2410,case33bw,train,56,17,303,2,0.8310047925000043,1.0264069422325022,0.12121212121212122,0.36062404516671137,0.9728495243550884,84.1647935269138,1,1
2411,case33bw,calibration,41,3,357,4,0.8541473626649212,1.0110058958008925,0.12121212121212122,0.5486359250611172,0.9410486517986805,66.8271691908428,0,1
2412,case33bw,test,16,3,78,5,0.9220289130356282,0.9793974386707489,0.09090909090909094,1.0283189633251033,0.9187469938953748,56.56298500830403,0,1
2413,case33bw,train,57,22,17,3,1.015604337757564,1.021631101724659,0.09090909090909094,0.6903432560222792,0.9529783398899321,137.54317929207807,1,1
2414,case33bw,calibration,11,15,290,5,1.0151906369427817,1.0433208047013456,0.06060606060606055,0.8701321601208303,0.9873039836055333,92.77921522497505,1,1
2415,case33bw,train,57,10,73,4,0.982418554435192,1.0344545526625402,0.0,0.7792624662279797,0.9523928799273282,186.5615396977926,1,1
2416,case33bw,train,31,4,243,3,0.9969728500259655,0.9825527148399475,0.030303030303030276,0.25835628233951063,0.8835865357676669,89.17145638888506,0,1
2417,case33bw,selection,59,3,59,6,0.8142821228031198,1.0326891184360507,0.06060606060606055,0.4639469890044729,0.9983861096519636,34.97067644318657,1,1
2418,case33bw,train,30,22,223,5,0.7935655578471291,1.008738848527697,0.18181818181818177,0.21701000917861993,0.8997578935306759,94.97994356534504,0,1
2419,case33bw,train,6,3,285,1,0.8632215055780064,1.0164280227090965,0.0,0.7428543967986141,0.9759400251423868,41.40880057573841,1,1
2420,case33bw,calibration,33,10,43,0,0.8958214011886497,1.007683515560167,0.0,0.5948009113752414,0.873693975316066,235.93019349471578,0,1
2421,case33bw,train,0,8,5,2,0.8464349739519376,0.9754470635177886,0.09090909090909094,0.7310077835785357,0.9087386593643444,120.66419709212187,0,1
2422,case33bw,selection,59,4,360,5,0.878694267239089,1.0179433480657523,0.06060606060606055,0.44704822691784657,0.97927900957826,42.74435806235605,1,1
2423,case33bw,calibration,41,13,74,3,1.1155606424747249,0.9879944825422745,0.12121212121212122,0.5845261922764264,0.8066671794803578,437.80057957785357,0,1
2424,case33bw,train,50,9,287,2,1.0392590588746344,1.0273390535551132,0.030303030303030276,0.6314847059981094,0.8756765780171103,302.52072369577246,0,1
2425,case33bw,selection,53,21,206,2,1.1032812822630202,0.9813202509065603,0.12121212121212122,0.5870346713358643,0.9260021365271824,112.9191558874279,0,1
2426,case33bw,test,17,21,40,3,1.281419501427348,0.9774403433998721,0.12121212121212122,0.6577310555345356,0.8321380663060963,341.77527141721646,0,1
2427,case33bw,calibration,43,3,82,2,0.9396263316401361,1.0072950766603954,0.06060606060606055,0.5264708906104276,0.9710944856706043,44.17898440919889,1,1
2428,case33bw,train,14,13,160,5,1.1771029290183603,1.019132813058893,0.18181818181818177,0.6582634735456913,0.955342459287775,119.77450917806834,1,1
2429,case33bw,calibration,41,9,161,2,1.2166449329689344,1.02692624617706,0.12121212121212122,0.8389107196094756,0.8819155471634926,283.1160867588064,0,1
2430,case33bw,test,52,17,73,6,1.258542325537719,1.0022595480556031,0.030303030303030276,0.8565091227907613,0.8319181025714663,390.7422625025278,0,1
2431,case33bw,selection,8,14,303,0,1.2833259067600937,0.9838710783824485,0.0,0.4442637042308005,0.5727592617213411,1439.4660225531763,0,1
2432,case33bw,train,30,14,341,6,1.0543764513899672,1.0039705649326256,0.06060606060606055,0.16330844389168575,0.7508212216587783,491.54828904239156,0,1
2433,case33bw,calibration,27,12,248,4,0.8294266270349206,1.023038090814043,0.09090909090909094,0.3535939764243696,0.9327623261743009,110.87704733454743,0,1
2434,case33bw,train,31,13,266,3,1.0086792912140425,0.9775948814457471,0.09090909090909094,0.3198870670668373,0.7898808967844297,312.88193443529,0,1
2435,case33bw,train,54,12,252,0,0.8106092880325035,1.0433820903739361,0.030303030303030276,1.0461910403780907,0.9870035436000655,89.98043738766701,1,1
2436,case33bw,calibration,43,7,96,2,1.253836507979042,0.9798665798830775,0.09090909090909094,0.5941326960518494,0.9129653186530525,151.2239372408217,0,1
2437,case33bw,calibration,36,3,68,6,0.9272201668960831,0.9929636800227033,0.18181818181818177,0.7941951408652943,0.9452651570973755,59.03924821182394,0,1
2438,case33bw,calibration,36,6,73,5,1.2808415901946237,1.0223158917713726,0.0,0.8125601341831918,0.9463217636435161,144.46770061137087,0,1
2439,case33bw,train,14,0,244,5,0.7801135796545793,1.0289706522520512,0.06060606060606055,0.8998878158027771,0.9992382614007234,26.955518934280708,1,1
2440,case33bw,train,45,9,248,0,0.7385802041112861,1.0407284469465394,0.21212121212121215,0.8240569045329149,0.9872638213037267,72.29523088444898,1,1
2441,case33bw,train,30,21,229,6,1.0070863750139432,0.9947594407169917,0.21212121212121215,0.25003767799856513,0.845195710721174,177.68466662757635,0,1
2442,case33bw,test,25,16,39,5,1.2493937171911826,1.0010853975307121,0.09090909090909094,0.9577344972023,0.7564555259967077,505.6804867512743,0,1
2443,case33bw,train,21,14,270,4,1.1737834192220054,0.9823915977421012,0.0,0.18202110285129464,0.8901594232424199,205.52039294691605,0,1
2444,case33bw,train,31,10,273,6,0.9714843863665413,1.0018433576067538,0.06060606060606055,0.3406059100649764,0.8365664644711746,245.40779449833673,0,1
2445,case33bw,test,58,22,226,0,0.9814566222452434,1.0220579703757549,0.1515151515151515,0.4869643783414399,0.9700559970266938,78.87252989847352,1,1
2446,case33bw,selection,8,19,46,0,0.9386182643204655,0.9938214947279042,0.24242424242424243,0.8600482117557948,0.7883025676247228,378.9756269210325,0,1
2447,case33bw,train,48,8,191,0,0.9629698005809073,1.004310884098331,0.06060606060606055,0.8584807222938092,0.9593559745631137,70.9813591200633,1,1
2448,case33bw,train,50,6,146,5,0.9340033401057741,0.9869568429802626,0.030303030303030276,0.5664231703433514,0.8984414891475065,104.35017577046013,0,1
2449,case33bw,test,52,15,270,3,1.1629745840524126,0.9939978565548255,0.12121212121212122,0.9578205925841192,0.831706324740309,357.701532379791,0,1
2450,case33bw,train,32,19,214,3,1.1398297923498792,1.0112780008774183,0.12121212121212122,0.9021218886161536,0.8687888714187325,211.96923676702215,0,1
2451,case33bw,train,10,10,346,0,1.2572349661524063,1.0263187304216714,0.1515151515151515,0.22959354412771066,0.6741860920555091,1078.6200761645646,0,1
2452,case33bw,train,10,11,174,4,0.9946595385666757,1.0258022878905548,0.1515151515151515,0.4194997415875133,0.8409408937879846,307.91949227543705,0,1
2453,case33bw,train,49,22,202,3,0.8559636279771665,0.9949522380088663,0.09090909090909094,0.2982140160878838,0.9278183241785881,104.91414205606137,0,1
2454,case33bw,selection,15,15,221,5,1.296297609199021,0.980666064294731,0.06060606060606055,0.22731180134837609,0.8662883673913451,196.91683955338962,0,1
2455,case33bw,train,26,9,277,1,1.0646323629284458,1.0300140454624231,0.0,0.3936529708209381,0.8537850345577789,273.29544280568587,0,1
2456,case33bw,test,58,6,285,6,1.0516521321856243,0.9768049082763578,0.1515151515151515,1.0705433651526277,0.9258708750838085,75.93149202099555,0,1
2457,case33bw,train,30,5,339,0,1.2085906077455053,1.0146033849933929,0.09090909090909094,1.04701705515988,0.8352411645387824,252.12556473812054,0,1
2458,case33bw,test,52,21,155,6,0.9316542124146214,1.0396146501700139,0.09090909090909094,0.417243200142992,0.947968087632721,114.31827101004407,0,1
2459,case33bw,train,23,20,211,6,0.8866679831320324,1.006783784548722,0.0,0.4122122121980121,0.8830009660433746,124.45271011796042,0,1
2460,case33bw,train,37,8,131,5,0.9013356885959842,0.9840621829157751,0.09090909090909094,0.5209743903124561,0.8335804373475726,316.5896274947544,0,1
2461,case33bw,train,35,14,66,5,1.0999244777971005,0.9813953035519267,0.06060606060606055,0.4454277916661303,0.8820070130692199,258.48435048144955,0,1
2462,case33bw,train,23,13,219,6,1.0547785857433938,0.9914396973980026,0.0,0.4389424533637184,0.8036126880126447,284.7008575834585,0,1
2463,case33bw,selection,15,10,77,0,1.2211905162458436,1.0256890102682399,0.12121212121212122,0.17312027356120185,0.8708435756499197,337.7811685788692,0,1
2464,case33bw,test,19,7,168,3,1.0157952767271134,1.0135266306757866,0.030303030303030276,0.3752531508144467,0.9516186461801897,80.82414679205925,1,1
2465,case33bw,selection,44,3,210,6,1.0410269519961317,1.01723831808111,0.1515151515151515,0.4036175355513024,0.9683453246336976,57.401198761563286,1,1
2466,case33bw,train,55,16,241,2,0.8769885849742816,1.0126211163432866,0.1515151515151515,0.2797526030926326,0.9607961861344706,77.26262363995201,1,1
2467,case33bw,train,9,20,58,4,1.153433116748991,0.9754317058363899,0.030303030303030276,0.952223498250702,0.6680484311900734,814.3899407435366,0,1
2468,case33bw,calibration,41,7,113,4,1.222415955836622,1.039701488644931,0.09090909090909094,0.3511559455869828,0.9063763488996409,232.89041403253668,0,1
2469,case33bw,test,16,19,126,5,1.1658281973989308,1.0405027768024644,0.09090909090909094,0.3906537752404521,0.937899856524943,164.7107656529232,0,1
2470,case33bw,selection,59,7,65,1,0.8550003961737058,0.9904717555747392,0.06060606060606055,0.5112254439482722,0.9339478243414289,93.48605547697333,0,1
2471,case33bw,selection,20,7,357,1,1.1829294564676112,1.0292746761982559,0.030303030303030276,0.5353006852107031,0.9450546903736692,166.96353625555886,0,1
2472,case33bw,selection,15,1,42,2,1.0931818257997818,1.0291715732409723,0.2727272727272727,0.7850876588875566,0.9413474168380332,111.6622147243774,0,1
2473,case33bw,train,47,22,7,2,0.8133898580318578,1.001328633914737,0.12121212121212122,0.5620349652687386,0.9528288222250468,84.36505453262149,1,1
2474,case33bw,test,25,8,185,5,0.9920571654999885,0.9763419427745424,0.2727272727272727,1.1794516139741666,0.8362702327663835,165.61158361587098,0,1
2475,case33bw,test,52,7,292,3,0.801728737885423,1.0395682106451942,0.09090909090909094,0.8615319308350883,0.9519924496509176,102.95887564264964,1,1
2476,case33bw,calibration,28,2,213,2,0.8175846683446132,0.9901926038914663,0.18181818181818177,0.3405513090347204,0.9450161209632557,34.02884735973897,0,1
2477,case33bw,calibration,41,3,342,4,1.2290756011669672,1.0243764143373284,0.0,0.7202639310948393,0.9157964847086936,153.3124675734146,0,1
2478,case33bw,train,31,10,308,3,1.0549272689235698,0.997282041569013,0.09090909090909094,0.15347846612786578,0.7785551193143112,432.2015783644026,0,1
2479,case33bw,train,21,16,314,3,1.1146325651019753,1.0116073045243772,0.06060606060606055,0.42371562100889826,0.9282569032092283,172.49050161361455,0,1
2480,case33bw,train,34,1,112,2,0.961010311198083,1.0298183752584043,0.1515151515151515,0.8122339559808922,0.9583205904142302,70.44228140363956,1,1
2481,case33bw,test,16,11,195,3,1.0961422412497617,0.9943189645523003,0.06060606060606055,0.8271769889858918,0.8832891409768598,196.79807975320824,0,1
2482,case33bw,train,9,12,15,1,0.997566782497173,0.9924680003509647,0.1515151515151515,0.48385426078847366,0.715133425332476,676.6103145900826,0,1
2483,case33bw,calibration,33,15,55,3,1.2500052005878326,0.9913307162914885,0.1515151515151515,0.17165849399812977,0.8131109757314581,416.1836895627427,0,1
2484,case33bw,test,5,2,94,4,1.2305496954655473,0.9998266948925366,0.12121212121212122,0.16969346079550496,0.7256461661487921,695.9278158652899,0,1
2485,case33bw,calibration,43,14,178,0,0.9572918956096527,1.0186408057570415,0.12121212121212122,0.22680439456284887,0.9669838959413204,81.60503126577225,1,1
2486,case33bw,train,40,4,120,4,0.9138817606361859,0.9954950271366771,0.030303030303030276,0.7263400511862717,0.9192635056220874,75.85203072392058,0,1
2487,case33bw,train,32,11,78,3,0.9424651964322677,0.9985897548726022,0.18181818181818177,0.7777537024383104,0.8446184036484196,250.63083630198807,0,1
2488,case33bw,train,46,8,195,4,0.816018543698191,1.0211757850201297,0.06060606060606055,0.25055538415188044,0.9838735220300981,47.99898725998368,1,1
2489,case33bw,test,17,15,208,3,1.17533536127025,0.9919557965665959,0.09090909090909094,0.7953891987916154,0.8847617754130574,193.1577403525677,0,1
2490,case33bw,train,46,21,41,0,0.927023437934363,0.993259660724992,0.2727272727272727,0.40647190194111743,0.9365911363653141,113.78611986323392,0,1
2491,case33bw,selection,44,10,170,5,0.7698250819346467,1.041919067844433,0.09090909090909094,0.7098346140794297,0.9811376298247081,91.09009514468467,1,1
2492,case33bw,calibration,27,19,221,0,0.7896575237117276,1.0319199967711032,0.1515151515151515,0.21467998104338212,0.9634172386073335,65.99764622269839,1,1
2493,case33bw,train,47,17,63,0,1.128439298723544,1.029565561844832,0.06060606060606055,0.3446458611376932,0.9604039329252991,167.29973890036325,1,1
2494,case33bw,calibration,41,11,138,3,0.9232096688057537,0.978575037419243,0.12121212121212122,0.6684475516535816,0.8494912783248283,229.79289366576407,0,1
2495,case33bw,train,24,3,263,0,1.1927256287716266,0.9760804265108202,0.06060606060606055,0.6472565387264568,0.8450541636861078,144.52386958348308,0,1
2496,case33bw,train,37,14,149,4,0.8752842381273412,0.9838473589773858,0.12121212121212122,0.6033793360205704,0.8087156948331704,429.3901672494659,0,1
2497,case33bw,selection,20,14,117,4,1.2344358366936845,0.9910554946767123,0.0,0.9636938457842461,0.8908104906506634,230.11562430055693,0,1
2498,case33bw,train,35,5,232,1,1.0374311775162781,1.0337399507360567,0.09090909090909094,0.10086356362223448,0.9878364256207937,56.147164526796324,1,1
2499,case33bw,calibration,28,8,354,5,1.2948316391733306,0.9775420825034526,0.1515151515151515,0.4694103381681203,0.8435105042234811,287.5820058519741,0,1
2500,case33bw,selection,59,14,13,2,0.811599032036081,1.0123080147593848,0.030303030303030276,0.9617702886817362,0.9440458844175323,135.55388632708724,0,1
2501,case33bw,calibration,42,11,135,4,1.051855210012222,1.0011813689568274,0.1515151515151515,0.3763959585610546,0.9283307504708586,145.03954650976286,0,1
2502,case33bw,train,14,3,50,3,1.288282372899134,1.0069523221754646,0.09090909090909094,0.7785933588153697,0.9541072585591552,86.69935957693458,1,1
2503,case33bw,selection,7,19,53,3,0.887391999478116,1.0259829712711444,0.12121212121212122,0.45200141885379436,0.9540416788192833,135.0408135324198,1,1
2504,case33bw,train,2,23,201,4,0.9106114699420075,0.9886135927352365,0.12121212121212122,0.3084159669361538,0.948057183232654,48.869074793893354,0,1
2505,case33bw,calibration,43,21,153,2,1.0436750282166114,1.03399689489486,0.06060606060606055,0.27911470915760994,0.9855549024267112,75.68305459220612,1,1
2506,case33bw,calibration,28,15,213,5,1.271769677299809,1.0049249443653014,0.06060606060606055,0.26408894884737916,0.8978132640413674,186.95337434803093,0,1
2507,case33bw,train,26,19,241,1,1.1676013210840959,0.9751266718888807,0.09090909090909094,0.5779433364173123,0.8074230079683088,250.1307533449878,0,1
2508,case33bw,test,16,1,232,6,1.0211636749655213,0.9902560311379324,0.12121212121212122,0.24704901456501244,0.9297212216362681,57.01848787453822,0,1
2509,case33bw,selection,53,6,226,3,0.9665473004529168,1.001154013582487,0.18181818181818177,0.6068637155009252,0.9640168777598098,50.8945107145338,1,1
2510,case33bw,calibration,27,8,183,3,0.8185934880964512,1.0180893705377134,0.2727272727272727,0.9086971729145785,0.9470464717596291,72.49615708830929,0,1
2511,case33bw,train,47,13,222,6,1.2141032202564384,0.9966861695492448,0.06060606060606055,0.5072897357675987,0.9298146102997176,144.392693524844,0,1
2512,case33bw,train,47,13,126,2,0.8554410582813265,0.9774289215047061,0.0,0.8672627895444864,0.9217456818627473,115.09231822747525,0,1
2513,case33bw,selection,15,21,180,1,1.085065277855018,1.0248676465583277,0.12121212121212122,0.1423324364838681,0.9318945850575671,123.17458505446268,0,1
2514,case33bw,calibration,42,17,260,1,0.8124112596623224,1.0393782484365675,0.09090909090909094,0.3506967619910078,0.9944558911158614,53.95241525319363,1,1
2515,case33bw,test,52,11,228,0,1.029822373138054,1.0210034344096652,0.2727272727272727,0.5883886840077938,0.8814341482391636,259.57413009978546,0,1
2516,case33bw,selection,53,18,116,0,0.8511398928520624,1.0406612686835237,0.0,0.2827870321818245,0.9950943567959941,75.60470052724061,1,1
2517,case33bw,train,14,22,46,1,0.8919657451431511,0.9810146904830154,0.18181818181818177,0.7060009515980917,0.9256884002180534,91.95512393091839,0,1
2518,case33bw,train,23,6,211,6,1.2537999078456048,1.0150515807646465,0.06060606060606055,0.536183662397649,0.8766277792962496,158.9060154021562,0,1
2519,case33bw,test,52,16,31,0,0.7948107322686316,1.0399758123161535,0.030303030303030276,0.3080308612246455,0.9309148650302906,158.50486854781292,0,1
2520,case33bw,test,5,11,109,3,1.2172916486027712,1.027664939486521,0.0,1.3327390503076182,0.5175411227875537,2401.791746762395,0,0
2521,case33bw,test,16,12,163,2,0.8263570941059993,0.9961480055831253,0.09090909090909094,0.2921216665855578,0.9135587560444809,107.16974058897891,0,1
2522,case33bw,train,48,1,25,4,0.8846440117796409,0.9861378844409767,0.18181818181818177,1.0589842011665562,0.9440756493385252,60.88548249562523,0,1
2523,case33bw,train,13,21,253,4,0.8916911055313748,1.0031927846845783,0.030303030303030276,0.8681775895259758,0.9592567826550376,61.07254867203504,1,1
2524,case33bw,train,38,14,52,0,1.1970331727252892,1.0282126958701023,0.09090909090909094,0.775949764690466,0.9193691562394011,308.59236544671256,0,1
2525,case33bw,train,45,11,361,2,1.0993643753019862,0.9953228221360888,0.0,0.12944446035064802,0.8774826255254539,354.4540767629306,0,1
2526,case33bw,train,3,0,10,5,1.1401654384511226,0.9885164023728784,0.12121212121212122,0.15736847373103316,0.9070225572672616,158.89992635630358,0,1
2527,case33bw,train,48,13,263,6,1.1355552963971651,1.0416771945052294,0.12121212121212122,0.5685774193398807,0.9785036377426071,137.03064857752332,1,1
2528,case33bw,train,40,23,131,6,1.2518579546309279,1.0322546145114457,0.0,0.2929626530831649,0.905403478423246,210.17853239010677,0,1
2529,case33bw,calibration,27,6,114,0,0.9965271418804704,1.0155664027015536,0.09090909090909094,0.3444376649178673,0.9371007739586712,84.69862433919916,0,1
2530,case33bw,train,10,5,60,1,1.2111536379105872,0.9787612839536052,0.0,0.38484118312483223,0.7885510816397551,317.96134720334385,0,1
2531,case33bw,test,16,9,272,4,0.7612622376820356,0.985388702651295,0.12121212121212122,0.554882558085035,0.908429743014205,89.64264544216535,0,1
2532,case33bw,calibration,36,5,235,0,0.9194803051112314,1.0284739858039955,0.1515151515151515,0.5628402194560537,0.984074354128543,51.91922595057332,1,1
2533,case33bw,train,51,6,109,5,1.2360939855186226,1.0409323822763739,0.0,0.37514979600013565,0.9260839685943646,171.26311185564984,0,1
2534,case33bw,selection,8,22,315,4,1.0397426735766935,1.012847094201986,0.030303030303030276,0.7082171575941336,0.8042103264205616,382.5081822367814,0,1
2535,case33bw,test,52,5,193,1,0.7913766237053076,1.0086431882355906,0.24242424242424243,0.8533220896102858,0.948518952029635,49.29315825611424,0,1
2536,case33bw,calibration,41,17,6,5,1.2140068168367708,1.0317929254045044,0.030303030303030276,0.21990889964802526,0.869019799104692,346.17021223280636,0,1
2537,case33bw,train,31,12,241,4,1.1608040481782547,1.0233001059730382,0.1515151515151515,0.42298554465150306,0.8158175903602988,391.3920253467368,0,1
2538,case33bw,train,23,1,217,4,1.168202433907408,1.0131119044724248,0.0,0.49013292237273204,0.8814379780402678,141.07436314970795,0,1
2539,case33bw,calibration,42,5,308,5,0.8961382179391884,1.0155639161319348,0.09090909090909094,0.7588277432942658,0.978853773371284,39.06562685809288,1,1
2540,case33bw,train,18,3,50,1,0.9823663156980994,1.005245889443902,0.0,0.4366119471262708,0.9433938780584008,67.76655435924212,0,1
2541,case33bw,train,45,10,3,0,0.8644031747094184,0.9971173657445681,0.33333333333333337,1.067422023304926,0.9134959186770644,181.04574234734778,0,1
2542,case33bw,test,22,10,25,2,0.989564561532362,0.9861391801919247,0.18181818181818177,0.5397734928297003,0.8928958616932731,225.71415959813663,0,1
2543,case33bw,test,19,20,316,0,1.1551795586388418,1.0052792168962643,0.030303030303030276,0.42666521118457035,0.910945185600751,192.71437221641753,0,1
2544,case33bw,selection,20,2,245,1,0.8751215909773434,1.0222028275167654,0.0,0.7361278135691134,0.9841730548715505,34.17310952854559,1,1
2545,case33bw,calibration,43,4,172,3,0.8277835232341068,1.0160227786041123,0.18181818181818177,0.7236488335829029,0.9888047038880514,22.50328071092105,1,1
2546,case33bw,train,55,1,190,2,1.0716940150274956,0.9989426853389433,0.1515151515151515,0.5509677202376297,0.9547662556875827,54.81925260423591,1,1
2547,case33bw,train,50,0,205,5,1.2979218782610835,1.030850612909103,0.030303030303030276,0.9614035542289052,0.9177919229456734,172.20211427675903,0,1
2548,case33bw,selection,8,14,242,5,0.8691681480086693,0.9934197664966715,0.12121212121212122,1.080109550918336,0.8340807233965422,225.81035658254743,0,1
2549,case33bw,calibration,43,17,252,4,1.2879160555229041,0.9820642453493547,0.0,1.0249956697574898,0.9130111850177016,155.70744201920502,0,1
2550,case33bw,calibration,41,9,267,6,1.200114588653312,1.0336480004897854,0.06060606060606055,0.8130487866516297,0.8950721997272375,255.81282924206238,0,1
2551,case33bw,calibration,29,20,151,5,0.8349928252576447,0.9839747134149494,0.0,0.9734740585107104,0.9299021572976152,69.37080945392402,0,1
2552,case33bw,train,35,3,215,4,1.2294389477629981,0.9759889032005726,0.0,0.31585150417191854,0.9194859822845646,81.01761963054416,0,1
2553,case33bw,train,32,0,303,0,0.9113666419977816,1.009969011752937,0.030303030303030276,0.3075468510590469,0.911045063689052,107.25050810212441,0,1
2554,case33bw,test,5,5,335,6,1.2839487236969847,1.0003189647600244,0.09090909090909094,0.4179685894490926,0.7016710795835499,824.3634448290835,0,1
2555,case33bw,selection,4,7,255,4,1.2906998635597802,1.0059733451658686,0.0,0.2448599677075855,0.9186094537059943,177.03476940340553,0,1
2556,case33bw,train,47,13,85,2,0.925645625146034,1.0256186875115167,0.030303030303030276,0.1054227822141306,0.962269274226592,136.08843276919364,1,1
2557,case33bw,train,1,7,94,3,1.1826328320189659,0.9934473322797828,0.0,0.6356090188188442,0.9311671954766639,121.03090001586631,0,1
2558,case33bw,train,10,4,324,0,1.238116179228558,0.9911379916695355,0.0,1.0718749374501322,0.8211088126421467,254.76351050379458,0,1
2559,case33bw,train,23,19,292,0,1.0207785338521704,1.0108072995090998,0.12121212121212122,0.4749766765899676,0.8157813072389012,305.2576037408289,0,1
2560,case33bw,train,40,8,201,5,0.8239089835471328,1.01670847102274,0.0,0.6031492815972909,0.9376572971363691,86.14509004897974,0,1
2561,case33bw,train,26,21,337,4,0.9446016106078723,1.0203039508082332,0.0,0.18625647217420785,0.8686912320859471,201.9948194278603,0,1
2562,case33bw,train,13,2,24,0,1.1082708048749617,1.034114087985392,0.1515151515151515,0.7523448824485414,0.9881780928044134,64.40654560753669,1,1
2563,case33bw,train,54,9,248,5,1.2333821281392658,1.0325169076676548,0.24242424242424243,0.5457756973786817,0.9589263025680741,157.7738490237207,1,1
2564,case33bw,test,52,13,7,4,1.0825143712198644,0.9822978765084327,0.09090909090909094,0.7294526055265329,0.7936518812261341,451.76301850456116,0,1
2565,case33bw,train,26,12,144,4,0.8429364620752767,1.0350393859316978,0.0,0.42151254075945604,0.886745564157159,192.78117180039246,0,1
2566,case33bw,train,48,13,173,2,1.1655881205287912,0.9907503512745697,0.0,0.3134235623909448,0.9223742629571418,167.06446365585987,0,1
2567,case33bw,train,55,12,182,4,0.9855138467724088,1.0137891676227884,0.24242424242424243,0.11295303971044325,0.9448074173869974,134.94418351960624,0,1
2568,case33bw,train,6,0,177,3,0.7842763789222242,0.9995095942672958,0.24242424242424243,1.056520869645267,0.9585024618597464,43.14401830019906,1,1
2569,case33bw,train,40,0,90,4,0.9258888005385738,1.0253712953697565,0.09090909090909094,0.4817227026618644,0.9267840836777153,127.93258170593647,0,1
2570,case33bw,train,2,15,6,0,0.9866624348650562,1.027816100180045,0.0,0.8285513195802843,0.9625949790781279,125.36500185333355,1,1
2571,case33bw,train,26,3,359,4,0.8506190823377375,1.04396462100179,0.0,0.5903961933718564,0.9644807774743468,61.29652488801283,1,1
2572,case33bw,train,6,10,98,3,0.9083720815994623,1.0254230256678003,0.21212121212121215,0.7027261404900395,0.9437202468322953,177.90710448841457,0,1
2573,case33bw,test,52,15,224,0,0.8053581367378929,1.029059075830383,0.1515151515151515,0.3907145192392698,0.936577142687722,115.42713203499869,0,1
2574,case33bw,test,16,9,126,2,0.8447925208415178,1.0312908589407703,0.06060606060606055,0.36657284011142616,0.9465469078793869,112.78849599415454,0,1
2575,case33bw,train,32,16,134,6,1.0485681440828218,1.0162452386571665,0.09090909090909094,0.20798728222318827,0.8880004843903337,175.5711385402916,0,1
2576,case33bw,calibration,43,5,35,5,0.9332753411732223,1.04189516898369,0.21212121212121215,0.9779265497320879,1.0064228083919098,42.471088068830234,1,1
2577,case33bw,selection,15,9,333,5,0.7408898854982958,0.9757381576213723,0.09090909090909094,0.4806476273508853,0.8908961019777473,107.32325062819379,0,1
2578,case33bw,test,39,20,152,3,0.8732238109113207,0.9967947484504268,0.0,0.5321205867209969,0.8837413751964492,164.93052367192132,0,1
2579,case33bw,train,34,4,50,1,1.0720888530619386,0.9796924188635492,0.09090909090909094,1.1109428926462852,0.8953009571833063,97.93035313544831,0,1
2580,case33bw,train,55,21,178,6,1.1191978917348349,0.9958410221709152,0.21212121212121215,0.19377994329510329,0.9324764661992928,110.65782980062777,0,1
2581,case33bw,test,25,5,352,4,1.0397384404172396,0.9924296086406003,0.0,0.5404229838582401,0.8575812095622013,158.55638516172692,0,1
2582,case33bw,test,25,11,16,3,0.8129217324614368,1.0432220381557877,0.1515151515151515,0.7378072935321489,0.8567620570116492,294.34543639028567,0,1
2583,case33bw,train,46,8,198,2,1.0172475864325345,1.0170664474178515,0.18181818181818177,0.33745879827573333,0.9687936775262064,85.8385176311869,1,1
2584,case33bw,train,48,4,280,5,1.1327476020888942,0.9792310124441319,0.12121212121212122,0.8059576947708749,0.9381331033567326,53.77769977528123,0,1
2585,case33bw,train,38,0,120,4,0.8555539525350375,0.9849264494716229,0.1515151515151515,0.2629783219376184,0.9338140796115415,68.32763045940759,0,1
2586,case33bw,train,56,2,241,4,1.0527985303074023,1.0040711165622878,0.09090909090909094,0.3528165750981013,0.9628426864506929,48.15395155138463,1,1
2587,case33bw,test,5,16,175,4,1.0110126234205794,1.022927791384272,0.06060606060606055,0.1397524119289883,0.7333309445751224,779.3409128229922,0,1
2588,case33bw,test,17,18,15,2,0.9041476275827898,0.9951046473212903,0.030303030303030276,0.3191571408207588,0.8996441229345155,153.93059235443974,0,1
2589,case33bw,train,2,16,130,5,0.903020246140613,1.0344160357749803,0.09090909090909094,0.3606488087897598,0.988430853984127,63.89425012185207,1,1
2590,case33bw,train,35,19,296,0,0.9766147999712448,0.9968657504358042,0.06060606060606055,0.2552320089692448,0.9235866704165071,142.6359410186811,0,1
2591,case33bw,calibration,11,10,339,5,1.0015811866089264,1.0028613377602815,0.09090909090909094,0.3558672424279752,0.9299340524819982,164.037109709275,0,1
2592,case33bw,train,37,1,5,0,1.134052965525035,1.011296158786687,0.09090909090909094,0.7379700565922267,0.8374555960878994,421.6138800054267,0,1
2593,case33bw,train,34,6,36,1,0.7559943396070935,1.005793322181661,0.12121212121212122,0.886500698671814,0.9331196504755209,74.0259030851261,0,1
2594,case33bw,calibration,41,17,39,2,1.0148013795109492,1.0206419264509359,0.12121212121212122,0.5332214271460968,0.8805597650667484,261.0731300760267,0,1
2595,case33bw,selection,4,2,337,1,1.2435714713586563,1.0120428524048315,0.030303030303030276,0.7500530670352976,0.9373425346210645,130.7380021766211,0,1
2596,case33bw,train,1,16,275,6,1.0227792634977089,1.039875965343153,0.0,0.6570128764135382,0.9861748553446604,85.52794623860964,1,1
2597,case33bw,train,24,18,348,3,0.7322646332212092,1.0120740140036868,0.0,0.5458115637793791,0.8701831577548776,164.8871075902529,0,1
2598,case33bw,calibration,11,15,285,2,0.907179746222189,1.0134814081804708,0.09090909090909094,1.028549985321193,0.9550779480132189,101.41995026363475,1,1
2599,case33bw,calibration,33,9,54,6,1.1380233556471313,0.9921756427508026,0.0,0.4213549623288799,0.8427837051094847,281.695947878533,0,1
2600,case33bw,calibration,36,23,128,4,1.2077084257030528,0.9933610577472114,0.09090909090909094,0.760896026051512,0.9137095806578646,165.41962345075652,0,1
2601,case33bw,train,49,23,102,6,0.9404170186145538,0.9906457280983357,0.09090909090909094,0.5598729946639698,0.9150610604796962,136.23077876968932,0,1
2602,case33bw,train,56,5,329,2,1.1059099647253574,1.0220882088446437,0.030303030303030276,0.6200378022438487,0.9639646440293292,91.93167317819301,1,1
2603,case33bw,train,47,7,57,5,1.0504972473418897,1.0112127818499643,0.18181818181818177,0.9674670731406679,0.9557207705702542,107.8492757957415,1,1
2604,case33bw,train,32,8,281,5,1.221291201800749,0.9964495066036281,0.21212121212121215,0.08132799019429517,0.8440875078761023,245.5564506129671,0,1
2605,case33bw,train,6,19,160,0,1.2757087232408215,1.0236444936572389,0.09090909090909094,0.8662977584652594,0.9325668429156777,206.69768466785104,0,1
2606,case33bw,selection,8,8,349,4,0.8007504824824719,1.0268606766791575,0.06060606060606055,0.4877164914682405,0.8533565073674297,265.9476734735514,0,1
2607,case33bw,test,58,0,152,1,1.0338734932048321,0.9910992531203456,0.06060606060606055,0.2619458843319181,0.9408317347464871,74.03912670021029,0,1
2608,case33bw,train,30,11,109,4,1.2973083678965303,1.0124262313360193,0.06060606060606055,0.7599693759274632,0.6360073272724782,1059.1358051825691,0,1
2609,case33bw,test,19,13,223,0,1.1525459474777469,1.0005895914640734,0.06060606060606055,0.17784139436835542,0.9068803824392799,191.83161495752572,0,1
2610,case33bw,selection,8,7,84,1,1.173624599277318,0.9909872050373226,0.12121212121212122,0.1598038745062662,0.7495499010855179,512.2588213757682,0,1
2611,case33bw,train,37,5,364,2,1.1466173037969423,1.0161597124481645,0.06060606060606055,0.8518661990526999,0.8434201282176799,415.2077627005882,0,1
2612,case33bw,train,31,22,98,6,0.7368343259312133,0.9895794443794707,0.36363636363636365,0.6787108461714144,0.8861573686088311,100.72273349058408,0,1
2613,case33bw,selection,8,3,69,6,1.1593480524978712,1.0189604775687193,0.18181818181818177,0.2315723615999612,0.8740628678795488,185.473276450762,0,1
2614,case33bw,selection,20,8,35,3,1.2778284688791293,1.0086876454176774,0.1515151515151515,0.17052492481868065,0.9007496063004509,270.18919212115435,0,1
2615,case33bw,train,37,9,335,4,0.8455478691478346,0.9966052811535077,0.030303030303030276,0.5067273108799615,0.8096124863984161,485.5757197178565,0,1
2616,case33bw,calibration,11,14,268,6,1.111871113352225,1.0310255400074613,0.06060606060606055,0.48794717638631874,0.968419369757244,125.46004972978835,1,1
2617,case33bw,test,19,23,14,6,1.1139213000433443,0.9894698879632063,0.12121212121212122,0.26702758424749984,0.909700448728701,135.38953139434707,0,1
2618,case33bw,train,31,9,165,0,0.9675086582376496,1.0323769117754376,0.0,0.3016527891165929,0.8730265499996718,224.8002206829851,0,1
2619,case33bw,train,40,11,291,5,1.1143465357398703,1.0013843712659016,0.09090909090909094,0.17316470648580645,0.8294835986479416,374.48864959220987,0,1
2620,case33bw,calibration,36,12,349,5,0.7526698336441524,1.03350862447977,0.0,0.5805237765507943,0.9627865248676551,133.04473744152847,1,1
2621,case33bw,train,2,13,237,0,1.0880510444258502,1.0362118314760036,0.21212121212121215,0.8339112203544584,0.9749458977484249,112.0369526574764,1,1
2622,case33bw,selection,20,1,310,0,1.2187066410816099,1.0435927939476237,0.09090909090909094,0.8919963222235552,0.9760177297382489,104.5516792637407,1,1
2623,case33bw,train,3,12,162,4,1.1215348695635494,0.9756989481189899,0.09090909090909094,0.685586938647611,0.8757211625811145,243.48842650459142,0,1
2624,case33bw,train,26,11,352,3,1.2785613279263424,1.0146017500716673,0.0,0.16678227338258128,0.7004388802405986,837.2063730309637,0,1
2625,case33bw,test,16,12,143,5,1.1269921104741019,1.0170853009156307,0.18181818181818177,0.4365090831860122,0.9009576353159762,204.5430573783333,0,1
2626,case33bw,train,1,6,156,1,1.0419518940467116,1.0375371608170982,0.0,0.2708841973326644,0.9973413922349401,48.47904432702291,1,1
2627,case33bw,train,46,6,311,6,0.7994537939885136,1.0385201548927336,0.09090909090909094,0.48426051233018375,1.0063950159907253,37.672954062347614,1,1
2628,case33bw,selection,4,14,157,2,0.787676252304985,0.9934340618449219,0.1515151515151515,0.50495215364748,0.9243798926770783,108.14053421534112,0,1
2629,case33bw,train,32,5,240,6,0.8188548436952627,1.0449873304715784,0.06060606060606055,0.4016791548962042,0.9869817673733423,37.175510286761444,1,1
2630,case33bw,train,21,11,262,3,1.0371738693564558,0.9803647004012895,0.0,0.956114575626723,0.8914684281215507,193.7800609199085,0,1
2631,case33bw,train,48,17,46,6,0.806556228386131,1.0147807713745658,0.12121212121212122,0.8181110661722812,0.9689095401741882,69.3299245550846,1,1
2632,case33bw,selection,44,3,289,1,0.8739717968101242,1.035490839750249,0.21212121212121215,0.8116241945868079,0.9861208579672284,58.89835859322075,1,1
2633,case33bw,train,1,1,49,0,0.8270040733772911,1.0239899123546172,0.0,0.8225081151240354,0.986360982102365,42.118813319713055,1,1
2634,case33bw,selection,8,6,355,1,0.7916953275617419,1.0184510095396575,0.030303030303030276,1.0370859164338047,0.8924005556445428,142.30799659334093,0,1
2635,case33bw,test,17,14,245,3,0.8912207199959883,0.9949499506354434,0.0,0.30261894543251866,0.9082010436616424,124.98212962225152,0,1
2636,case33bw,train,46,2,61,3,1.169738626816987,1.00741288837863,0.24242424242424243,0.5316470164352177,0.954891602610838,97.69711460154998,1,1
2637,case33bw,test,52,23,278,4,0.9019488489039477,0.9917365840967245,0.12121212121212122,0.8597693561804834,0.8901525559275195,141.37149330356172,0,1
2638,case33bw,train,48,17,338,2,1.129916697398297,1.0297719711045374,0.0,0.5514979310794627,0.9621386418298153,158.71353521763365,1,1
2639,case33bw,selection,8,4,350,0,1.0682857164722774,1.0028651434712428,0.12121212121212122,0.21179031815135738,0.8475649764576497,212.1683224411922,0,1
2640,case33bw,train,34,12,99,5,1.2460556955417263,0.9955978834674724,0.09090909090909094,0.13452241301623508,0.8451439343135227,299.9369080715052,0,1
2641,case33bw,test,16,14,201,0,0.8162516926046549,1.0328262180529229,0.06060606060606055,0.4736750354797822,0.960418835179046,81.47032666136074,1,1
2642,case33bw,calibration,27,18,248,4,0.8997392890975543,1.0098221705058201,0.030303030303030276,0.14669149689579378,0.9236652281300569,103.95971944084422,0,1
2643,case33bw,calibration,42,2,51,3,1.0588537048477535,1.0435621287755497,0.06060606060606055,0.23739443785908432,0.9950040949797324,64.12428756138955,1,1
2644,case33bw,test,25,3,312,1,1.2486495235336308,1.0005196791571163,0.21212121212121215,0.7651598361180126,0.8520723847683658,185.8774854381258,0,1
2645,case33bw,train,54,8,215,0,0.8233520215392454,1.0033037293079095,0.06060606060606055,0.5167533257722916,0.9574722211322629,61.680114751492546,1,1
2646,case33bw,selection,15,17,331,0,0.8199881091838663,1.0133448169085943,0.0,0.28321224353619634,0.9241035429956128,111.8378010162801,0,1
2647,case33bw,selection,44,23,44,5,1.2268009659271346,0.9860688623478875,0.12121212121212122,1.2636891359101856,0.878180632709409,278.32062822259644,0,1
2648,case33bw,calibration,27,15,255,3,1.2100705729438004,1.0446250351067472,0.06060606060606055,1.241752835474876,0.922663443688601,203.2474189134502,0,1
2649,case33bw,train,32,10,313,5,1.0377783763267316,1.0236323910975293,0.030303030303030276,0.6371743968058634,0.8662964460594369,251.66175446110555,0,1
2650,case33bw,train,6,5,323,6,1.0695385461941453,1.0127877795837974,0.030303030303030276,0.14558563575210737,0.9570907396401584,78.75352435329663,1,1
2651,case33bw,test,19,9,245,6,0.7476147433621492,1.039358425240488,0.030303030303030276,0.8403952047002076,0.9875069567193011,58.07767163668333,1,1
2652,case33bw,train,30,21,333,0,1.1971334624798593,0.9778359209333105,0.12121212121212122,1.2470559666218388,0.6926661352192481,628.0500392298583,0,1
2653,case33bw,train,49,23,306,6,1.2090170572933931,0.9754749275749771,0.18181818181818177,0.9167612494701007,0.8680479472515642,269.998806991942,0,1
2654,case33bw,test,25,12,137,1,0.8749003583894062,1.033463111509598,0.12121212121212122,0.684794836557631,0.8727136556573127,216.47436282500072,0,1
2655,case33bw,calibration,36,0,327,2,0.9590719718283633,0.9925813300561556,0.09090909090909094,0.2159404871882488,0.9282540413397105,109.44928025235333,0,1
2656,case33bw,test,39,8,169,0,1.0413735383124219,1.0081894265170432,0.0,0.541091007677148,0.8838619579273614,201.84775761761156,0,1
2657,case33bw,train,9,13,181,2,1.0308034127998171,1.0289018313535647,0.030303030303030276,0.2007359411843316,0.8400814463907291,318.7487825289825,0,1
2658,case33bw,train,6,13,291,0,1.150424782720809,0.983972825731612,0.21212121212121215,0.8428438744276622,0.8795234491487646,274.8075434083964,0,1
2659,case33bw,train,31,1,7,0,1.1450269324796827,1.0440802244467233,0.24242424242424243,0.5143658451984622,0.9036729727890086,179.00448289271023,0,1
2660,case33bw,train,14,18,357,1,0.7657284173206815,0.9855999921347846,0.0,0.8756602340209356,0.934661642554385,77.29170831106968,0,1
2661,case33bw,selection,59,10,142,2,1.2940852273156647,1.0092737741323636,0.06060606060606055,0.15683351500841403,0.9166299239463049,245.15736013802484,0,1
2662,case33bw,calibration,33,9,88,0,0.8136526410659523,1.0176522208907537,0.1515151515151515,0.874109504156014,0.9159510502753276,136.24439046082855,0,1
2663,case33bw,train,56,20,8,1,0.9196258731980943,0.985103868976013,0.0,0.6835095807669874,0.9105680963965571,159.42276399570164,0,1
2664,case33bw,train,26,9,181,1,1.22050018407414,1.0353800517594234,0.21212121212121215,0.8814575569995554,0.8551907024461964,286.30351393301083,0,1
2665,case33bw,selection,20,6,97,2,1.0658894244855495,0.9848832974665067,0.030303030303030276,0.5640818666570423,0.9172210820938171,108.06215425290549,0,1
2666,case33bw,train,10,14,110,6,1.0509742931755481,1.0214550037897467,0.06060606060606055,0.7452918368716173,0.8168634262883506,373.49491383967137,0,1
2667,case33bw,train,37,5,265,0,1.15430804567687,0.9802930670349985,0.06060606060606055,0.8572013206723857,0.8309914261304013,310.4212689033262,0,1
2668,case33bw,calibration,27,11,178,4,0.782168858929994,1.010964577125258,0.0,0.6681773596314841,0.9270551929035645,96.68800893966787,0,1
2669,case33bw,train,0,4,351,4,1.2150685278378586,1.0175409038099608,0.18181818181818177,0.17673809158177167,0.9582938477001463,95.96988203348319,1,1
2670,case33bw,calibration,28,3,104,5,0.957798879082204,0.9972384522814386,0.030303030303030276,1.002423463860611,0.9435015165345805,47.260939769128456,0,1
2671,case33bw,calibration,28,18,156,5,1.0385720257911681,0.9850596788060535,0.1515151515151515,0.7748560260666085,0.9044448604352343,114.57870375071137,0,1
2672,case33bw,calibration,36,11,90,0,1.0904708051267502,1.0236666401606467,0.0,0.383957892473723,0.9230759702495074,276.78439274309346,0,1
2673,case33bw,test,58,20,43,6,1.2368041788075892,0.9764235043072037,0.0,0.851099949070001,0.8831188694471654,247.07525401221463,0,1
2674,case33bw,calibration,29,6,170,6,1.0653663727926443,1.0291128980522977,0.1515151515151515,0.40551418873650874,0.9786688638275423,60.15360790354777,1,1
2675,case33bw,train,56,3,46,4,0.8341910354660182,0.9839151209080002,0.0,0.5649771129860255,0.9429485459751525,45.719381136883165,0,1
2676,case33bw,selection,59,16,280,1,1.1350200167327475,0.9773452886357534,0.18181818181818177,0.6826007055989096,0.9009817923601396,170.06048462471395,0,1
2677,case33bw,train,40,9,351,2,0.722869057186544,1.022186105388579,0.0,0.5248529797367469,0.9116106542737619,158.4783069892852,0,1
2678,case33bw,calibration,43,13,202,2,0.8291360787513578,0.990455414670491,0.12121212121212122,0.5304929392686271,0.9422422752940263,78.15775467275951,0,1
2679,case33bw,train,14,10,16,4,0.85243950354105,1.0240867773787932,0.24242424242424243,0.4679084844729533,0.9594643781188864,124.05740160036521,1,1
2680,case33bw,train,9,19,225,0,0.7202279119840881,0.9939482681402483,0.1515151515151515,0.26362260681173677,0.8752087340444821,125.91298526206249,0,1
2681,case33bw,train,56,3,321,4,1.1783665156433205,1.0217598466619842,0.030303030303030276,0.362008852549673,0.9683665143730256,79.34825417154023,1,1
2682,case33bw,calibration,36,6,164,6,0.7599739890564585,1.0183923269658517,0.06060606060606055,0.4031923276049238,0.9815057017162723,35.66081601601588,1,1
2683,case33bw,selection,53,23,146,2,0.9965788767710654,1.0415976064692654,0.12121212121212122,0.5545153843062476,0.9986204141997906,67.71264162134838,1,1
2684,case33bw,train,54,21,236,5,0.7217976973471586,0.9849300857518738,0.18181818181818177,0.8022117643026205,0.9476568424420404,40.76218428926261,0,1
2685,case33bw,test,19,20,152,5,1.0174419016725569,1.0121824245320263,0.21212121212121215,0.37710806647570755,0.9456823594861484,94.19740723836883,0,1
2686,case33bw,test,22,9,341,4,1.0250785961151259,1.0378798202200692,0.0,0.4022622663839882,0.9565016005667062,174.251927419948,1,1
2687,case33bw,train,1,4,166,1,1.0437475944960295,0.9832835712235497,0.33333333333333337,0.8829456178460293,0.9470428908331641,39.478187913283314,0,1
2688,case33bw,train,1,13,52,0,0.8258052543712883,1.0079441590549176,0.030303030303030276,0.8150482476673186,0.9500060482845553,104.71704389412508,1,1
2689,case33bw,selection,12,3,105,2,1.118446785164533,0.9830891969978633,0.030303030303030276,0.7858643500198196,0.9428702784488764,60.6796764830609,0,1
2690,case33bw,train,0,10,224,1,1.0894839585140745,1.0322811773298644,0.1515151515151515,0.6730102583832807,0.9596600136706958,147.60702672291612,1,1
2691,case33bw,selection,15,9,5,1,0.7760531125047274,1.0084209830366304,0.030303030303030276,0.842991816357426,0.9106498140239678,138.3695511938329,0,1
2692,case33bw,calibration,27,23,154,3,0.7340233888734051,0.983294080577943,0.18181818181818177,0.9241084532553083,0.9240710870295334,49.46852171213479,0,1
2693,case33bw,selection,20,8,188,4,1.0156511213077257,1.005282155309168,0.030303030303030276,0.2959305704613096,0.938892512316429,101.61434606566121,0,1
2694,case33bw,calibration,27,1,87,5,1.2545248255137746,1.0175906215010384,0.030303030303030276,0.753602232878875,0.9207630732701994,128.94297111110103,0,1
2695,case33bw,train,30,8,141,2,1.1756585837675566,1.004375491874321,0.06060606060606055,0.3069555402201955,0.7898601468409404,359.1728792210884,0,1
2696,case33bw,train,10,5,184,1,1.251616474234881,1.0291864603775165,0.2727272727272727,0.6199697608084147,0.8945809901748046,160.5396246501934,0,1
2697,case33bw,train,14,11,73,5,1.0245753793149164,1.0415643769250136,0.09090909090909094,0.4954613303623395,0.9728403697026018,145.4362221502906,1,1
2698,case33bw,train,30,11,252,1,0.8323100688909882,0.9874343147253447,0.24242424242424243,0.6936667292441197,0.8056222532405463,254.46064587572837,0,1
2699,case33bw,train,2,21,318,0,0.9626244962578177,1.0359874921213663,0.0,0.6912223267272994,0.9796606423081357,91.25245438894869,1,1
2700,case33bw,selection,12,10,136,5,1.1810309646201596,1.0244404441301047,0.030303030303030276,0.693897093769646,0.9572799746916649,155.85686919071375,1,1
2701,case33bw,test,19,3,363,1,1.2210195587413417,1.0289141317487862,0.0,0.47402866145601824,0.9610393342639861,98.68440247930054,1,1
2702,case33bw,calibration,36,6,121,2,0.7813817813778259,1.0251989012481988,0.06060606060606055,0.9735998918642775,0.9818998896519561,49.10902213353746,1,1
2703,case33bw,selection,12,19,122,5,0.877389151005364,0.9884193850090119,0.06060606060606055,0.7022440565650461,0.9468438928618493,63.38248021396363,0,1
2704,case33bw,test,52,3,155,4,1.1465470971094185,0.9909318795919214,0.030303030303030276,0.5205929929680023,0.9044411311637016,99.40848134999082,0,1
2705,case33bw,selection,59,23,216,4,1.2106891120385839,1.0313965650903452,0.030303030303030276,0.6440016583980516,0.9743292062850506,95.92605020443604,1,1
2706,case33bw,train,6,20,58,4,1.0641036279567184,1.0318603267384665,0.09090909090909094,0.834807344251613,0.9409650164929714,199.34991077036497,0,1
2707,case33bw,train,49,15,213,3,0.9500681739711431,1.0412431871150947,0.1515151515151515,0.6912027425393893,0.9643640171568872,142.62904794417707,1,1
2708,case33bw,selection,8,9,214,2,0.7439506046876965,0.9812823921655797,0.030303030303030276,0.5998250296216892,0.8482373626239107,158.1584119142471,0,1
2709,case33bw,train,21,9,81,3,1.1413071757701485,0.9880027418965217,0.06060606060606055,1.064297783171919,0.8891418025069062,246.93350140517643,0,1
2710,case33bw,train,1,18,363,3,0.9333363565232193,0.9780320261536215,0.06060606060606055,0.23732468459007355,0.917797659388118,111.29437366412276,0,1
2711,case33bw,selection,20,4,65,5,0.9057884540870268,1.038334620783266,0.12121212121212122,0.733068401611217,0.9951619988636079,43.53744401592542,1,1
2712,case33bw,train,35,19,60,5,0.8121830200771342,0.9841079504610352,0.09090909090909094,0.19245965108720703,0.9191490659809034,112.73906887717744,0,1
2713,case33bw,selection,4,18,69,5,1.2701897843338847,1.0062835116235889,0.303030303030303,0.9748416562784267,0.8963620518859603,280.8505100329409,0,1
2714,case33bw,train,30,21,207,5,0.8997288361573493,1.038062198609126,0.18181818181818177,0.6625513397459236,0.9098551880922693,129.03833124985647,0,1
2715,case33bw,train,30,23,94,6,0.7503387684490976,1.0175479292154979,0.06060606060606055,0.2748738802076004,0.9021992293134938,103.73593353187388,0,1
2716,case33bw,test,39,10,14,1,0.8718730565024282,1.0422924286703927,0.09090909090909094,0.5489153251148616,0.8895594165624913,305.8544295306828,0,1
2717,case33bw,test,52,9,36,2,1.2038065400845355,1.0360268937035335,0.1515151515151515,0.48761144133861156,0.848539696708848,470.97983860746484,0,1
2718,case33bw,train,0,13,280,1,0.7929337305762099,1.0309218578443484,0.09090909090909094,0.43813792683892794,0.9719017675298006,95.82855546489677,1,1
2719,case33bw,test,5,20,34,0,0.8078351954075101,0.9752890015192939,0.1515151515151515,0.38967232974335503,0.6688894199291768,872.4581203271773,0,1
2720,case33bw,selection,8,11,150,5,0.8932138997857502,1.0081608630712209,0.09090909090909094,0.10578416680954049,0.8290035369804164,282.8550253603201,0,1
2721,case33bw,selection,15,14,86,0,1.1505061720362906,1.0436965283548567,0.1515151515151515,0.7032076664287886,0.9084456983147828,270.26331518306,0,1
2722,case33bw,train,10,20,45,4,1.1727053627577413,1.0429772981873553,0.12121212121212122,0.24894261681105093,0.7940217260036898,548.7806269881268,0,1
2723,case33bw,calibration,11,10,175,4,0.8134384148057067,1.0030564795181331,0.06060606060606055,0.8458822125854208,0.9545744884838773,77.86788480772492,1,1
2724,case33bw,train,14,22,338,4,1.0700079463095205,1.010828989648952,0.0,1.1226926707247815,0.9481353514562543,118.10555751313902,0,1
2725,case33bw,train,30,13,301,2,0.8829688541099033,0.9887986597020593,0.06060606060606055,0.9465400135413128,0.7920091996757248,299.3547881290427,0,1
2726,case33bw,train,35,6,213,6,0.740963961115006,1.0283738682460637,0.1515151515151515,0.3759135062738872,0.9946421795509033,29.754637474496864,1,1
2727,case33bw,test,58,11,150,1,1.2711490827973178,1.0201607848063348,0.09090909090909094,0.7049854837557253,0.926235310280558,247.62160304569736,0,1
2728,case33bw,train,46,14,46,6,1.1031914907120255,1.0053998212268216,0.06060606060606055,0.38611738959656616,0.9318077803259232,201.1789660632984,0,1
2729,case33bw,test,22,8,107,2,0.7769026140409772,0.9798524177594747,0.0,0.5746753667133544,0.9253677730892732,78.36048106521606,0,1
2730,case33bw,selection,53,18,216,4,1.1137983399868034,1.0258450976100923,0.12121212121212122,0.2239977707614187,0.9701514595312175,107.19527318690234,1,1
2731,case33bw,selection,7,15,46,1,1.1032549623378851,0.9986460649354398,0.09090909090909094,0.8708467371044544,0.8979391648127653,258.2731470801526,0,1
2732,case33bw,train,0,15,93,2,1.148620500241395,1.011382765002657,0.06060606060606055,0.17932167743819546,0.921370439834689,224.452905044505,0,1
2733,case33bw,selection,8,10,149,4,0.9356691255199828,0.9962074648686783,0.1515151515151515,0.2764909437868033,0.784433854185389,395.6928065445957,0,1
2734,case33bw,train,21,0,240,1,1.2773222736701302,1.0299365512917145,0.0,1.022927212638748,0.9701074988394173,89.98209810299335,1,1
2735,case33bw,selection,20,15,3,6,0.929774902347598,0.9957546073731663,0.12121212121212122,0.9212288167932033,0.9153273450092754,145.5889202101384,0,1
2736,case33bw,train,10,13,141,6,1.1286043398817989,1.0134223991826734,0.1515151515151515,0.40729630751911583,0.784909102630923,461.32817512119624,0,1
2737,case33bw,train,54,6,77,5,1.007194189203721,1.0074785283000773,0.06060606060606055,0.8409147205593037,0.9543843449580514,81.66216182353733,1,1
2738,case33bw,train,26,8,135,3,0.8187588865235688,0.9887409577930256,0.12121212121212122,0.737308967737603,0.8657747387397312,136.61702214376572,0,1
2739,case33bw,train,24,15,318,5,0.9489825015263329,0.9998275514509306,0.06060606060606055,0.2621821639684254,0.8183258891187317,270.977633467785,0,1
2740,case33bw,selection,12,4,144,4,0.9785713811076148,0.9949341008552757,0.12121212121212122,0.47304586802489146,0.961369480296902,38.160974004631335,1,1
2741,case33bw,calibration,27,18,186,6,0.9121786909681556,0.9881313120153858,0.0,0.7538197619266193,0.9106195202058169,85.28010469031402,0,1
2742,case33bw,test,52,12,350,6,0.921299670406305,0.9883197381230233,0.030303030303030276,0.29630661649662154,0.8369978005598019,303.5714393240849,0,1
2743,case33bw,train,13,9,16,3,1.0441553573993332,1.031506790698609,0.06060606060606055,0.873059848105601,0.9586692912583712,157.03467872837925,1,1
2744,case33bw,train,26,3,93,6,0.7706585577707754,1.0229693621302713,0.12121212121212122,0.3921315220952201,0.9537356761721988,44.03484190908208,1,1
2745,case33bw,train,30,15,39,6,0.8225073751743649,1.017691614048921,0.18181818181818177,0.8560508801482443,0.8412135861913245,244.46085333901328,0,1
2746,case33bw,train,1,3,87,1,1.0807156967497498,1.001132248255475,0.06060606060606055,0.6351006201495386,0.9593788833952756,50.04679149612974,1,1
2747,case33bw,train,30,15,131,5,0.8721579890770921,0.9971000555558269,0.09090909090909094,0.5228225408992672,0.8271851063823835,220.08276094147854,0,1
2748,case33bw,train,31,20,331,3,1.0297785112502893,1.0131408867306586,0.0,0.1419779991111751,0.8398592771961446,271.56937956830484,0,1
2749,case33bw,train,47,0,30,4,1.0509781097643716,1.002038672236598,0.06060606060606055,0.83755471970521,0.9470230486857706,108.3816910252789,0,1
2750,case33bw,test,52,14,357,1,0.8216736812795585,1.023071250682536,0.09090909090909094,1.1307457137399588,0.8929999809758283,219.68505288917277,0,1
2751,case33bw,train,38,2,197,4,1.2160409973944148,1.0242270096762962,0.1515151515151515,0.38141441175335977,0.9753085144809269,65.05048003417433,1,1
2752,case33bw,selection,7,10,147,3,1.0745724068971276,1.0225832930263539,0.33333333333333337,0.858940115063983,0.9415149273258393,170.7272082365735,0,1
2753,case33bw,selection,44,7,161,4,0.838787558425407,1.0170504765657153,0.0,0.40930536528710715,0.9553555987601424,91.9094623145707,1,1
2754,case33bw,selection,53,14,95,6,0.866081913887584,1.0162626324276196,0.030303030303030276,0.9270479619847695,0.960656582969619,111.38449511137024,1,1
2755,case33bw,calibration,36,5,254,4,0.971315625224837,1.0220107019056959,0.12121212121212122,0.40505897750807796,0.9747390133534561,60.46358849126979,1,1
2756,case33bw,train,30,4,253,0,1.2046493547928494,1.0034671656326364,0.06060606060606055,0.7513787215547811,0.8676290898515376,145.83253123057798,0,1
2757,case33bw,calibration,11,15,258,1,0.7986050932750867,1.029799750031673,0.24242424242424243,0.6203878857882833,0.9849342249798861,58.05467990595454,1,1
2758,case33bw,train,26,15,333,6,1.0442829998332517,0.97720904735366,0.030303030303030276,0.820369965763429,0.7826429354945703,334.55049423239444,0,1
2759,case33bw,train,6,7,247,6,1.1510184332391935,0.9848069679354073,0.09090909090909094,0.303082829632973,0.9166660322303369,112.62724716972575,0,1
2760,case33bw,selection,44,2,202,1,0.9084866295535909,0.9922421096950249,0.030303030303030276,0.8807677088754263,0.9427857953405034,59.33358331773936,0,1
2761,case33bw,train,54,7,160,3,1.1071938732991777,1.0441453713669686,0.09090909090909094,0.3032497853306666,0.9885051455276307,91.07041759404265,1,1
2762,case33bw,train,31,19,186,2,1.2080935170778417,1.0033890549665014,0.0,0.9670512163811562,0.8258127867796972,281.7646586500067,0,1
2763,case33bw,train,0,20,280,6,0.8371188060429244,1.0313306454679554,0.0,0.2210883496992331,0.9818158761598207,65.17089302422787,1,1
2764,case33bw,calibration,36,5,98,5,1.166912798565392,1.0132287595772895,0.09090909090909094,0.12418778024828808,0.9528184411135461,98.31804085015658,1,1
2765,case33bw,train,31,21,17,3,1.0700173048659385,1.0315989600354996,0.18181818181818177,0.778464026834987,0.8348627463015306,337.28543670583855,0,1
2766,case33bw,train,54,16,103,0,1.0779835966425302,1.0167683078307492,0.06060606060606055,0.18481105507145673,0.9399894975772224,169.05447618064062,0,1
2767,case33bw,train,6,0,155,1,1.0411835725648175,1.023172535802083,0.24242424242424243,0.522420509295984,0.9678685733894941,79.4157835232761,1,1
2768,case33bw,calibration,27,5,167,1,0.855545808428815,0.9893150430469277,0.06060606060606055,0.10825379967294275,0.9322622358346389,45.708121731745116,0,1
2769,case33bw,train,45,8,365,2,1.1111937571438615,1.030777906703109,0.1515151515151515,0.6566666742258346,0.9321476197820834,245.02411963780486,0,1
2770,case33bw,calibration,27,14,174,4,0.9374648293697048,0.9937132324838175,0.12121212121212122,0.7735968522344915,0.8998839360901052,129.36418641431763,0,1
2771,case33bw,train,38,21,134,5,1.2728890267658226,0.9842573539931009,0.030303030303030276,0.32823711168087594,0.8982506202364366,191.37205216110698,0,1
2772,case33bw,train,55,13,178,3,0.8811379922967107,0.9798276768233593,0.21212121212121215,0.2839657705136064,0.9177216987816758,108.1593478996002,0,1
2773,case33bw,calibration,36,18,98,5,1.175847701145432,0.9891687098048942,0.09090909090909094,0.298057188751772,0.8993185628666389,212.16282209507676,0,1
2774,case33bw,train,51,11,97,1,0.9189104636404867,0.9930506902609673,0.12121212121212122,0.6630552004222995,0.8407279897832037,304.91561440196057,0,1
2775,case33bw,train,26,1,5,1,1.1722677412694582,0.9964048072475192,0.18181818181818177,0.342957447189548,0.8545984669348993,181.7569157244578,0,1
2776,case33bw,train,18,6,244,5,0.7856032894664167,0.9854079628341844,0.0,0.8499563785601878,0.9393888238609877,39.76628941387932,0,1
2777,case33bw,calibration,29,5,3,5,0.8529478429540587,1.0156488196526527,0.12121212121212122,0.28268467549894816,0.9684194840850922,56.06271087719366,1,1
2778,case33bw,train,47,9,237,4,1.0057491918554184,1.0353966076906158,0.09090909090909094,0.7812092117028265,0.9806421820636043,99.51402266294902,1,1
2779,case33bw,test,58,10,353,3,0.8764768902849099,1.003316169206366,0.030303030303030276,0.26584764609164746,0.930998978122725,150.71662417483,0,1
2780,case33bw,train,35,11,293,1,1.1887137180723424,0.9859926208177481,0.21212121212121215,0.0929812153734384,0.8720358958614223,343.704793866792,0,1
2781,case33bw,train,9,14,62,2,1.101890446697332,1.004540407229033,0.0,0.3074554621393549,0.7368413767605292,632.762627900052,0,1
2782,case33bw,calibration,43,18,24,1,1.1066427704188262,1.0362866891423317,0.12121212121212122,0.838426938366577,0.9649196383790938,156.52876544073902,1,1
2783,case33bw,selection,12,12,139,0,1.1596626806287846,1.002453556868995,0.06060606060606055,0.38936004640379096,0.9318027440726651,169.73613957220772,0,1
2784,case33bw,test,22,6,69,5,0.9218333875973448,0.999735638537739,0.09090909090909094,0.12818444878755725,0.9496763194313957,65.98689090102957,0,1
2785,case33bw,train,40,13,33,6,0.8926272362654637,1.0425625043164015,0.030303030303030276,0.5123094114573856,0.9176951891335361,210.09414006547502,0,1
2786,case33bw,test,19,14,185,0,0.7941161209302803,1.0362877970428366,0.12121212121212122,0.7297393104972533,0.9755400000991737,78.8671169410919,1,1
2787,case33bw,train,34,8,169,0,0.886938668183528,0.989056144690857,0.09090909090909094,0.116182957986859,0.9073583685466072,93.531234313776,0,1
2788,case33bw,selection,7,10,34,1,1.197781123025212,1.0172642864501338,0.09090909090909094,1.107217487230272,0.8994241183585866,358.77050184298486,0,1
2789,case33bw,train,21,8,170,2,0.8796652093656709,1.0024399220970475,0.030303030303030276,0.1053054759245429,0.9435510906412348,83.86772132273788,0,1
2790,case33bw,calibration,36,12,305,3,0.742759911286484,0.9959375850912411,0.18181818181818177,0.5263358456525387,0.9270433166243374,125.55095909030187,0,1
2791,case33bw,train,35,21,124,3,0.9817736534898199,1.0204814630132737,0.24242424242424243,0.9150817641890031,0.9537476314772779,115.61782025749004,1,1
2792,case33bw,train,40,17,270,4,0.8799073921352485,1.0159345590107907,0.21212121212121215,0.9714044952421412,0.9143082844224804,139.21094726384402,0,1
2793,case33bw,train,9,19,97,5,1.125485647732668,1.0328773055196745,0.12121212121212122,0.7168087096818826,0.8208743393544311,399.1975610198287,0,1
2794,case33bw,train,21,2,104,6,0.8896190831698979,0.9755524655930254,0.06060606060606055,0.6653321131326739,0.9319901698246641,45.914849012789205,0,1
2795,case33bw,selection,15,15,120,5,0.7824412936150704,1.0297302981029381,0.1515151515151515,0.5046171189495895,0.9581559707802553,75.75991769369635,1,1
2796,case33bw,train,0,17,165,5,0.9557367242714561,1.0251774534972302,0.1515151515151515,0.11742644063762542,0.9713133047324684,79.91312215552148,1,1
2797,case33bw,test,19,13,259,0,1.0747917230378714,1.0245064061607578,0.2727272727272727,0.3643953059737546,0.933625605355768,176.34578473083323,0,1
2798,case33bw,test,17,2,203,4,0.8701535935191617,1.0308828826823022,0.030303030303030276,0.1563123689082515,0.9868191016677356,33.35213966783479,1,1
2799,case33bw,train,26,0,75,0,0.9714510844111865,1.0069918914848675,0.0,0.7180977216935579,0.8822800082158554,140.53118861495412,0,1
2800,case33bw,train,24,6,293,1,1.2148813408963488,1.0426314807152086,0.06060606060606055,0.5480547592101664,0.8905805834290591,194.739918421313,0,1
2801,case33bw,train,0,5,93,3,0.8536506576668393,0.9919960415433484,0.09090909090909094,0.28193761893318514,0.9493899353006444,47.533624495059186,0,1
2802,case33bw,selection,20,11,20,3,1.2768158272494792,0.9774170223375402,0.12121212121212122,0.5050483338427334,0.8447788690561083,410.0068508601211,0,1
2803,case33bw,train,46,18,255,2,0.8998706872822034,1.0177363043018646,0.06060606060606055,0.9733924736485022,0.9705025966869398,76.62394691075991,1,1
2804,case33bw,train,38,21,31,1,0.9345357299350945,0.9921782498976668,0.0,0.8016043668288186,0.9163068995051762,151.0296024864648,0,1
2805,case33bw,train,24,7,310,0,0.7777277207953194,1.0135533256063056,0.12121212121212122,0.7072261031609955,0.8971782399282098,113.12230405477783,0,1
2806,case33bw,train,2,6,71,5,0.8639065813175792,1.0216892639140625,0.06060606060606055,0.7712330346723318,0.9826368573504524,45.38870911843475,1,1
2807,case33bw,train,38,22,119,6,0.8391511200208798,1.021589050077761,0.030303030303030276,0.544422032495477,0.9696983224083453,72.28127030481458,1,1
2808,case33bw,calibration,11,8,183,2,0.8021754258335859,1.0054920012823985,0.21212121212121215,0.4913163237660497,0.9632740277417512,52.383391028913536,1,1
2809,case33bw,train,30,8,354,5,0.7489777170450882,1.000560658646665,0.0,0.28063717171679264,0.8520055365243,171.54618168762448,0,1
2810,case33bw,test,5,7,66,4,0.8262260140702021,0.9940903680211641,0.12121212121212122,0.871606451677805,0.7489323129137871,558.0974088836205,0,1
2811,case33bw,selection,53,17,139,3,1.2191730080328103,0.9915775023219493,0.1515151515151515,0.577288415454389,0.9255835532504562,161.1765477471533,0,1
2812,case33bw,selection,20,11,253,5,0.9941588789019402,0.9968292965567812,0.0,0.8351729627410183,0.9190794447391458,139.7099873648388,0,1
2813,case33bw,train,37,16,112,6,0.9178032416391249,0.9816849091805635,0.12121212121212122,0.5294192166574657,0.8138480630618682,391.5629271513106,0,1
2814,case33bw,train,48,12,25,1,1.0562190485518168,0.9799213661694229,0.12121212121212122,0.4512244092625294,0.8957149337104275,243.56906288402814,0,1
2815,case33bw,train,49,4,112,6,0.7490948917432081,1.0285328662184356,0.12121212121212122,0.6359323801132867,0.98605443069417,42.58994112950162,1,1
2816,case33bw,selection,15,11,359,2,0.9814255585721193,0.9793659276122948,0.1515151515151515,0.8859345051020983,0.8385001588319654,286.6804444003553,0,1
2817,case33bw,selection,59,21,355,5,0.9156896224336396,1.0325994763318427,0.030303030303030276,0.23658051633900326,0.9744110673290763,98.49055090025219,1,1
2818,case33bw,train,1,0,33,6,0.9077152971152628,1.0021967251170327,0.06060606060606055,0.18527815427983138,0.9575026217604927,60.09949144825295,1,1
2819,case33bw,train,45,18,82,2,1.0013455284743715,1.0180616962114555,0.2727272727272727,0.6450478199299471,0.9353572393303033,176.41220360892714,0,1
2820,case33bw,calibration,29,9,258,2,0.801363256390238,1.01747729651811,0.303030303030303,0.16515755389765507,0.9609098764956828,70.666069761673,1,1
2821,case33bw,train,30,17,276,2,1.1792434232546534,0.9958323710764511,0.06060606060606055,0.3682764688873583,0.7351674630207226,515.3984412504681,0,1
2822,case33bw,test,16,19,257,3,1.0853727783105476,0.9995932441382955,0.0,0.5348763728230931,0.9029814234178684,142.23149977061172,0,1
2823,case33bw,calibration,28,6,12,3,1.190748770356757,1.0241152116405912,0.09090909090909094,0.301284353116449,0.9285735784846303,145.48905985167576,0,1
2824,case33bw,train,45,2,199,1,1.067156645925946,1.0072258592969956,0.06060606060606055,0.5331788535515695,0.9585548234789356,59.047076299590785,1,1
2825,case33bw,calibration,42,19,49,0,0.7355778149835499,1.0075514794775424,0.1515151515151515,0.5331860887679956,0.9577712534411158,68.86325504276677,1,1
2826,case33bw,calibration,33,20,280,0,1.0698736685843102,0.9797440427261609,0.2727272727272727,0.5005218008355276,0.8608097819129591,186.98424124160857,0,1
2827,case33bw,train,54,22,24,2,0.9231351792546068,0.9992435471280103,0.24242424242424243,0.4105999669373181,0.9357641788671367,115.10926212703616,0,1
2828,case33bw,train,49,9,321,2,1.2260142131742486,1.0098153163432253,0.09090909090909094,0.731333928970333,0.8728968903707189,449.02398191516124,0,1
2829,case33bw,train,1,13,295,6,1.0021151826503194,1.0062673992496782,0.09090909090909094,0.3911872788026021,0.9447080320734905,113.79723718238377,0,1
2830,case33bw,calibration,41,8,9,4,1.0083601364806378,1.0111653032171946,0.0,0.8728720832829775,0.8673612703632072,270.5298634143349,0,1
2831,case33bw,test,5,20,132,6,1.1847510513175907,0.9752881135658549,0.09090909090909094,0.10719215895558273,0.572089123931466,1504.6101461180083,0,1
2832,case33bw,train,9,17,267,3,0.9060128003941728,1.024805323837531,0.0,0.9774057746523429,0.8710919525077756,214.7028155624716,0,1
2833,case33bw,train,24,17,206,3,0.9924085250859156,0.988942515843037,0.36363636363636365,0.5933029358733783,0.839180420670452,191.6926510948757,0,1
2834,case33bw,selection,8,11,333,2,1.2214285641975617,1.019353659081075,0.12121212121212122,0.16141544603479005,0.6646729870001032,1099.4097696517697,0,1
2835,case33bw,train,38,6,96,2,0.8663882972418278,0.9773124010064692,0.030303030303030276,1.0373304033484334,0.9239816397276475,75.7573107487383,0,1
2836,case33bw,calibration,11,14,205,6,0.990070426586854,0.977706144573157,0.12121212121212122,0.7488188925394507,0.9205214593674378,106.83091748442335,0,1
2837,case33bw,train,30,22,205,1,1.0928279469853561,0.9758245520625825,0.09090909090909094,0.418019348448771,0.8048243098962624,232.13936880060675,0,1
2838,case33bw,train,40,2,273,5,0.7628512178358521,1.0010612260682528,0.12121212121212122,0.54967660962771,0.9435845216176613,44.46258858885167,0,1
2839,case33bw,train,56,13,251,6,1.2226785461128507,1.0309636327937486,0.21212121212121215,0.41302855160367397,0.9538896439084698,167.9471375617379,1,1
2840,case33bw,train,10,16,24,1,0.7607452931018681,1.0083801070272758,0.06060606060606055,0.8515804988807923,0.8550973367487719,209.42264849888863,0,1
2841,case33bw,train,10,11,263,2,1.0184446365890796,0.9811301842977538,0.1515151515151515,0.49053023555610764,0.7604883205207259,433.05226688302116,0,1
2842,case33bw,train,51,0,137,6,0.9400890257278204,0.9939085480450205,0.1515151515151515,1.0485915550932772,0.905508403247087,102.8097164992853,0,1
2843,case33bw,train,3,5,210,1,0.9775383903824738,0.9821634210574596,0.12121212121212122,0.5798732549440848,0.9345678092990779,58.17928167906426,0,1
2844,case33bw,train,0,4,259,2,1.1260788923656608,1.0398353150610247,0.24242424242424243,0.4890344539478917,0.9931595934046494,59.63566411535247,1,1
2845,case33bw,calibration,41,17,5,0,0.7337857380318321,1.0352399923695739,0.030303030303030276,1.1641805216260226,0.9303903704437271,146.74224857161667,0,1
2846,case33bw,test,39,1,321,6,1.1544443213554596,0.9998105301318487,0.06060606060606055,0.6370583419501468,0.8912637393549113,156.0908355305596,0,1
2847,case33bw,train,35,3,23,0,0.9314899214256256,1.0060961792723808,0.09090909090909094,0.17293701901206346,0.9560858237896286,64.80991101822131,1,1
2848,case33bw,selection,8,14,124,5,0.7513207748692334,1.0165445329230596,0.09090909090909094,0.726122749022547,0.8675142827596832,194.87943456891472,0,1
2849,case33bw,test,16,13,355,2,0.8214116499824955,1.0275668440619714,0.12121212121212122,0.5855118717736214,0.9252453222049253,161.28089204396775,0,1
2850,case33bw,test,25,15,315,0,1.1991263415048716,1.0267753722748205,0.303030303030303,0.35528801936160287,0.8004922505657935,425.91000629464895,0,1
2851,case33bw,train,14,0,134,3,1.025709560122955,0.9831089716804812,0.09090909090909094,0.7241235052242877,0.9374849767134146,62.18176013492978,0,1
2852,case33bw,train,50,3,337,0,1.1775692107689226,0.9773878190104933,0.0,0.6359749656202345,0.8600768558673884,180.89469621302896,0,1
2853,case33bw,train,23,15,53,5,0.8309442467081375,1.0034702960291284,0.06060606060606055,0.12178522237624478,0.823700243933561,256.6382193150869,0,1
2854,case33bw,train,18,22,64,0,0.8658583038323815,1.0053123548089538,0.21212121212121215,0.5935728747635476,0.9249572991511011,113.35617658395928,0,1
2855,case33bw,calibration,41,6,177,1,0.8628002107884222,1.0084842343741698,0.18181818181818177,0.464786346277232,0.9310751154315924,78.39813588319993,0,1
2856,case33bw,train,55,8,312,2,1.0766029953379714,1.0125974827583146,0.030303030303030276,0.24238100393621792,0.941073763946963,147.75170041166828,0,1
2857,case33bw,train,30,3,288,4,1.0265392759183218,1.019263816467726,0.12121212121212122,0.6909403867778386,0.8963777862087638,117.97903190824796,0,1
2858,case33bw,train,9,13,70,1,1.1277491368037473,1.006945968461032,0.0,0.4966211085608852,0.698985629855753,824.1450910094496,0,1
2859,case33bw,train,37,7,37,2,0.7305192581937278,1.0045389670076743,0.06060606060606055,0.17408463419255815,0.875454804121822,230.20567622170972,0,1
2860,case33bw,test,52,12,175,2,0.8497649402303862,1.0303145778877996,0.12121212121212122,0.7246205465713602,0.9227973049243177,155.90882945286,0,1
2861,case33bw,test,39,21,310,3,1.024461854168063,1.0312826286754713,0.030303030303030276,0.7584210072337936,0.9012434136332741,228.07429485135322,0,1
2862,case33bw,train,49,19,200,5,0.8074377886481763,0.996868411641289,0.2727272727272727,0.7678979192960824,0.9381898375918486,82.27240079588923,0,1
2863,case33bw,train,13,2,68,2,1.019072086748987,0.9843849543366436,0.09090909090909094,0.9816486109433677,0.941604068672413,58.24106363444359,0,1
2864,case33bw,train,13,14,337,3,1.1502425964907375,1.0245513329418559,0.12121212121212122,0.6742241049359806,0.9464623015620373,190.54789222741968,0,1
2865,case33bw,calibration,43,21,211,2,1.018272072312465,0.9931868810153389,0.030303030303030276,0.8419398328791001,0.9414612845845839,77.47072879048574,0,1
2866,case33bw,train,47,20,199,5,0.8129266511446471,1.003327467556903,0.12121212121212122,0.882951616625119,0.966273796466907,48.76077174832226,1,1
2867,case33bw,calibration,11,8,134,3,1.2443964918741806,0.9787792916328201,0.1515151515151515,0.11557701278459,0.9058422767423673,166.66384779817582,0,1
2868,case33bw,train,51,11,47,3,1.2623981581797958,0.9777431197095731,0.1515151515151515,0.1774527981666144,0.7137623781538049,882.532604285513,0,1
2869,case33bw,train,13,19,131,3,0.833079842920366,1.0428211470285533,0.030303030303030276,0.22706709087252072,0.9995063985403536,60.10609191459743,1,1
2870,case33bw,selection,8,4,83,4,1.193386413245702,1.036663990713494,0.0,0.1289963577555295,0.8775713622718314,225.1841203627201,0,1
2871,case33bw,train,30,20,307,1,1.0046169933803755,1.004200426634905,0.1515151515151515,0.2887762674265176,0.8033194150003602,315.3948373560671,0,1
2872,case33bw,test,5,23,158,3,0.9564148211571248,1.0251924516373299,0.12121212121212122,0.16600086535015632,0.8260769042492614,370.28293738037314,0,1
2873,case33bw,train,38,3,180,5,1.2270572329698355,1.0388680778495,0.12121212121212122,0.5858518636306808,0.9943659664013316,52.34386181823158,1,1
2874,case33bw,train,1,5,144,2,1.2891895103182602,1.0107182867022055,0.12121212121212122,0.3338444799624441,0.9629546952911768,67.75088689779157,1,1
2875,case33bw,train,32,17,62,4,0.933602403681346,0.9980517183246724,0.0,0.8369009787952438,0.8474164060789072,238.96030321553948,0,1
2876,case33bw,train,3,4,292,5,1.03274128956849,1.0364354606668107,0.12121212121212122,0.23723046785714116,0.9875012579585116,58.90666573546617,1,1
2877,case33bw,train,10,2,183,0,1.0155802430628549,0.9788206657039583,0.09090909090909094,0.8930913616387155,0.8776614152378717,95.6268833708998,0,1
2878,case33bw,train,46,5,236,4,0.821278361909801,1.0375856191818555,0.0,0.09407420227852954,1.0098275914851949,28.634214974433725,1,1
2879,case33bw,selection,4,10,342,1,1.0801110902153435,1.0019756925442378,0.09090909090909094,0.6866728637765173,0.8852496929379157,310.15436576740615,0,1
2880,case33bw,test,22,9,343,3,0.8906605363329673,0.9847760126911621,0.0,0.200388096201365,0.908265636008535,151.82010012116172,0,1
2881,case33bw,train,30,10,49,2,1.2330931222662633,1.0289466399946061,0.12121212121212122,0.34872223861789403,0.6435304544108711,1112.934601257882,0,1
2882,case33bw,train,57,13,126,5,1.1005847276550769,1.0441090936792103,0.030303030303030276,0.21303330281550445,0.9725649331321894,143.93990752176913,1,1
2883,case33bw,calibration,43,11,123,4,0.944514577837389,1.0120886428648386,0.12121212121212122,0.6022446990264706,0.9507909101101208,129.31118498192296,1,1
2884,case33bw,train,57,23,184,2,0.840069299862801,1.0101842141463095,0.09090909090909094,0.42004947769202444,0.9687950293513019,50.9641237721207,1,1
2885,case33bw,train,21,14,89,5,0.8024775622591158,0.9751751436294426,0.18181818181818177,0.8688900537489547,0.9060619503161652,116.02086454072673,0,1
2886,case33bw,selection,59,4,141,0,0.7972227385623792,0.9829603175394297,0.0,0.35726296505682814,0.9514763420490335,28.436027797315017,1,1
2887,case33bw,calibration,36,3,145,1,0.7582541558462471,1.0173227646683014,0.030303030303030276,0.6925139874908327,0.9833889778243132,31.444676278504677,1,1
2888,case33bw,train,50,21,285,4,1.0803085666247891,1.0097506121041149,0.030303030303030276,0.4036816018091357,0.8692022431178431,261.8977223001259,0,1
2889,case33bw,train,26,6,6,4,0.8953149185097489,1.0384061451939177,0.030303030303030276,0.7083515621230934,0.9015276447076752,160.41678356235573,0,1
2890,case33bw,train,34,0,121,3,0.8787084269827645,1.0413128268081893,0.0,0.7826251578710206,0.9727468971155152,66.9100910071822,1,1
2891,case33bw,calibration,33,14,249,2,1.05954150422473,0.9878111310298795,0.06060606060606055,0.59886259218867,0.8627119812858668,197.76526071024924,0,1
2892,case33bw,selection,4,12,113,6,1.118262248243234,0.9793598382690313,0.09090909090909094,0.8465797473965645,0.8699743433880867,272.65022504681025,0,1
2893,case33bw,calibration,33,4,81,4,0.7714986852191945,0.9844108120430634,0.1515151515151515,0.7365089701840664,0.9244283912557564,47.02933169946727,0,1
2894,case33bw,train,24,21,215,3,1.190312330143886,0.9762128849052036,0.1515151515151515,0.41699116999517977,0.8011965962692785,257.92178826663593,0,1
2895,case33bw,selection,4,18,361,6,1.2983190350244804,1.0206600477001786,0.12121212121212122,0.8494133257534352,0.9106221037453334,281.97193855365,0,1
2896,case33bw,test,19,5,308,3,1.1603936233950574,0.9865326076624163,0.0,0.2157163430151945,0.9198004700076267,95.42966262749195,0,1
2897,case33bw,train,57,9,22,3,0.9472805589901526,0.9846425245035799,0.09090909090909094,0.5491540362160917,0.902221186278194,187.07566431192814,0,1
2898,case33bw,train,1,18,361,0,1.1802675693783786,1.0260396743067202,0.12121212121212122,0.5481050220456415,0.9518643289405732,169.75290285062758,1,1
2899,case33bw,test,5,1,188,1,1.2966182092865501,1.0092361808229877,0.1515151515151515,0.23243201550083356,0.7561605150071641,595.1835212794019,0,1
2900,case33bw,test,39,1,90,5,1.0087952799140352,0.9898477801299098,0.12121212121212122,0.744047875426219,0.8936115805792794,123.11732729180201,0,1
2901,case33bw,train,37,6,148,3,1.296372340680212,0.9951529137970377,0.09090909090909094,0.4290067823056732,0.8077860216124809,477.7771020001656,0,1
2902,case33bw,train,31,4,168,2,1.264683699660117,1.017822579075252,0.030303030303030276,0.7079337232958157,0.9042272123969656,119.09289646795074,0,1
2903,case33bw,test,39,2,120,3,0.8238269132357361,1.0431507761778736,0.1515151515151515,0.8268627125731491,0.9749141698226389,62.31102981303223,1,1
2904,case33bw,calibration,28,0,128,1,1.079410844970752,0.9885489771686159,0.0,0.6352389079285772,0.9095666323543488,106.68244043741238,0,1
2905,case33bw,calibration,33,21,362,2,1.0220676042448518,1.007105545327395,0.24242424242424243,0.9554236952780971,0.8817238788169829,203.54892254325503,0,1
2906,case33bw,test,39,15,332,1,1.2065603805877299,1.0081378942393096,0.030303030303030276,0.11953949644561829,0.8048066403722377,537.9279906648109,0,1
2907,case33bw,test,25,16,324,3,1.1086934610008508,1.0137244971094042,0.09090909090909094,1.0274006248112197,0.7754656470253593,469.0986449325876,0,1
2908,case33bw,train,45,1,245,3,1.0044554628954723,0.9812455281170243,0.18181818181818177,1.0804291186764057,0.9291652651942424,70.25309620046987,0,1
2909,case33bw,selection,59,21,113,1,1.2232611048653843,0.9966739190411144,0.06060606060606055,0.7956289273316027,0.9153151710285443,187.43430637174026,0,1
2910,case33bw,train,55,12,341,1,0.9133524898243157,1.0437846150295436,0.24242424242424243,0.11429209072155833,0.9670907299666055,172.27068395679584,1,1
2911,case33bw,train,24,12,172,0,1.0056860755204295,1.006471849693721,0.1515151515151515,0.19013847079989152,0.8037167897891118,329.9768851121093,0,1
2912,case33bw,selection,8,0,208,1,1.2364465403088747,1.0364395372058037,0.06060606060606055,0.2782903405707148,0.8722542586324271,240.8762901268579,0,1
2913,case33bw,selection,8,18,219,3,0.9398047308550606,1.0349160415432779,0.030303030303030276,0.3372681988529858,0.8801976316032379,211.06585284304853,0,1
2914,case33bw,test,17,4,240,0,0.7883220884421321,1.0097303212311497,0.09090909090909094,0.1331362199266662,0.9666602800754247,31.164925145073145,1,1
2915,case33bw,selection,59,13,182,2,1.0658254407863752,0.9832653614450799,0.06060606060606055,0.20345655408047927,0.9074752397611459,166.47849062836556,0,1
2916,case33bw,selection,8,13,103,2,1.2791804979094996,0.9961680969833595,0.0,0.2654312725955059,0.5844527394426238,1457.6314489696838,0,1
2917,case33bw,train,38,19,340,6,0.9152899533417967,1.0121581739091603,0.06060606060606055,0.18681040746714708,0.9414282609679132,134.87427412600744,0,1
2918,case33bw,train,13,23,305,6,0.7870545232903632,1.02569317106688,0.12121212121212122,0.4869397588526328,0.9891739451511555,40.19392441314577,1,1
2919,case33bw,train,3,12,29,0,0.9614976012659348,1.027152593081271,0.0,0.5163632930398621,0.9259516458663908,244.25665623029644,0,1
2920,case33bw,selection,59,22,190,3,1.237757381969121,0.9927183549063648,0.1515151515151515,0.1542565368830768,0.9228801611378228,137.40931332358454,0,1
2921,case33bw,train,21,15,11,0,1.072936885415317,0.9957354970795063,0.0,0.5712131147071933,0.8954237054336883,240.703827532904,0,1
2922,case33bw,train,54,20,274,2,1.078341667924758,0.9980448061493614,0.24242424242424243,0.5239913596714575,0.931472943954805,130.89102311682788,0,1
2923,case33bw,test,52,2,321,0,0.8333156539031431,1.028540602376332,0.09090909090909094,0.8809835908869748,0.9585341002490738,65.3207849425026,1,1
2924,case33bw,train,45,1,326,6,1.2620898270555678,1.0074609620261912,0.12121212121212122,0.1326942293512113,0.9367365529284482,129.27922791638886,0,1
2925,case33bw,calibration,27,13,116,5,1.0648880913996668,0.9870019634859094,0.09090909090909094,0.5440502768844329,0.8633228220952783,208.45426170416664,0,1
2926,case33bw,train,57,7,168,2,0.9025747277111136,0.9992976605282833,0.030303030303030276,0.3323151735316858,0.9528315723821336,63.35876229583029,1,1
2927,case33bw,train,9,12,182,3,0.8218940516130427,0.9938207919912846,0.0,0.9432958633410053,0.8396038470274689,214.07148158081586,0,1
2928,case33bw,train,50,8,333,6,1.1183473916320263,1.0060784438213028,0.030303030303030276,0.5279859591528765,0.8453884418903858,338.38278087867684,0,1
2929,case33bw,train,37,12,279,5,0.7852561671786369,1.0101687803811354,0.030303030303030276,0.27886221061757777,0.8585722506838643,325.3392921681969,0,1
2930,case33bw,selection,20,3,72,0,1.1355316766495913,0.9756439455934027,0.21212121212121215,0.33161985034280483,0.9142637451539417,87.0248244332106,0,1
2931,case33bw,train,50,12,57,5,0.999198924649707,1.026724783422649,0.24242424242424243,0.5532942173453466,0.8646261935445352,344.29625342869906,0,1
2932,case33bw,train,3,17,13,3,1.2741672250401943,1.028117154903311,0.030303030303030276,0.7862673645129487,0.9086260284343541,347.1549915202537,0,1
2933,case33bw,train,14,2,38,2,1.236925128944006,0.9802222703366558,0.12121212121212122,0.15752247012630624,0.9263804014830596,90.06189910707218,0,1
2934,case33bw,train,0,19,36,3,0.9287689235609323,1.0234405233090402,0.0,0.23355110997127426,0.9560553162875158,124.82307780390528,1,1
2935,case33bw,train,40,11,215,5,0.7785203725084304,1.0092079930531577,0.030303030303030276,0.2997557010469262,0.9160909755873692,115.55536711455827,0,1
2936,case33bw,train,2,3,93,3,1.0518327454729302,0.9790590572394366,0.0,0.42107581342154404,0.9371829449190476,49.75257119956881,0,1
2937,case33bw,train,21,21,44,1,1.0001286131506182,1.0308260478153983,0.1515151515151515,0.8455013049332091,0.9542410199991579,151.00840722782792,1,1
2938,case33bw,test,5,12,82,5,1.1912326045713613,0.9880460067563768,0.1515151515151515,0.2128588068025323,0.5304204098689255,2159.334240921695,0,0
2939,case33bw,calibration,42,8,69,4,0.7939704404885489,1.0148882003926591,0.12121212121212122,0.37126956572895253,0.961628218057725,79.37302596713668,1,1
2940,case33bw,train,6,13,155,5,0.8934933275140285,1.0098621395296201,0.18181818181818177,0.964949742971086,0.9442800549084455,107.76609305892018,0,1
2941,case33bw,selection,8,9,304,0,1.1333880679736232,1.024143604023994,0.0,0.7064071182345447,0.7616587208583732,605.5550226305627,0,1
2942,case33bw,selection,53,7,45,6,0.7743514935068194,1.0280849570105952,0.24242424242424243,0.7114662439258872,0.9876935127649792,57.493140781329025,1,1
2943,case33bw,train,6,8,318,6,0.7264724031717107,0.997150282981776,0.12121212121212122,0.7592491476052996,0.9461065014259467,68.60152033322628,0,1
2944,case33bw,test,16,10,325,4,1.12195758530671,0.9852507870304461,0.0,0.4672399835325215,0.8421973502041685,313.7583815646649,0,1
2945,case33bw,train,13,12,304,1,1.1322060174941173,1.0271762393223012,0.1515151515151515,0.794115226681274,0.9459109605776528,199.75585158620268,0,1
2946,case33bw,selection,44,18,364,5,1.2922619860137394,1.0449977938731811,0.06060606060606055,0.7965064933883195,0.9212291685661973,371.0269283565114,0,1
2947,case33bw,test,17,8,347,5,1.0885902253013526,1.0390538620604985,0.0,0.1581423064416669,0.9348429314064439,179.15511194782874,0,1
2948,case33bw,train,18,12,131,0,1.1976577889690367,0.981481773343742,0.06060606060606055,0.4965242692164666,0.8577122936766367,282.41736810249154,0,1
2949,case33bw,test,58,7,46,6,1.2470839937353386,1.0127973520626175,0.0,0.6326515167355492,0.9411219609493153,149.28522846527784,0,1
2950,case33bw,train,55,23,146,3,0.8851592083974352,1.0127514754218088,0.0,0.4463907336205,0.9692553821743138,58.32204791860241,1,1
2951,case33bw,train,54,9,6,4,1.061900552268039,1.027215550394976,0.1515151515151515,0.5373224890677705,0.9434233905220233,201.66004422342937,0,1
2952,case33bw,train,54,23,211,2,1.2877355509461592,0.9898328576734414,0.09090909090909094,0.4278225379585891,0.9197583111455216,138.2154167981372,0,1
2953,case33bw,selection,15,14,55,5,0.8869486365752366,1.0307518922430463,0.030303030303030276,0.5983059518946399,0.9331590668442369,135.56679966442448,0,1
2954,case33bw,selection,59,18,76,4,1.0559844972285053,0.9993214621090273,0.2727272727272727,0.9359485983048459,0.9190960723637589,181.19844143766844,0,1
2955,case33bw,test,17,1,49,5,0.8460668012188042,0.9897113791364984,0.21212121212121215,0.7681438339479296,0.9308678726036297,59.399254171997775,0,1
2956,case33bw,selection,59,10,75,6,1.1145612021123712,1.0135444580351156,0.33333333333333337,1.0287995141163473,0.9309898222358438,195.0539746060542,0,1
2957,case33bw,train,55,8,166,4,0.9088387703647669,1.0310705513308323,0.0,0.33550244283508096,0.9783145190607628,77.97467666341464,1,1
2958,case33bw,test,52,21,31,0,0.9558725289955935,0.9852059034870639,0.06060606060606055,0.3100617681446183,0.84787764973604,247.29204586921904,0,1
2959,case33bw,train,47,18,71,6,1.2137612057024918,1.0170356890076626,0.09090909090909094,0.9819372280813546,0.9496705249032009,160.73519122645428,0,1
2960,case33bw,selection,15,13,193,1,0.7680587265551918,0.98288672715143,0.1515151515151515,0.2687084918900561,0.8996913703619868,100.76080500663093,0,1
2961,case33bw,train,54,4,295,4,1.045773049248312,0.9973576467001704,0.09090909090909094,0.6208115755067145,0.9506917524219269,63.89790213409384,1,1
2962,case33bw,train,46,18,220,6,0.8983462957853925,0.9815776428191574,0.09090909090909094,0.6185775835729451,0.9398299469251742,60.59124963699766,0,1
2963,case33bw,calibration,43,0,73,2,0.9607019630481454,0.9783868323205018,0.12121212121212122,1.0921882375543666,0.9295927371318774,72.00117173187317,0,1
2964,case33bw,calibration,27,3,272,4,1.2778201445483586,1.040174516522342,0.1515151515151515,0.4037903546214757,0.9636866831238072,81.5769652869882,1,1
2965,case33bw,train,37,12,149,6,1.0018126312270639,0.9905358338610466,0.030303030303030276,0.5791506294175638,0.7919324306896035,548.7606558644445,0,1
2966,case33bw,train,10,11,193,0,1.2488505030416042,1.014781348523017,0.030303030303030276,0.8037853723830383,0.7788278867551258,494.46146399082875,0,1
2967,case33bw,train,2,19,161,3,1.2278120702712154,0.9817191662388325,0.0,0.27742026820198473,0.9168299518837397,125.67598604387695,0,1
2968,case33bw,train,2,13,154,3,1.0620350954677313,1.0078593220681908,0.0,0.9026314359719103,0.9391624292201598,134.77370479944284,0,1
2969,case33bw,train,18,21,183,0,1.0413246524339534,1.0289931993076626,0.12121212121212122,0.8048950173393632,0.9568136686951481,94.59852155254953,1,1
2970,case33bw,train,24,15,64,4,1.2151920134862688,1.004625067732618,0.12121212121212122,0.5167516762117491,0.706430108084621,713.1156127127105,0,1
2971,case33bw,selection,4,18,24,4,1.222918092241079,1.0103807050463245,0.24242424242424243,0.5918466894958061,0.8910185000118603,327.7941089134844,0,1
2972,case33bw,calibration,42,5,52,2,0.9115182448999625,1.0029708971107416,0.18181818181818177,1.0719187070508285,0.9586964207778074,50.41367725206411,1,1
2973,case33bw,train,2,16,328,3,1.025989929145609,0.9988312566143589,0.030303030303030276,0.8111123199008802,0.9287100917928761,141.5333693495059,0,1
2974,case33bw,train,56,0,278,5,0.8062466792302726,1.016361645280186,0.06060606060606055,0.850426463158175,0.9793589529692153,37.50107176793333,1,1
2975,case33bw,train,2,18,28,2,1.1451129621686418,1.0143207973781188,0.12121212121212122,1.1050954295776085,0.9381454972114005,167.28650270517022,0,1
2976,case33bw,selection,4,7,239,6,0.8528083872782037,0.9996537827831111,0.18181818181818177,0.11848413354806407,0.947352561631357,65.68718065524826,0,1
2977,case33bw,train,35,15,85,4,0.8418514155460943,1.0189868642486188,0.0,0.7879825083383722,0.9472814580058038,134.588936704117,0,1
2978,case33bw,selection,59,23,106,2,0.765283692460915,1.0024882917429143,0.0,0.7167697697388145,0.9565082374180416,62.01048520716172,1,1
2979,case33bw,selection,8,8,148,4,1.2567717788094555,0.9821829864606753,0.0,0.5829139884063306,0.717261372180978,618.2318441672942,0,1
2980,case33bw,train,26,13,137,4,0.8879410374409598,0.980942652965135,0.09090909090909094,0.5256442959036939,0.8243580757456442,221.6369968454385,0,1
2981,case33bw,selection,59,14,137,5,1.1503609899086995,1.0373800041233818,0.1515151515151515,0.16499533042536263,0.9613621660525594,162.86386163547093,1,1
2982,case33bw,train,40,23,213,4,1.138731259227345,1.0033849199563407,0.12121212121212122,0.7952198356369397,0.892912836362836,164.66891968327027,0,1
2983,case33bw,test,16,7,39,0,1.247315539412387,0.9799134723044788,0.06060606060606055,0.7029207978690921,0.8501537631024177,259.94660865922174,0,1
2984,case33bw,train,46,10,315,2,1.1841245535657705,1.0200675429686066,0.0,0.7907195988616554,0.9417072798057812,221.27268575569374,0,1
2985,case33bw,train,49,22,235,4,0.7627830398531232,1.0101410912503233,0.06060606060606055,0.3771817813767781,0.9529879975791937,76.61440112882397,1,1
2986,case33bw,selection,7,19,42,5,1.2089274038945488,0.9799867547152644,0.18181818181818177,0.8450944697894311,0.8835861128136259,224.72809463934468,0,1
2987,case33bw,train,31,10,142,6,0.929624025606861,0.9757185861911781,0.12121212121212122,0.16107298702022618,0.8161322855923915,229.27213026408748,0,1
2988,case33bw,train,32,6,184,2,0.7456564611060273,1.0291911800126323,0.09090909090909094,0.3116642200942471,0.9627083537682519,47.709114471551615,1,1
2989,case33bw,calibration,43,21,26,4,0.9557907055615669,1.038794892986227,0.18181818181818177,0.6009544557272427,0.979742553944991,103.89962299296765,1,1
2990,case33bw,test,58,9,13,3,0.8286437567588881,1.0091513989754337,0.21212121212121215,0.5065880870570527,0.9434466340726813,122.0909848102868,0,1
2991,case33bw,test,52,16,230,4,0.8247042455013949,1.0362070237504175,0.09090909090909094,0.17952761834568443,0.9428505538063419,114.09930876124966,0,1
2992,case33bw,train,23,23,182,1,0.917178070509412,1.001933165958985,0.09090909090909094,0.9015718107940686,0.8821191390080794,118.3422123536533,0,1
2993,case33bw,train,31,11,342,4,0.8103276783295851,1.0434311498861997,0.0,1.0632752905593201,0.884707711111871,224.28451176161937,0,1
2994,case33bw,train,47,14,309,3,1.27123550884279,1.0253645692087372,0.1515151515151515,0.9323221777221417,0.9435308931438005,219.53956264014516,0,1
2995,case33bw,train,49,20,350,3,0.9250576821197687,1.018355766848359,0.21212121212121215,0.8701562550409339,0.9224658102581457,214.77543458069547,0,1
2996,case33bw,train,26,18,226,4,1.0319146816538252,0.993857465888523,0.0,0.787424386469023,0.831767412695433,228.90858176995127,0,1
2997,case33bw,selection,7,6,318,3,1.0725965825046677,0.9797871516358174,0.030303030303030276,0.6948872924598121,0.915901268413227,100.79169298714055,0,1
2998,case33bw,test,25,16,355,4,0.8412739920101702,1.003784631605857,0.1515151515151515,0.5209364002277287,0.8493459142503396,206.03386287504776,0,1
2999,case33bw,train,9,20,311,2,0.8394420668245481,0.9799129655735643,0.18181818181818177,0.1871551233615903,0.8193993150369613,228.97032843266047,0,1
3000,case33bw,train,13,19,90,3,1.1175844875758052,1.0004142989701497,0.030303030303030276,0.7280483259923433,0.9370551647017488,128.78393297306934,0,1
3001,case33bw,train,51,15,111,4,0.8270845973115664,0.9801074358020735,0.1515151515151515,0.6632489016869434,0.8597812570723745,193.91684877746843,0,1
3002,case33bw,train,49,0,331,6,1.226600820152923,0.988290558884398,0.09090909090909094,0.6060721817746003,0.8869741739408944,238.81263753143406,0,1
3003,case33bw,train,56,16,218,6,0.9612802727630795,1.0036515223572586,0.09090909090909094,0.6748306598431535,0.9500009407790431,85.55337432686339,1,1
3004,case33bw,test,58,19,275,1,1.0134785056326945,0.9905672055967878,0.06060606060606055,0.7920329500586871,0.9271438570719014,113.64880627102185,0,1
3005,case33bw,train,57,11,333,5,1.0218179418718043,1.017135568849613,0.030303030303030276,0.8076133716893582,0.9375898114756471,176.76040719316006,0,1
3006,case33bw,train,38,14,159,4,0.8793034584556587,1.0380166547324372,0.030303030303030276,0.3337554890117578,0.9768193493987957,97.83693414566191,1,1
3007,case33bw,train,37,7,135,6,1.0516785521868952,1.0282902151345175,0.06060606060606055,0.26424685271175385,0.8845392428663308,291.3440721105718,0,1
3008,case33bw,selection,59,21,84,5,0.7945387419689165,1.0042521808385452,0.12121212121212122,0.5669608646415755,0.9569658318288068,63.29379726584483,1,1
3009,case33bw,train,51,1,210,3,0.7272233329655756,1.014797074424489,0.0,0.6827934416826302,0.9576285320861135,43.13240725257051,1,1
3010,case33bw,train,30,10,53,1,0.7371463296473475,0.9756899477579869,0.06060606060606055,0.17223917781446318,0.7792450280011696,297.7071639904935,0,1
3011,case33bw,train,30,2,45,2,1.1725410384463422,1.0091743468466994,0.030303030303030276,0.4457173975574483,0.8441851919171015,214.54713346926135,0,1
3012,case33bw,calibration,42,10,6,3,0.9290725758247758,1.0220333039338168,0.09090909090909094,0.6589937864312364,0.9434816478912945,156.40994191569212,0,1
3013,case33bw,test,17,22,28,5,0.8117599676009338,1.0256823609268235,0.18181818181818177,0.9764860467946225,0.9581230644274004,77.78600949003847,1,1
3014,case33bw,test,19,20,18,5,1.0569739742008653,1.0422574822467208,0.1515151515151515,0.6925055269474564,0.9557559301323295,155.02634499752602,1,1
3015,case33bw,train,18,18,107,1,1.2029704919963464,0.989150655060832,0.06060606060606055,0.8436253218992592,0.883742629550494,203.26828106168992,0,1
3016,case33bw,train,37,5,151,4,1.0380308102904943,1.0342597860766116,0.06060606060606055,0.35745045420158983,0.9215233836727396,178.2332225407337,0,1
3017,case33bw,train,57,18,7,3,1.1973919336377052,1.01065346320236,0.06060606060606055,0.27290688391767837,0.9230888031052836,218.29682117010307,0,1
3018,case33bw,train,21,13,21,6,1.068268989236265,1.0441914091956481,0.09090909090909094,0.22955990765458134,0.951555478359536,213.7694219541772,1,1
3019,case33bw,selection,59,21,313,4,1.0569045855373715,0.9811555847797656,0.030303030303030276,0.23159086898964665,0.91020693945196,147.34800896478134,0,1
3020,case33bw,train,21,23,331,3,1.1851311885303164,1.0397879755461301,0.030303030303030276,0.8581288014871921,0.9616083267497635,147.57727576604557,1,1
3021,case33bw,selection,59,22,323,6,0.9623581374735058,1.019188393221452,0.12121212121212122,0.38146722108235354,0.9586040578820546,101.89669838053348,1,1
3022,case33bw,train,51,4,11,0,0.9110461319421501,1.0070884472461097,0.12121212121212122,0.5221735246550693,0.9224711864478318,96.77611876662215,0,1
3023,case33bw,selection,4,12,224,3,0.9106654172706325,1.029802210265997,0.12121212121212122,0.4989744742770059,0.9492158431174101,155.25809030221785,0,1
3024,case33bw,test,52,10,330,0,1.0292774203115962,1.0189035717931652,0.21212121212121215,0.17919831526161084,0.8508497527626491,380.74574610296236,0,1
3025,case33bw,train,14,5,187,5,1.1671783894127137,1.0093154855164694,0.030303030303030276,0.664219921278435,0.9726442101982175,42.81036253607298,1,1
3026,case33bw,train,23,7,199,0,1.2707270361531866,0.9912598784944361,0.06060606060606055,0.16540404889276297,0.8157071390946492,249.30505399856824,0,1
3027,case33bw,test,16,15,63,6,0.8595164641773037,1.0024463714719893,0.0,0.34607607014847563,0.9078303674817233,138.11559929051748,0,1
3028,case33bw,train,18,8,40,0,0.7754785093236479,1.0074259309421663,0.06060606060606055,0.742956767894133,0.931658046350245,105.42929732287475,0,1
3029,case33bw,train,1,16,156,2,1.1569777179320866,1.0233793505744735,0.0,0.5671578056533033,0.9592126297774951,123.63303946457808,1,1
3030,case33bw,train,24,16,142,1,0.8871537709051104,0.975332939272127,0.09090909090909094,0.21750416467924494,0.812045841394331,215.82260464449217,0,1
3031,case33bw,train,40,18,147,0,0.7631755212170287,1.0364425782745166,0.030303030303030276,0.3733615014233938,0.9500795818892982,98.15458203067062,1,1
3032,case33bw,train,48,9,153,4,1.0583316243818837,0.9898065177137064,0.12121212121212122,0.5716058134457842,0.9263367015921591,129.95281042329688,0,1
3033,case33bw,test,52,22,243,3,1.1416093213456526,0.9990706539212341,0.12121212121212122,1.3133356017305449,0.8767776161821272,200.61272548690107,0,1
3034,case33bw,calibration,42,22,95,6,0.8628817942752779,1.0130799832276036,0.18181818181818177,0.7713908362342977,0.9639754108333033,69.55856444317497,1,1
3035,case33bw,train,24,22,305,3,1.1227189749433117,1.0008072565458639,0.21212121212121215,0.6553180600650603,0.8058982459204371,308.15637637040237,0,1
3036,case33bw,calibration,41,0,160,4,0.7924225481237794,1.0187757800097224,0.06060606060606055,0.8053859192536508,0.950173233926533,62.78384956952375,1,1
3037,case33bw,test,25,4,145,6,0.8752565302198076,1.0100212390192151,0.1515151515151515,0.38554368220517243,0.9356210926024899,48.6894734244933,0,1
3038,case33bw,calibration,11,22,39,0,0.7875825899015734,1.0016341980870571,0.12121212121212122,0.48262053924435844,0.9535750245702496,74.34915740401344,1,1
3039,case33bw,train,10,0,93,0,0.8009682263535561,1.027429560880021,0.030303030303030276,0.2894046074806854,0.9133288362156309,117.30701924507508,0,1
3040,case33bw,train,51,2,7,4,1.2377023840501704,0.9808313501818756,0.1515151515151515,0.6460810626288969,0.8506168156104714,223.83963024749758,0,1
3041,case33bw,calibration,36,7,242,4,1.1454164923506525,0.9927010668798255,0.06060606060606055,0.950806280406094,0.9230958881505122,128.838314244635,0,1
3042,case33bw,test,17,23,209,0,1.0374749164687462,1.043316995192302,0.303030303030303,0.1491749273908304,0.9786723557239008,72.1985356852023,1,1
3043,case33bw,train,49,18,309,6,0.9502492263565517,1.0350460368568664,0.030303030303030276,0.4790064509010489,0.9542954403028565,156.02733377925748,1,1
3044,case33bw,calibration,28,17,135,5,0.7792623155231193,1.0181309274832298,0.0,0.4053256024956106,0.959497180722158,59.55151052102481,1,1
3045,case33bw,calibration,41,8,26,0,0.7762864230767139,1.0009363126354829,0.030303030303030276,0.4104423164521592,0.8968427782374403,145.63586634887218,0,1
3046,case33bw,train,49,23,68,2,1.2784755758430424,0.9840194461846322,0.09090909090909094,0.6744442486425211,0.863557158041359,341.4248771544646,0,1
3047,case33bw,train,26,4,135,6,1.1772482710923589,0.9809593157324296,0.09090909090909094,0.8232068464337471,0.8725062670748371,106.38140695130168,0,1
3048,case33bw,train,1,19,316,0,1.0584042120609154,0.9763810925046507,0.06060606060606055,0.8872550460450972,0.9130145913769789,120.8239886538496,0,1
3049,case33bw,calibration,43,23,322,4,0.7741241364452375,0.979946547736324,0.030303030303030276,1.1212177458667827,0.9400056983573852,53.3018331644378,0,1
3050,case33bw,calibration,42,9,51,3,1.2966671392642102,1.016741891135924,0.0,0.5380482254694339,0.9171310401477631,242.59729474412612,0,1
3051,case33bw,test,52,22,177,2,1.0065914230258663,1.036548290216635,0.12121212121212122,0.5531985809350441,0.937695346003615,130.81921288248495,0,1
3052,case33bw,train,21,16,293,4,1.2054213906430686,0.9797326216926542,0.21212121212121215,0.27191211886881045,0.8840236951007867,232.19896342362856,0,1
3053,case33bw,train,55,6,154,2,1.0741654966352425,1.0164968997286916,0.18181818181818177,0.729103818407531,0.96580458346309,73.6729238156587,1,1
3054,case33bw,selection,8,13,104,1,0.8783121422280262,0.9825979283210611,0.06060606060606055,0.632514053361618,0.7722209763430662,397.59650493961675,0,1
3055,case33bw,test,22,16,273,0,1.265525635014194,0.979405196928253,0.06060606060606055,0.19556597574643872,0.8836669289912438,239.26882142054058,0,1
3056,case33bw,test,17,2,222,0,0.7688036264616265,1.0045038849975778,0.030303030303030276,0.12332663100663499,0.961796539118124,30.298564862127822,1,1
3057,case33bw,calibration,42,10,360,2,1.0450866090537592,1.0298209568917516,0.09090909090909094,0.12856818194318986,0.947040784303472,183.06661184972663,0,1
3058,case33bw,train,32,14,133,4,1.1236906160049727,0.9822185257906887,0.06060606060606055,0.7131747040264705,0.8010608891425308,340.23258774305503,0,1
3059,case33bw,train,21,22,82,1,1.0577558153679838,0.9789594674922889,0.0,0.46236061437398274,0.8987272457333692,162.95804563131276,0,1
3060,case33bw,train,23,8,105,4,0.8095016079439735,1.0177684805210225,0.0,0.5634506613514677,0.8765870605246499,160.05134322922302,0,1
3061,case33bw,train,37,20,12,4,0.7708565137858381,1.0082190826302708,0.09090909090909094,0.33237058827598887,0.8509131212958715,343.1293120429907,0,1
3062,case33bw,test,16,13,290,6,0.8971557179284396,0.9867260630952386,0.09090909090909094,0.4544072394550309,0.8894634347842855,142.4866459438036,0,1
3063,case33bw,test,39,3,136,1,1.1924395153487168,0.9836501606649044,0.030303030303030276,0.30184163727892344,0.8822683354148073,133.85209225193876,0,1
3064,case33bw,train,55,6,241,4,1.2260277238538508,1.011676074605078,0.12121212121212122,0.19143738367348667,0.9589155282403798,83.53455330422113,1,1
3065,case33bw,test,25,5,161,4,1.033317511931871,1.023581413208447,0.18181818181818177,1.1758295064104154,0.9160920312431046,99.26236367221422,0,1
3066,case33bw,selection,20,4,319,2,0.8241994944584835,1.040152715759618,0.09090909090909094,0.6349514225609972,1.0001034382418148,37.2575150155918,1,1
3067,case33bw,train,9,8,80,0,0.835975346309899,1.02621313364154,0.06060606060606055,0.25836361037327926,0.8750759421695793,205.27152595539903,0,1
3068,case33bw,train,30,16,347,4,0.8215398773752723,1.025300505801988,0.030303030303030276,0.2941403276605687,0.8476733772279857,244.93254819668545,0,1
3069,case33bw,test,22,20,101,1,0.9347031342193197,1.0442341251620828,0.12121212121212122,0.18093997922931818,0.9823452431690906,101.84255400767269,1,1
3070,case33bw,calibration,27,11,273,0,1.071296156665119,1.0034706769210844,0.1515151515151515,0.43866708076791644,0.8702617431836331,255.07814524938138,0,1
3071,case33bw,selection,53,5,311,2,1.0830084714454207,1.0289385860905507,0.18181818181818177,0.8669021410495688,0.9828957013815399,74.64811339380664,1,1
3072,case33bw,train,21,10,206,4,0.79832185337618,0.9874667394085521,0.1515151515151515,0.6784474197689216,0.9260932442909653,91.30574487865212,0,1
3073,case33bw,train,13,22,191,4,0.7880528089415874,1.004639206835592,0.030303030303030276,0.9827727910375748,0.9688843526767023,40.30140872536038,1,1
3074,case33bw,selection,59,5,236,1,1.2582545491069366,1.028231940837389,0.030303030303030276,0.4954275447478809,0.9759637289738847,80.70364907855871,1,1
3075,case33bw,train,55,6,199,1,0.851079583734305,1.0186450042789075,0.0,0.5906922658344397,0.980832283743858,41.42929343364268,1,1
3076,case33bw,calibration,42,14,178,3,1.0763836034412575,0.9822159305084642,0.0,0.37234667254389153,0.9144457521929432,114.41777599774959,0,1
3077,case33bw,selection,59,12,315,2,0.8827682220836619,1.0106976510069603,0.06060606060606055,0.15670208087783383,0.9345032168644529,163.6221132059202,0,1
3078,case33bw,calibration,41,0,140,5,0.7514264617643047,1.0443429907375805,0.06060606060606055,0.5119936004267822,0.9822213833126038,49.98322566595,1,1
3079,case33bw,train,14,7,224,2,0.8347280402884454,1.002207509841014,0.09090909090909094,0.25767920200432876,0.9659765219173853,41.192589846394654,1,1
3080,case33bw,selection,44,12,354,2,1.1131887303596248,1.029093097119204,0.18181818181818177,0.551708473094436,0.8993610369157083,406.5225822697724,0,1
3081,case33bw,train,23,22,13,5,1.1173974325126017,0.9800892658532205,0.12121212121212122,0.20740773317662972,0.7671842575726979,366.5839973192421,0,1
3082,case33bw,train,9,22,105,1,1.0555283021578805,1.0420979096582845,0.1515151515151515,0.3032913862611891,0.8642355550168367,281.0562657848218,0,1
3083,case33bw,test,25,9,144,2,0.8468028443184856,1.0026366714336348,0.06060606060606055,1.073050707236819,0.8445616079206941,208.2678806721971,0,1
3084,case33bw,selection,44,18,82,4,0.9159627767918911,0.9988134847639399,0.06060606060606055,0.8955310680202826,0.9051450764417062,209.3248899525356,0,1
3085,case33bw,selection,53,9,349,4,0.7742190062783147,1.0408161174253403,0.06060606060606055,0.1920014763382084,0.9924647918520012,82.02205153858658,1,1
3086,case33bw,selection,44,13,92,1,0.8888917226875137,1.0144282699347666,0.030303030303030276,0.24203920089086325,0.9155038571133403,239.08707355893048,0,1
3087,case33bw,train,30,1,195,4,1.1269705344876186,1.0366172632686117,0.06060606060606055,0.1851697083772478,0.9063684127504885,132.44248082634093,0,1
3088,case33bw,train,21,9,160,1,0.9720715724405325,1.0167287554483877,0.1515151515151515,0.6660639407528088,0.9527695876261616,104.0297125269257,1,1
3089,case33bw,selection,59,16,318,0,0.7993006112937168,1.004900452748481,0.06060606060606055,0.7968287101218349,0.9486067539476206,94.21631040559964,0,1
3090,case33bw,selection,44,6,154,2,0.8226421164588026,1.0191142578456134,0.09090909090909094,0.9350622135442654,0.9664479985498855,67.36853865977403,1,1
3091,case33bw,train,30,1,118,3,1.2742938914559883,1.03896008514899,0.18181818181818177,0.6722073848894696,0.8675161393870322,234.8510875979878,0,1
3092,case33bw,train,13,7,255,6,0.9014152304779345,1.0417396512065566,0.1515151515151515,0.5355308500346947,1.0051412959465118,42.545148335333394,1,1
3093,case33bw,selection,15,5,319,3,1.0865585530738602,1.0231909828136088,0.12121212121212122,0.2626660198327147,0.9452261068585196,88.89601035361737,0,1
3094,case33bw,calibration,43,13,263,2,1.164945954148556,1.0286879405446383,0.1515151515151515,0.15876015261146842,0.9560787375254343,161.44953534803759,1,1
3095,case33bw,calibration,27,22,238,5,1.1540895174721584,0.9852789870073253,0.1515151515151515,0.15009046716053917,0.8915508755183873,126.12540431308311,0,1
3096,case33bw,selection,4,9,137,0,0.7391381649054665,0.999511096028319,0.030303030303030276,0.6088664877008184,0.9352492902840287,96.8369893158784,0,1
3097,case33bw,train,26,4,323,4,1.029431699568011,1.03750794133265,0.21212121212121215,0.3836351037379864,0.93513176766692,96.237666594977,0,1
3098,case33bw,train,56,22,108,3,0.9083826474795664,1.0344330102038355,0.030303030303030276,0.5177456889890398,0.9814835521081764,80.5762702611952,1,1
3099,case33bw,selection,20,14,48,0,1.107669428533521,0.9881524550824758,0.1515151515151515,0.7136383834404667,0.8730642959706586,295.906392661203,0,1
3100,case33bw,selection,20,15,35,5,1.075014774826455,1.0114454575666698,0.06060606060606055,1.3389719290469724,0.9146692548324207,214.37890234091068,0,1
3101,case33bw,train,57,21,206,6,1.227679466984526,1.0352658048176124,0.030303030303030276,1.0962131379469515,0.9733484952959384,110.56542673434532,1,1
3102,case33bw,train,9,6,212,5,0.9560246278309461,1.0342595504979344,0.18181818181818177,0.5519610633816602,0.9298149964742359,97.31022877843398,0,1
3103,case33bw,train,56,4,202,3,0.8363305692632685,0.9973475002496305,0.030303030303030276,0.6598867561085635,0.9644896937439378,30.822446856582502,1,1
3104,case33bw,train,45,11,173,1,0.7331999528445788,1.0026752416793319,0.18181818181818177,0.617300417447438,0.9433608180299645,88.68755770473271,0,1
3105,case33bw,calibration,11,5,168,3,0.7590706075225236,0.9954577313935639,0.06060606060606055,1.216207831857748,0.9665310046233859,25.488820839713444,1,1
3106,case33bw,train,40,10,289,1,0.813980735656597,0.9771144019893406,0.18181818181818177,0.8540881463991759,0.8487319631565374,213.15953505303474,0,1
3107,case33bw,calibration,41,13,41,1,1.1591680735202958,1.0124905814687395,0.12121212121212122,0.1723641043525492,0.8201458985484666,482.3654757064569,0,1
3108,case33bw,test,39,20,118,1,1.1191454708263648,1.041112387379661,0.06060606060606055,0.7580418820039937,0.8863751707317598,304.7535691384257,0,1
3109,case33bw,train,46,14,1,3,0.8753429351712053,1.0434191922448617,0.12121212121212122,0.22736999983138564,0.9807102380446123,142.80602178419932,1,1
3110,case33bw,train,9,23,176,6,0.9198084268032091,1.024071558809465,0.09090909090909094,1.0764914428234427,0.9103676037674422,116.62041432977097,0,1
3111,case33bw,train,30,17,300,1,1.146596010331028,1.0263030000876507,0.2727272727272727,0.5259638009229158,0.8030132160387353,389.2622477907867,0,1
3112,case33bw,test,16,6,354,2,1.1266876585592116,1.0421818780920897,0.12121212121212122,0.35059110856949705,0.9471767036448249,140.77192536087418,0,1
3113,case33bw,train,9,9,182,4,1.1112288677566187,1.031471657500571,0.18181818181818177,0.8201316912349154,0.8391931493791203,328.83615206160675,0,1
3114,case33bw,train,26,12,168,3,1.125103605765151,0.9866613583511423,0.06060606060606055,0.6182117824064921,0.781142287096171,367.0543993446834,0,1
3115,case33bw,calibration,36,11,302,0,0.856125962379883,1.0140408946456176,0.0,0.29398185631942453,0.9398177677637476,148.55186109579037,0,1
3116,case33bw,train,21,10,275,0,0.7479901358179833,1.0368504733332742,0.09090909090909094,0.4349333630034642,0.9779410282795604,84.29537106428826,1,1
3117,case33bw,selection,44,17,222,3,1.1862184254112478,0.9835310029347399,0.0,0.17731388792412936,0.8825531483182698,244.12906572593673,0,1
3118,case33bw,selection,53,4,338,4,1.0233767941768412,1.0001917195344097,0.0,0.7712551817377213,0.956947765190653,67.98714860651837,1,1
3119,case33bw,calibration,43,22,211,0,0.7881757913398333,1.0001927984199106,0.06060606060606055,0.2888002834575087,0.9636884808230584,39.292395115816724,1,1
3120,case33bw,calibration,33,9,130,4,1.2748903327417334,0.9916600042470399,0.0,0.6869586373416754,0.8268717827640307,344.9031802355047,0,1
3121,case33bw,train,32,6,153,1,1.0112627257088762,1.0241691257245322,0.18181818181818177,0.7476282972970355,0.9270487671751897,99.0612846345752,0,1
3122,case33bw,calibration,41,16,20,4,1.1179520941552805,1.0319350045211246,0.12121212121212122,0.15911515757921668,0.8648612629562457,369.4243930191059,0,1
3123,case33bw,selection,20,1,194,0,1.178028403239778,1.030417760660357,0.12121212121212122,0.579184343612907,0.9752419360946701,70.85620225958019,1,1
3124,case33bw,train,10,14,97,6,1.0424086184782457,1.0389613342397608,0.12121212121212122,0.7729137614803709,0.8368109698877406,364.750561114931,0,1
3125,case33bw,train,40,12,38,5,0.7702920477330365,1.019422381292156,0.09090909090909094,0.24951167258934576,0.8971291460828293,195.05946199158203,0,1
3126,case33bw,calibration,29,4,226,6,1.0694507210609985,1.0279348006282334,0.303030303030303,0.2599082050063035,0.9883050974085701,37.48008302227719,1,1
3127,case33bw,train,50,22,109,3,0.9031231990996678,1.0121414234030452,0.09090909090909094,0.2621517640266619,0.9017193020405175,161.35527346068667,0,1
3128,case33bw,test,25,13,56,1,1.1865227041935997,1.0354352002985778,0.09090909090909094,0.12127351908507165,0.7458530881873912,692.3115497000892,0,1
3129,case33bw,selection,8,13,45,1,0.8636732724490563,1.0152388085710453,0.09090909090909094,0.6386553411301898,0.7933846054233091,434.6557597089085,0,1
3130,case33bw,train,47,5,271,2,1.0158758609239313,0.9798190371682953,0.0,0.5576901098004513,0.941218779600984,56.050024501045236,0,1
3131,case33bw,train,14,11,179,5,0.8181004715054657,1.0235676727980392,0.06060606060606055,0.8947707571522869,0.9807533688507558,54.42984263240358,1,1
3132,case33bw,selection,8,16,362,1,0.8913278259056755,1.0388957632959785,0.030303030303030276,0.2715358859704491,0.8396624132146189,353.01474577984817,0,1
3133,case33bw,test,25,8,291,3,0.9256309598396045,1.0066603331939152,0.24242424242424243,0.47220559773072585,0.8537508238097401,198.19897832194988,0,1
3134,case33bw,train,45,9,196,1,1.1896044172499067,1.0367886796112384,0.06060606060606055,0.909547771433032,0.9508606395712871,185.5919772514535,1,1
3135,case33bw,train,49,13,177,6,1.1411618043362661,0.9854481880629564,0.0,0.9764940749888069,0.8762760042956461,283.81086192916655,0,1
3136,case33bw,train,18,20,97,5,0.85042238563104,0.9849358175330033,0.1515151515151515,0.525922564617497,0.9111784634224233,99.13757187529758,0,1
3137,case33bw,selection,7,5,26,0,1.2213621274980924,1.0153059271288913,0.0,0.8731542446383653,0.9462213942957802,126.79182457752128,0,1
3138,case33bw,train,34,12,295,5,0.9878830199314983,0.9897143072367596,0.09090909090909094,0.7842645314922795,0.8630018028263616,216.29882464821517,0,1
3139,case33bw,train,18,7,176,1,1.1853935791217172,1.013633849805846,0.18181818181818177,0.7107738099019125,0.937623968739516,106.14796342736105,0,1
3140,case33bw,calibration,36,7,239,2,1.075892479707993,1.030106643102977,0.12121212121212122,0.9325374131826778,0.967201399339056,103.13464514906903,1,1
3141,case33bw,train,34,11,326,4,0.9888115458151023,1.043835668819672,0.09090909090909094,1.210239388736451,0.9116428708183925,231.8312528132533,0,1
3142,case33bw,train,13,17,313,6,0.9191567045111845,1.0284641316861973,0.0,0.2807725533942891,0.9801140730537078,72.91559383137499,1,1
3143,case33bw,train,40,21,360,4,1.0607976464912507,1.0407612504640402,0.06060606060606055,0.6412550158137805,0.8891190740783181,294.91728179632014,0,1
3144,case33bw,calibration,11,15,216,1,1.2234091034666266,0.9917598407036466,0.06060606060606055,0.5849481197239744,0.9209843826282719,140.92119306054025,0,1
3145,case33bw,calibration,33,19,105,2,0.8857300437108967,0.9876477131710389,0.12121212121212122,0.1485443326030933,0.8829020647771466,141.25713419363652,0,1
3146,case33bw,selection,53,0,180,5,1.1312104032941077,1.0069767596510295,0.12121212121212122,0.5194887940535092,0.9655352452686843,62.75585176020258,1,1
3147,case33bw,train,10,20,26,5,0.7362343531034065,1.0398059457534194,0.030303030303030276,0.1518167109826073,0.8979337378809784,176.21427754401543,0,1
3148,case33bw,test,5,21,353,2,1.0519246668039233,0.9986012077817837,0.06060606060606055,0.20321215640565057,0.5617237025100776,1774.0629234879666,0,1
3149,case33bw,test,52,13,23,1,1.0769029019104568,0.9995058894253612,0.0,0.11386641379201215,0.8084902951884082,493.218134120334,0,1
3150,case33bw,train,31,10,117,2,1.1971378369204044,0.9768976611937875,0.0,0.5042058156201055,0.7470778632416826,470.59080224477134,0,1
3151,case33bw,train,48,12,4,4,1.0893220555314769,0.987100769217946,0.12121212121212122,0.38606452549636816,0.902195938072447,252.24812634960526,0,1
3152,case33bw,train,31,17,292,2,1.0600265810956209,0.9927523187415802,0.09090909090909094,0.871859495404534,0.8131281045724982,289.7967154274793,0,1
3153,case33bw,train,9,21,260,4,0.911899853392687,1.0018553835765367,0.030303030303030276,0.19917866531650494,0.843767512914559,221.9357598976697,0,1
3154,case33bw,train,0,3,31,3,1.119106248370837,1.0091191203707817,0.2727272727272727,0.5612109821546216,0.9526642184634933,87.38655263472175,1,1
3155,case33bw,selection,20,11,356,3,1.0425913227542878,0.9785091339981875,0.12121212121212122,0.5798618246965231,0.8703704599902953,259.9931477411961,0,1
3156,case33bw,test,52,15,121,1,0.9314638325987287,1.040865021154771,0.06060606060606055,0.7776947955662109,0.9205029904502384,187.9354646357565,0,1
3157,case33bw,test,19,7,110,6,0.9086272573749992,0.990777007773855,0.09090909090909094,0.7403419426985226,0.9326101416945923,72.7288280570728,0,1
3158,case33bw,train,24,3,208,2,0.7416506776527485,1.0402037102115989,0.09090909090909094,0.5596409219046692,0.9688066219987446,42.44383569878909,1,1
3159,case33bw,train,18,18,218,0,0.8905990318396863,1.015375541906528,0.18181818181818177,0.1917492335754437,0.948537055149921,82.04437275392883,0,1
3160,case33bw,test,17,16,51,6,1.1058468668097972,1.018608177959947,0.1515151515151515,0.5107172963021949,0.910470755241971,193.42840070823664,0,1
3161,case33bw,train,6,14,308,0,0.8083616780771847,1.0139180617450705,0.06060606060606055,0.6869083731240737,0.9420984356191214,134.10968283713808,0,1
3162,case33bw,test,16,16,284,3,0.8428060470918609,1.0174319384308297,0.21212121212121215,0.3613404514485219,0.9362338944622659,103.49418397578269,0,1
3163,case33bw,train,48,12,248,4,0.8734474012471312,0.9986773404796211,0.0,0.2427707848016523,0.9444424189498273,94.0755922152822,0,1
3164,case33bw,train,14,2,156,4,1.216774936602123,1.0263007911615079,0.1515151515151515,0.15056632699243785,0.9851703817428442,51.99010544507389,1,1
3165,case33bw,test,5,19,287,0,1.1891298371279393,0.9907729717701295,0.1515151515151515,0.11117568572942954,0.520841434553015,2029.0723943347984,0,0
3166,case33bw,calibration,28,5,92,4,0.7307269479581927,1.012973855333234,0.09090909090909094,0.7218732462834041,0.9651726270696989,39.34730587755993,1,1
3167,case33bw,selection,12,16,29,0,0.9252204127495135,1.0445449536668596,0.0,0.11245319200840975,0.9918195197303468,101.7169797068291,1,1
3168,case33bw,calibration,43,14,173,5,1.022708674132916,0.9992069383589971,0.030303030303030276,0.2054670121729186,0.9445675061560147,94.40077981568898,0,1
3169,case33bw,train,51,1,229,4,1.176991859793241,1.0299663675832833,0.0,0.1304791866173638,0.9379917596673486,112.43381419557049,0,1
3170,case33bw,train,56,13,135,6,0.736598412271612,0.9948011989764078,0.21212121212121215,0.7629476386947429,0.9472743220564169,62.541474106364944,0,1
3171,case33bw,train,14,2,90,6,1.0734362975757645,1.0143292991297486,0.030303030303030276,0.6074704859281538,0.9752555723448378,47.57842137866959,1,1
3172,case33bw,selection,4,13,173,6,1.2184733452271699,1.0285026869894038,0.09090909090909094,0.12447272681038588,0.931169357545636,224.6583696077374,0,1
3173,case33bw,train,30,14,278,2,0.9458685937137781,1.011311589076352,0.06060606060606055,0.9320827075974215,0.8155102210359886,302.51157320310284,0,1
3174,case33bw,calibration,33,19,15,3,1.226248980219659,1.0214141573083684,0.06060606060606055,0.2471969766383747,0.850103574093062,369.25509632073,0,1
3175,case33bw,selection,59,0,283,4,0.9424064063793194,1.0252515431612153,0.06060606060606055,0.7424188210252924,0.9774135608903515,65.5265055901794,1,1
3176,case33bw,train,51,9,273,3,0.8755674850454337,1.0163681685876023,0.0,0.4106923229199964,0.9007090310154667,174.2744365321802,0,1
3177,case33bw,train,2,22,350,2,0.9848402242801514,0.9792917390276169,0.06060606060606055,0.49040234954275647,0.9216450288725159,99.11739505844669,0,1
3178,case33bw,train,40,0,96,5,1.1163851199623993,0.9890798428938012,0.030303030303030276,0.6490698419969808,0.8786602691832952,161.59006499019213,0,1
3179,case33bw,calibration,36,19,293,5,0.7704864455327178,0.979802354747049,0.09090909090909094,0.38260330736182646,0.9236391964672336,83.08826024287,0,1
3180,case33bw,calibration,11,18,287,4,1.1969183570381954,0.9807574338119165,0.030303030303030276,0.648534096914902,0.9069107405849756,165.98272715665567,0,1
3181,case33bw,test,17,5,289,3,1.0307936845420798,1.0421936840857595,0.18181818181818177,0.8867456895146073,0.978963883489322,67.77791550726131,1,1
3182,case33bw,train,32,19,55,5,0.7994943650451833,0.9863145453218057,0.030303030303030276,0.7216432058348263,0.8785553171446243,130.13031910823756,0,1
3183,case33bw,test,58,10,282,0,1.0863922196058364,0.9801867449858038,0.2727272727272727,0.776785405163269,0.8981330311894855,189.79567328994307,0,1
3184,case33bw,calibration,28,14,121,0,1.0034989715036475,1.0033317018375552,0.18181818181818177,0.6619273426549637,0.9027223496140802,164.5052044406731,0,1
3185,case33bw,train,10,23,209,6,1.0790440092783777,0.9972203435096862,0.24242424242424243,0.8310163771830349,0.8605152124080981,166.4348229498403,0,1
3186,case33bw,train,18,10,270,1,0.757708786123087,0.9828979341682392,0.09090909090909094,0.616429097039105,0.9059769460212734,104.42529122015348,0,1
3187,case33bw,train,37,9,106,2,0.8031927041698207,1.000294628129117,0.18181818181818177,0.24155754762603582,0.8446890456710024,342.9961806768259,0,1
3188,case33bw,train,55,22,254,4,1.0435245757032388,1.0071614482965627,0.030303030303030276,0.13459088227710095,0.9495614848505273,98.11563732961424,0,1
3189,case33bw,train,54,21,106,3,0.9858235396587041,1.0045479824215109,0.09090909090909094,0.8519182533788956,0.9403402734738159,119.5759158172146,0,1
3190,case33bw,calibration,11,5,49,2,0.8054532506147953,0.9848360262913045,0.0,0.41081388457723,0.9493099444061188,39.90139727831025,0,1
3191,case33bw,selection,7,18,301,5,0.969830439162481,0.9922413184561358,0.030303030303030276,0.3984047696385269,0.9260832005960269,120.47166355358824,0,1
3192,case33bw,calibration,41,17,184,4,1.2205340203767983,1.0356359465885,0.21212121212121215,0.734938822069766,0.8941258919834321,260.36546279382316,0,1
3193,case33bw,train,47,8,124,3,0.7794294449150202,0.9785972981141444,0.1515151515151515,0.3904915524727554,0.9363216924008708,65.35035256018506,0,1
3194,case33bw,selection,4,8,83,1,1.067284155389423,1.0016836649377339,0.06060606060606055,0.12008072214650437,0.9088507376870019,201.24915104364678,0,1
3195,case33bw,train,47,3,240,4,0.7749962490720852,1.0384865713460043,0.0,0.5537683306008763,1.0146020555155357,20.797918972531782,1,1
3196,case33bw,train,2,16,9,6,1.0631994157772928,0.9881884119617856,0.18181818181818177,0.622092918243683,0.916640694982092,144.9652013687717,0,1
3197,case33bw,test,16,16,331,0,0.9598812677328948,0.9833622585895014,0.12121212121212122,0.11047476115936301,0.8769770855669273,175.92045845632498,0,1
3198,case33bw,train,46,0,156,4,1.15512643261037,0.9793289535495737,0.12121212121212122,0.3631236137923546,0.9300339193153458,91.74757297322844,0,1
3199,case33bw,selection,53,10,363,5,1.0308706123596634,1.0187230805602234,0.24242424242424243,0.7074115684976482,0.9522024875437768,159.34658726750206,1,1
3200,case33bw,train,26,8,42,5,1.1357096097725659,1.0177381601203186,0.09090909090909094,0.5891418174834611,0.8196933290437961,344.0949023460798,0,1
3201,case33bw,train,49,17,286,0,1.2147142023334438,1.0279485500142596,0.1515151515151515,0.5257874667048825,0.9116210518076447,318.95292574670134,0,1
3202,case33bw,selection,59,13,320,5,0.7747425736159599,0.9944633253450058,0.12121212121212122,0.46288785462391807,0.9377569614123704,89.9187293470248,0,1
3203,case33bw,train,31,7,224,4,0.8919113585660607,1.0206195321267562,0.18181818181818177,0.5564627124679101,0.9084081043311404,116.53955747346417,0,1
3204,case33bw,train,13,1,97,1,0.9362203452771065,1.0022806863322886,0.0,0.8904509297649466,0.9631707435920662,47.59213263086186,1,1
3205,case33bw,calibration,11,21,283,4,0.823324150401816,1.013410667802186,0.09090909090909094,0.5430500086468295,0.9694780565244336,63.72078097112015,1,1
3206,case33bw,selection,8,1,95,0,1.1200890604701872,0.9984371830079922,0.0,0.6797963952987358,0.8238137617750365,269.73895565295385,0,1
3207,case33bw,calibration,36,3,102,2,1.0993791822488053,1.0351269003293146,0.0,0.7016682166018229,0.9795918584326029,77.84570826949633,1,1
3208,case33bw,train,23,12,237,3,1.269133232514612,1.028030992233015,0.0,0.7982776059855855,0.7813956833856607,484.0088763675183,0,1
3209,case33bw,train,45,13,362,3,1.1928558690687388,1.0091716757577636,0.0,0.6770760604640071,0.8815888921324512,417.9661854796149,0,1
3210,case33bw,selection,59,17,123,3,0.7290180999136018,1.0000549555592153,0.030303030303030276,1.1379634532394667,0.9524171785157629,65.27956878065072,1,1
3211,case33bw,calibration,33,15,298,0,0.9226642021245337,1.0000376052842728,0.1515151515151515,0.3288879228947497,0.8849595557478891,172.50675889365436,0,1
3212,case33bw,test,16,16,87,4,0.7782707544013933,0.9961637481124033,0.21212121212121215,0.5133285438884517,0.9125104125446427,108.12725842648152,0,1
3213,case33bw,train,51,23,249,2,1.1793596339276922,0.9968188928548259,0.09090909090909094,0.42772189450939613,0.8713826365931431,211.52861673570226,0,1
3214,case33bw,selection,20,7,149,1,1.2691105870644246,0.975018581095923,0.06060606060606055,0.6838104154379163,0.8953066547824696,146.28782221205532,0,1
3215,case33bw,calibration,36,8,150,4,1.2662147151524235,1.00871618672663,0.030303030303030276,0.921868653120246,0.9177901278581458,218.84874566579035,0,1
3216,case33bw,train,49,7,340,6,0.8251494247952736,1.0412792553583359,0.06060606060606055,1.0265703423076045,0.9764843674179423,102.0100337373199,1,1
3217,case33bw,train,54,0,183,1,1.2809547804583845,1.0229906901452053,0.0,0.6518740282977984,0.9652148163447918,99.05864132892076,1,1
3218,case33bw,train,51,23,147,3,0.7705285985545969,1.0350301051891837,0.06060606060606055,1.1456476351237888,0.9578979660393782,78.32450314381298,1,1
3219,case33bw,train,45,16,70,1,0.7999635637450007,0.992538131248808,0.0,0.12896843931883414,0.9235187601255643,124.2113513620019,0,1
3220,case33bw,train,55,17,22,4,0.8459214728126021,1.0057002805475057,0.09090909090909094,0.6256176169468008,0.9397231140814103,126.3509174682213,0,1
3221,case33bw,train,32,21,215,2,0.9123169172652059,1.0362234584019174,0.2727272727272727,0.7561217747775942,0.9331279704365701,118.49359966464189,0,1
3222,case33bw,train,50,2,268,4,0.7206471853544937,1.010223340209763,0.18181818181818177,0.3819262496085801,0.9503323499210073,47.50338976953759,1,1
3223,case33bw,calibration,33,22,153,1,0.8389842937588352,0.9873085113587472,0.18181818181818177,0.9109119371149988,0.9060108217659569,88.05964949940665,0,1
3224,case33bw,selection,8,12,255,6,1.0520778474383996,1.0188741224997522,0.12121212121212122,1.1247024062399062,0.80830031184904,394.21847802869837,0,1
3225,case33bw,train,35,16,181,0,1.0851075330191275,1.0211648511446376,0.030303030303030276,0.3671660272388122,0.9457838188049872,150.805564944039,0,1
3226,case33bw,train,54,3,231,0,0.9556249058363792,0.9764461119012692,0.12121212121212122,0.1324270720045014,0.9362006036894096,45.85978253414503,0,1
3227,case33bw,train,51,19,13,0,1.234401551873271,1.043054480493942,0.06060606060606055,0.19897605652239242,0.8574614112197302,461.59487952909444,0,1
3228,case33bw,train,0,8,146,4,1.0662977464006345,1.0011388782498134,0.12121212121212122,0.9338978164967775,0.9331850945852408,127.07036880333095,0,1
3229,case33bw,train,3,9,76,2,0.7237530825159392,0.9867373238279047,0.0,0.4452614114287567,0.917125901828198,115.34026932702082,0,1
3230,case33bw,selection,20,4,270,1,0.9379593133663037,1.0080992774830613,0.12121212121212122,0.5683293786120748,0.9641432707038632,44.80276631754729,1,1
3231,case33bw,calibration,43,18,178,1,0.9140206855701954,1.0312507991471973,0.06060606060606055,0.6027557180140658,0.9873544855685161,60.993828318088404,1,1
3232,case33bw,train,47,7,52,0,1.2989035941113647,1.004957824678226,0.0,0.39100526185034684,0.9333957981617882,177.0202351623118,0,1
3233,case33bw,train,3,23,100,4,0.7744219897292113,1.0125553076399887,0.12121212121212122,0.3908252551431413,0.9571056652725597,74.44331603656589,1,1
3234,case33bw,selection,8,12,231,2,0.7352048461934145,0.9936818211803565,0.0,0.2800472273340331,0.8426701235016507,201.38281169538834,0,1
3235,case33bw,test,39,14,25,2,1.249029037743193,1.0427463048155081,0.030303030303030276,0.8195067765274027,0.8226151622607921,630.4516187218534,0,1
3236,case33bw,calibration,33,10,198,1,0.8777448176550784,0.9955704713033379,0.1515151515151515,0.7169339501834922,0.8981567921395077,123.1922792937094,0,1
3237,case33bw,train,23,3,26,2,0.8412997018539743,1.0438245741674324,0.06060606060606055,0.5946595337013659,0.9347592841660005,95.00814122137268,0,1
3238,case33bw,calibration,27,22,198,6,1.2117203599263222,1.0365584546032776,0.030303030303030276,0.15428825669458576,0.9412846703985881,126.98286830818253,0,1
3239,case33bw,train,21,2,332,4,1.0858064728206824,0.9789633530686693,0.12121212121212122,0.7257626678137178,0.9212161960854679,83.84928046690592,0,1
3240,case33bw,train,6,17,323,2,0.7239349948348933,1.001090862993185,0.06060606060606055,0.4374551030048552,0.9438531532121212,80.21358778892574,0,1
3241,case33bw,train,55,2,201,5,1.170280901263166,0.9772618414774071,0.12121212121212122,0.9263223584265362,0.9336317650230049,55.53155652609562,0,1
3242,case33bw,train,21,7,156,0,1.2149990200364027,1.0399191250987692,0.030303030303030276,0.5295764226988777,0.9715468372345022,119.36985424590988,1,1
3243,case33bw,test,52,3,3,4,1.2151586982467026,1.0291569551703141,0.06060606060606055,0.45808021453377135,0.9210783238956172,153.0099048095644,0,1
3244,case33bw,train,37,17,180,3,0.7217327483259528,1.0365546066270956,0.12121212121212122,0.7769005595324767,0.9273540209169655,167.03276541683906,0,1
3245,case33bw,train,6,2,73,1,0.960988939910283,1.0117469002564947,0.12121212121212122,0.15799581220934544,0.9584617406345638,68.06182045275489,1,1
3246,case33bw,calibration,29,13,35,6,1.2915151563295533,1.0330378217347755,0.06060606060606055,0.4700086568048138,0.9212629452837396,287.55513993043274,0,1
3247,case33bw,train,50,12,233,5,1.2227102852078249,0.9754984600603721,0.1515151515151515,0.37329666709193166,0.7867220356636225,468.7149580792657,0,1
3248,case33bw,train,32,10,138,6,1.0254324994616626,1.0177771298513023,0.12121212121212122,0.34260296964493386,0.8711401125552092,221.74244937676312,0,1
3249,case33bw,selection,53,14,186,2,0.7431406575863371,1.0014038713753453,0.09090909090909094,0.7423872569125449,0.960705471874019,59.98034448893623,1,1
3250,case33bw,calibration,42,0,195,2,0.966694244500752,1.0284725318788333,0.0,0.7865123143508356,0.9893963308226742,41.91531243509665,1,1
3251,case33bw,calibration,33,1,258,3,1.2946891606956887,0.9795006001241333,0.0,0.6154779823073014,0.8793458681742468,128.67552270176324,0,1
3252,case33bw,train,14,2,43,5,0.8859325546431285,0.9799664095152157,0.24242424242424243,1.0348647634520587,0.9441677515563862,39.00583117841237,0,1
3253,case33bw,selection,4,23,191,4,1.1370119454353216,1.019144220118576,0.0,0.4122297121090622,0.9478697617977963,123.06752329256078,0,1
3254,case33bw,calibration,33,4,230,6,0.8791288489360621,1.0206722114946796,0.030303030303030276,0.6489090854754188,0.965987434704609,38.7912862502503,1,1
3255,case33bw,calibration,41,23,338,0,0.867420551847017,1.0162984633991712,0.12121212121212122,1.0718544404434676,0.9137636538403137,139.83191556631135,0,1
3256,case33bw,calibration,11,20,315,1,0.752640702170803,1.0314916745312452,0.09090909090909094,0.5603189468395873,0.9898228586267283,56.21563872232709,1,1
3257,case33bw,train,31,6,253,6,1.044733519099797,0.9892201414661433,0.030303030303030276,0.47758291880819786,0.8735466288803742,121.88953781313911,0,1
3258,case33bw,train,23,18,191,2,1.2837023192586732,1.0378110943724983,0.030303030303030276,0.6585039676988182,0.8191678772618699,381.529083261235,0,1
3259,case33bw,train,23,2,125,5,0.7266722701635606,0.9756862537937355,0.030303030303030276,0.14594407920644414,0.8958039387059514,52.472950884622826,0,1
3260,case33bw,selection,7,21,346,6,0.845844805980377,1.019999088349833,0.030303030303030276,0.560677037178734,0.9605463027819827,94.82267003112455,1,1
3261,case33bw,train,57,17,331,1,1.284227049146851,0.9853201849703881,0.0,0.7223173080200848,0.8884651520173222,270.56942715017493,0,1
3262,case33bw,test,58,3,291,0,0.7342084326538276,1.0017214828677172,0.18181818181818177,0.5966169980960255,0.9691214898811407,29.28070268621847,1,1
3263,case33bw,train,50,11,265,2,1.1295480017821702,0.9966784042321295,0.0,0.26191251028232215,0.816017489143161,434.9258833885564,0,1
3264,case33bw,train,9,18,304,2,1.1850780647779082,1.0104193200868197,0.1515151515151515,0.6623856805098898,0.7681083505443135,516.6493412947259,0,1
3265,case33bw,calibration,42,19,263,5,1.1211256112685117,1.0083484143917831,0.030303030303030276,0.32160624215779876,0.9465679992052692,106.03207603047892,0,1
3266,case33bw,train,0,23,326,2,1.0619068962534333,1.039423357856291,0.06060606060606055,0.39657060643853465,0.974117413788148,115.28668260505667,1,1
3267,case33bw,train,49,10,147,2,0.7909130437242577,1.0342190523716714,0.06060606060606055,0.18149365665042783,0.9612111969346404,128.0437829358352,1,1
3268,case33bw,train,45,10,154,1,1.1021737779544665,1.019765764204975,0.0,0.5187283621631286,0.9297138336095534,209.3353805951597,0,1
3269,case33bw,train,21,11,230,5,0.8493006252619293,1.0186161671452714,0.09090909090909094,0.28197311709441314,0.9613112257027581,82.55356675363439,1,1
3270,case33bw,train,2,12,66,0,0.9515235580933641,1.0036660705619507,0.06060606060606055,0.8032174999862658,0.9358417941389359,142.41607232585972,0,1
3271,case33bw,calibration,42,14,105,3,0.8373736152621782,0.9990202415102042,0.0,0.8353828587294966,0.9385929569030362,98.25435536159858,0,1
3272,case33bw,calibration,33,2,163,2,1.1552386375696213,0.999260870423499,0.12121212121212122,0.5148310178400995,0.9180989124773423,84.12931547750948,0,1
3273,case33bw,train,37,14,255,0,1.0894897079864554,0.9937845647876452,0.09090909090909094,0.6222669149426578,0.7724490259963245,683.507179357755,0,1
3274,case33bw,train,55,1,57,5,1.121370862305337,1.0342507028012726,0.18181818181818177,0.6667105517258533,0.9754138382345222,96.39261748160196,1,1
3275,case33bw,train,0,20,259,5,1.1935371603571483,1.0188361755404127,0.030303030303030276,0.6020561883129704,0.9507869269697714,124.6829744271953,1,1
3276,case33bw,calibration,33,17,267,1,0.7565106142613708,1.0244230157145713,0.12121212121212122,0.8891158160794581,0.9447347643622434,85.72631596225632,0,1
3277,case33bw,calibration,36,19,29,4,0.7351716796189952,1.004154350778332,0.12121212121212122,0.9434323186626864,0.9400022615554049,109.42021825235989,0,1
3278,case33bw,test,5,18,168,1,1.2201898439654097,0.997604995120561,0.030303030303030276,0.477253089333988,0.5951536046411676,1505.5317579421344,0,1
3279,case33bw,test,16,12,181,0,1.188950658296594,1.0278832638979056,0.18181818181818177,0.8169785038706984,0.9045722561987762,241.91494467670452,0,1
3280,case33bw,train,46,5,312,6,1.1721468590097535,0.9815469240122894,0.18181818181818177,0.5372937144846502,0.9355099275833564,78.92710571733951,0,1
3281,case33bw,train,46,0,241,6,1.2529206802338162,1.0381281996140883,0.0,0.6836124476545541,0.9920926982675909,79.94616223170092,1,1
3282,case33bw,train,49,23,277,1,1.0252418573822915,0.9929815479428967,0.030303030303030276,0.9834129177243296,0.907364329142289,172.9839742176523,0,1
3283,case33bw,test,39,0,68,3,1.1084359166101814,1.025430813722725,0.1515151515151515,0.4440387565044375,0.8955244429262035,217.5347613635188,0,1
3284,case33bw,train,57,14,196,3,1.079758350110274,0.9961658797701095,0.0,0.435382840386235,0.9248227442278878,149.55578246518132,0,1
3285,case33bw,calibration,41,6,57,0,0.7257770356411225,1.0210867779434174,0.0,0.4037595910243879,0.9445136177177499,79.77619408804642,0,1
3286,case33bw,train,6,22,295,0,1.1158731341375148,1.0207793586052554,0.24242424242424243,0.4123687034138245,0.9418587098617931,155.78668453682616,0,1
3287,case33bw,train,45,9,319,3,1.2316013298099844,1.0247370774108184,0.12121212121212122,0.7022433075006395,0.9146401775335453,310.2548533982386,0,1
3288,case33bw,calibration,36,1,89,2,1.1277939296699082,1.0379457913073038,0.030303030303030276,0.18426789077676828,0.9737129747415483,109.31758093941995,1,1
3289,case33bw,train,23,5,227,4,1.2477962495905452,0.9900406763950096,0.06060606060606055,0.5614044329320159,0.8465196859496984,165.5622317356481,0,1
3290,case33bw,test,17,1,141,5,1.0914700362838043,1.02233286304617,0.0,0.19524974546535404,0.9615700408539032,62.756697563968956,1,1
3291,case33bw,train,9,22,25,1,1.0145353318631514,1.0089730529508736,0.030303030303030276,0.9038442566660754,0.800530669149187,381.9998656739253,0,1
3292,case33bw,train,9,21,330,1,0.8810515256016195,1.019917491426679,0.09090909090909094,0.7441279678412436,0.8565856015785788,239.00235416817745,0,1
3293,case33bw,train,48,17,133,5,0.8531677943441371,1.01852191491254,0.18181818181818177,0.43427632072177424,0.9744146318986516,68.33006586084566,1,1
3294,case33bw,train,21,5,82,6,0.8360888565382886,1.0169683780507968,0.21212121212121215,0.6878117815570766,0.9782200852772013,37.60469936735562,1,1
3295,case33bw,train,18,16,80,4,0.8146863336572199,0.9827289993253165,0.09090909090909094,0.12809307230147696,0.9005000210079778,121.9348014233891,0,1
3296,case33bw,train,0,12,46,5,0.8231424615752454,0.9972795785301383,0.09090909090909094,0.49500076867007176,0.9238169848615224,148.77502043593714,0,1
3297,case33bw,train,35,4,273,0,1.255420860651984,0.9796375356529828,0.030303030303030276,0.21648514870610353,0.9183536982754797,100.14421685429836,0,1
3298,case33bw,train,34,10,257,3,0.8754801557126991,1.042674190181988,0.1515151515151515,0.8849312763105551,0.9450907197253283,129.75546489811848,0,1
3299,case33bw,train,47,22,267,6,1.149202671238511,0.993404146690639,0.030303030303030276,1.351667257092169,0.9390653821418193,111.0462997286592,0,1
3300,case33bw,selection,12,15,279,2,0.8852351604955069,1.0118992131194975,0.09090909090909094,0.5541034811143097,0.9622552059752937,86.99005971731525,1,1
3301,case33bw,train,14,15,328,0,0.8180252286764714,1.0194816073765396,0.030303030303030276,0.7453290440817611,0.9680980554682287,83.43914236783354,1,1
3302,case33bw,train,34,20,227,1,0.7658771750671912,1.0019929145252955,0.06060606060606055,0.826795906531215,0.9299996586234597,72.24551850672356,0,1
3303,case33bw,test,58,7,74,5,0.8803244376550796,0.9842802744474911,0.12121212121212122,0.8864569990214946,0.931533468961756,77.91329728005813,0,1
3304,case33bw,calibration,27,16,186,5,0.7292164735739896,1.0412982403385371,0.12121212121212122,0.9444118857081207,0.9789985784969448,52.47154301700006,1,1
3305,case33bw,train,51,21,69,3,0.9518321875959486,1.0327617845756598,0.1515151515151515,0.2568345824932055,0.90268038869633,226.45003246845596,0,1
3306,case33bw,train,18,5,59,2,0.7472878985410306,1.0103941145415003,0.12121212121212122,0.48372866285676114,0.9611550871626472,44.333946910964706,1,1
3307,case33bw,selection,59,2,240,5,1.1217720566919906,0.9977405303333067,0.06060606060606055,0.2916877460030103,0.9543561069596302,53.39405200174779,1,1
3308,case33bw,train,38,23,101,0,0.897821142623897,1.0138930553380852,0.030303030303030276,0.8297353561474783,0.9539380956367396,94.7238774355476,1,1
3309,case33bw,calibration,29,10,287,4,1.2905328578792177,0.9963237147949161,0.2727272727272727,0.25856508734927014,0.8858724844061698,284.11653458118934,0,1
3310,case33bw,test,5,16,337,1,0.747652830079272,0.9863269482858265,0.1515151515151515,1.1036036308298764,0.7306286443855325,612.9791822203066,0,1
3311,case33bw,train,32,16,86,1,0.772454876747643,0.98384642730534,0.09090909090909094,0.2520296787969171,0.8662442553682658,148.23845761002653,0,1
3312,case33bw,calibration,28,3,208,3,0.771278173904941,1.0428898760277394,0.0,1.0429124303859028,1.0031583712307846,26.828525026538284,1,1
3313,case33bw,test,52,12,1,6,0.8789971307481268,1.0098440072546855,0.0,0.8311976114599144,0.8619973228297375,284.34776728096847,0,1
3314,case33bw,train,32,3,53,6,0.7377849663602318,1.033997535883382,0.18181818181818177,0.27939423118392437,0.9705327205678617,43.1936585347505,1,1
3315,case33bw,train,9,1,70,1,0.8531682589409527,1.0369566064715237,0.21212121212121215,0.4164034644827092,0.9221324682340041,119.60704577236805,0,1
3316,case33bw,test,25,19,290,1,0.885891157657359,0.9786474426566438,0.21212121212121215,0.20692229228980544,0.8215048497207696,208.76689516041134,0,1
3317,case33bw,train,46,19,295,2,0.9938461534013622,0.9997511315588598,0.030303030303030276,0.9435847382216752,0.9441321736166296,116.38759215270811,0,1
3318,case33bw,calibration,27,21,206,4,0.7396411608314458,1.0352422347530146,0.1515151515151515,0.30386783668288514,0.978218133313253,46.205717962619566,1,1
3319,case33bw,train,35,22,163,5,1.053186267200202,0.9878448215410259,0.21212121212121215,0.9547207122407669,0.9263079718699134,96.79992318564084,0,1
3320,case33bw,train,57,21,328,0,0.9384620186897129,1.0374773443336374,0.09090909090909094,0.37597505254838093,0.9762566473045923,107.49964627350435,1,1
3321,case33bw,train,30,1,335,6,0.8636832929602397,0.9989402164624923,0.06060606060606055,0.8218357109702634,0.8826686234884515,108.05814837557004,0,1
3322,case33bw,train,30,5,335,6,0.8256765023942857,1.0313453803921013,0.09090909090909094,0.8375260860309739,0.9313153729355509,79.65825963553897,0,1
3323,case33bw,train,50,1,272,1,0.9999092334949355,1.0327261761655928,0.12121212121212122,0.5519748810167567,0.943152183463754,104.74876611033947,0,1
3324,case33bw,train,57,14,318,3,1.052818999607094,1.0380848507275309,0.1515151515151515,0.369266555559837,0.9602156543478394,177.28484469546524,1,1
3325,case33bw,train,18,8,299,3,0.8117064906324949,0.9871548565328322,0.0,0.612220114786041,0.914355193072205,97.6623410464337,0,1
3326,case33bw,test,16,20,57,1,1.2770910464123295,0.988008046004,0.24242424242424243,0.7915755307168796,0.841394972010126,330.0029186046982,0,1
3327,case33bw,train,51,7,92,6,0.8065204681046082,0.9994329109153371,0.030303030303030276,1.019839468685001,0.9129269915665839,98.44497664952098,0,1
3328,case33bw,test,5,22,156,1,0.8844952422281266,1.0325469736303534,0.030303030303030276,0.2901927515472317,0.8164471018646924,431.88469284759935,0,1
3329,case33bw,test,17,19,103,6,1.0242002684927614,1.0213497097417823,0.1515151515151515,0.25911744855141117,0.92357973797244,163.9648153988918,0,1
3330,case33bw,train,6,17,189,3,0.9905581609572024,1.0108672113451103,0.09090909090909094,0.8273476287662105,0.9448013104299103,111.41381202385375,0,1
3331,case33bw,train,3,15,65,5,1.1918328881980538,0.9877206807048056,0.0,0.40935041216632234,0.8763943466586379,302.6782050150215,0,1
3332,case33bw,calibration,11,14,15,6,1.216798079798345,1.0320536022267364,0.21212121212121215,0.6142079552498076,0.948210161425027,223.60787078652265,0,1
3333,case33bw,test,58,12,90,6,0.7601001626497346,1.0341364225537217,0.030303030303030276,0.8450113078711468,0.978343213880433,87.30877100422994,1,1
3334,case33bw,test,39,7,245,6,0.9159734113382829,1.0004246559333665,0.030303030303030276,0.5906298896453865,0.9082921064496106,109.86851266977226,0,1
3335,case33bw,selection,53,2,343,1,1.0787186973821217,0.9918605229339844,0.24242424242424243,0.28241139715761643,0.9461602496113434,76.58156219457624,0,1
3336,case33bw,test,22,8,64,3,1.0306249324692063,1.0428463558353225,0.0,0.4359200006126649,0.9689841919329996,144.2036233825592,1,1
3337,case33bw,selection,4,12,248,3,1.0360662914818268,0.9904090881172634,0.030303030303030276,0.24894796525349805,0.8930718648915823,220.74330075086556,0,1
3338,case33bw,selection,12,21,365,4,0.7605437446154191,1.007390633063316,0.12121212121212122,0.8478710281383256,0.9618728493632797,72.58600758212059,1,1
3339,case33bw,train,57,10,356,3,0.8131920863136866,1.0446193041391802,0.1515151515151515,0.5946056321963463,0.9802022030120259,119.83566470903726,1,1
3340,case33bw,train,10,10,284,4,0.9607294143654035,1.0035984439292718,0.12121212121212122,0.7334294250511348,0.7973621700249326,375.88085780048186,0,1
3341,case33bw,train,21,4,252,0,1.024932554688838,1.0116624254537976,0.06060606060606055,0.9405400846076417,0.9680862627289789,47.97411057427202,1,1
3342,case33bw,train,3,13,144,5,0.784537655839681,1.024468587016321,0.0,0.581634081763051,0.963367823340842,92.26247963380362,1,1
3343,case33bw,train,1,12,333,0,0.955824218651951,1.0304564494273567,0.06060606060606055,1.0383237058284238,0.9586475199689833,152.92108938587023,1,1
3344,case33bw,train,54,11,167,1,0.85685488493892,0.9870018739285186,0.0,0.3629228758156974,0.9245355381006106,114.79435880219444,0,1
3345,case33bw,train,23,13,164,4,1.148182035319252,0.9858068257367063,0.06060606060606055,0.1252958342790855,0.7320868793223183,500.49954534262196,0,1
3346,case33bw,calibration,29,4,154,4,1.2917087113046908,0.9817432921401764,0.18181818181818177,0.30912676890059965,0.9210228935453605,92.44067901702618,0,1
3347,case33bw,train,38,22,39,5,1.2912547634699147,1.0214656719960538,0.0,0.14779258117870836,0.9302710293258475,227.67916893393334,0,1
3348,case33bw,selection,20,2,235,3,1.119510690442898,0.9796421433722017,0.06060606060606055,1.0486599395069296,0.9287926391848,59.29325061511982,0,1
3349,case33bw,selection,53,7,363,1,0.8562109357234821,0.9998137341691995,0.1515151515151515,1.0432203697592202,0.9539251235175312,77.96038760229028,1,1
3350,case33bw,test,22,13,251,1,0.9041382924689629,1.0010951443377585,0.06060606060606055,0.18176808418225815,0.9334497783248897,119.54063374535406,0,1
3351,case33bw,train,9,23,160,6,0.9107585944195339,0.9753101497467012,0.18181818181818177,0.5470383880792405,0.8489198578366494,143.1687733863436,0,1
3352,case33bw,train,24,4,211,2,0.8295382697476713,0.9850146040898544,0.0,0.17825510193800004,0.9009646744087649,58.67441067664242,0,1
3353,case33bw,test,52,1,230,3,0.8514891128497365,1.0072853044227603,0.030303030303030276,0.7542538535146825,0.9373132702975832,65.59101741955801,0,1
3354,case33bw,test,17,22,216,3,1.1109843764484681,1.023719785347965,0.030303030303030276,0.6544222435546547,0.9476591828463161,102.10845723058712,0,1
3355,case33bw,train,54,7,217,4,0.9714088884610841,1.0333926950429102,0.21212121212121215,0.5308719095572476,0.9863222030861407,66.25602911916467,1,1
3356,case33bw,test,58,22,297,3,1.2859027958240283,0.9810731499877207,0.09090909090909094,0.7026215503508435,0.8992908593406421,192.7150536627628,0,1
3357,case33bw,calibration,36,10,142,1,0.9685045668880115,1.0233828055570988,0.21212121212121215,0.7472295311011214,0.9405505628908587,179.73240420074154,0,1
3358,case33bw,test,19,0,97,0,1.0162550800546726,0.9874324011097789,0.09090909090909094,0.5474852333408287,0.9198952357084488,100.21918625620144,0,1
3359,case33bw,train,23,9,154,0,0.8688515042048375,1.005964160846179,0.1515151515151515,0.7845894068926286,0.8501500795750927,192.67741043453918,0,1
3360,case33bw,test,39,23,295,0,0.7932746622169441,0.9936631551750057,0.09090909090909094,0.37516687060981635,0.904197595096133,106.8965964668725,0,1
3361,case33bw,calibration,36,20,217,5,0.8650466366451998,1.024311031172795,0.12121212121212122,0.9785536558248669,0.9710709550677219,74.28219413775182,1,1
3362,case33bw,test,58,13,358,1,0.8581692264441965,1.0355119152238117,0.0,0.2164253410392167,0.9658517535151606,139.85848039068068,1,1
3363,case33bw,train,2,22,144,3,0.9577399743370869,1.0372568614939484,0.0,0.3652615243412648,0.9921728474033426,60.76763842612612,1,1
3364,case33bw,train,26,2,215,5,1.2785890339291486,1.0095964076684896,0.18181818181818177,0.42230557578532313,0.9026436087879249,103.57368883185288,0,1
3365,case33bw,train,18,18,215,6,0.7770865796151919,1.0309861700141942,0.030303030303030276,0.5308569882608238,0.9801150742440997,49.30495421730945,1,1
3366,case33bw,train,2,3,250,6,0.7932677726374333,1.0073775026140743,0.24242424242424243,0.30231381063818624,0.9816115843659188,19.389075500861384,1,1
3367,case33bw,train,51,3,244,4,0.8003255110299239,0.987746484750713,0.09090909090909094,0.46945175341775625,0.929085991719091,46.00758440135139,0,1
3368,case33bw,train,49,8,75,0,0.9949433893312538,1.0150760194328996,0.1515151515151515,0.6404223167580366,0.9154770344101287,234.91252669869385,0,1
3369,case33bw,train,26,18,61,4,1.1337186350791626,1.0334513606129134,0.1515151515151515,0.9814540991308167,0.8452276422101602,316.3355541642014,0,1
3370,case33bw,test,19,20,152,2,0.9526684251805155,0.9888138213214969,0.09090909090909094,0.8536443093868562,0.9221385547683502,97.94758538619944,0,1
3371,case33bw,train,9,19,116,4,1.288235660508582,1.0330090630998914,0.21212121212121215,1.0646475663006894,0.7663134845670063,623.0383595822748,0,1
3372,case33bw,calibration,43,9,205,3,1.0505923536072568,1.042064886393203,0.1515151515151515,0.4202705664635895,0.9874213240155922,91.70925297544348,1,1
3373,case33bw,train,1,1,81,1,1.0590859205726704,0.9975667316875955,0.06060606060606055,0.7673810864305165,0.9471482565847249,75.08207036537982,0,1
3374,case33bw,selection,53,10,195,5,0.7651947857362337,1.0353917285220358,0.18181818181818177,0.7452327273642133,0.9942314957366951,60.82597865863917,1,1
3375,case33bw,test,25,6,348,6,0.8276077994643075,1.0263304585851682,0.12121212121212122,0.6413218681889223,0.9151852836839278,104.20048060435091,0,1
3376,case33bw,train,47,13,137,5,1.2729473625277579,0.9961477564502098,0.0,0.6933403936188071,0.9191792900676026,217.1211597696794,0,1
3377,case33bw,selection,4,22,127,5,0.7721289202001708,1.0343690217906045,0.09090909090909094,0.15850889519828934,0.9831697944123299,63.457586061224454,1,1
3378,case33bw,calibration,33,1,24,0,0.8908932018523978,0.9750722195393914,0.0,0.7136027332340907,0.8910710411013014,89.67204669676387,0,1
3379,case33bw,train,57,22,174,3,1.0428831176870637,1.043987079989831,0.09090909090909094,0.28801633942135585,0.9900608237331553,84.36319672965838,1,1
3380,case33bw,test,16,3,206,2,0.8308239788743588,1.0263242140804756,0.1515151515151515,0.8437642031252198,0.9850268599853736,26.975269795359946,1,1
3381,case33bw,train,26,5,146,6,1.10299871937853,1.0447925157863902,0.18181818181818177,0.09859223589538609,0.9464656673344165,86.91431106837271,0,1
3382,case33bw,selection,7,19,84,5,1.1273260828645282,0.9766279080816354,0.0,0.4561763745851758,0.8928677528805901,183.52308142246574,0,1
3383,case33bw,calibration,11,9,246,6,1.0895081193810796,0.9913524749747434,0.09090909090909094,0.4831973651986312,0.9306422089275252,113.38349293159244,0,1
3384,case33bw,train,51,3,360,2,1.1418054629388998,1.009815289012948,0.0,0.735280936260934,0.9029603115499667,151.92445490581662,0,1
3385,case33bw,selection,15,22,37,5,0.8619094794562286,0.9983650270321476,0.0,0.3688642229050503,0.9135805894776649,106.70646160838739,0,1
3386,case33bw,calibration,28,15,126,5,0.8020630765558218,0.9902108443116817,0.12121212121212122,0.4992813147753888,0.9215299495793717,80.99930293748932,0,1
3387,case33bw,selection,4,5,77,3,1.2991541595338185,1.0080986354531947,0.0,0.2947341513056315,0.9230333805435463,168.77109446134713,0,1
3388,case33bw,train,1,13,165,0,0.7609509447721919,1.0389611779879044,0.18181818181818177,0.9444217555661168,0.9931407386021277,60.91213799488388,1,1
3389,case33bw,selection,8,7,153,0,1.183506236858552,1.0258550841642073,0.030303030303030276,0.8386311838501274,0.8485634994313271,280.8225241942325,0,1
3390,case33bw,train,46,22,53,3,1.2895473424212374,0.9948036269642282,0.09090909090909094,0.11689015659848821,0.9202513993526797,193.88057698665557,0,1
3391,case33bw,selection,15,11,241,4,1.1532773718953269,0.9947923583981403,0.030303030303030276,0.6762221549719284,0.8635877580029196,242.76146301451246,0,1
3392,case33bw,train,57,23,61,3,1.2287865454895484,1.0225548285868664,0.12121212121212122,0.7518799150416083,0.9520984972587084,149.43750872748376,1,1
3393,case33bw,train,55,5,352,0,1.1268809203306371,1.0010959875858545,0.24242424242424243,0.33738301799577763,0.9401095736581527,105.7527240760192,0,1
3394,case33bw,train,35,2,274,2,0.7942571184168599,1.0184364920662878,0.09090909090909094,0.757949825283475,0.9813910706174502,36.060546142348755,1,1
3395,case33bw,train,55,3,208,3,0.8295496607953219,1.028639001137477,0.18181818181818177,0.27847828693735427,0.9987249971207248,25.92646584939657,1,1
3396,case33bw,selection,7,10,287,5,1.0811610126845534,1.0074093415254781,0.1515151515151515,0.30159873965186407,0.9221857031408767,186.33106828146308,0,1
3397,case33bw,selection,20,8,159,4,1.0540073416648845,0.9790550968152925,0.030303030303030276,0.6651925492296987,0.9051390609556613,124.59709661260172,0,1
3398,case33bw,train,3,12,301,3,0.9227927988724212,1.0173712363201257,0.09090909090909094,0.39531319234011497,0.9312035572146252,179.61683015503897,0,1
3399,case33bw,train,18,17,45,0,0.7820573662587433,1.0426491811700924,0.0,0.7665311151526075,0.9708688446737064,94.56688010123237,1,1
3400,case33bw,test,52,6,321,1,0.7358345227519667,1.0262439995452037,0.0,0.3035808821498345,0.9519281377814014,74.53293183788122,1,1
3401,case33bw,selection,12,22,301,1,1.1421651830202761,0.9900377927959907,0.06060606060606055,1.1652530378299382,0.9324925913845051,117.62947668990734,0,1
3402,case33bw,train,23,19,278,3,1.271924656894114,0.9874505351808551,0.09090909090909094,0.16077466388958456,0.7119969267123445,590.5451123684952,0,1
3403,case33bw,train,54,1,284,2,0.882115432328842,0.9843939800515747,0.1515151515151515,1.0495042779110562,0.9428174747977989,51.02365680529955,0,1
3404,case33bw,selection,8,8,198,6,1.1269850160954953,0.9971070311444443,0.12121212121212122,0.4766207034213554,0.8132727291821941,301.9304907578008,0,1
3405,case33bw,train,54,8,342,6,0.7694326955914953,0.9918732707033833,0.06060606060606055,0.22457257036094927,0.9387744043463626,80.50633963883509,0,1
3406,case33bw,train,26,20,100,3,0.9613067111536087,0.98770248996088,0.18181818181818177,0.5601348679688393,0.8276565688267622,230.63157474392827,0,1
3407,case33bw,calibration,36,4,32,4,1.11591610181954,0.9919541614121333,0.21212121212121215,0.40549852117265245,0.9302386470491452,105.36133464355154,0,1
3408,case33bw,calibration,43,13,27,5,1.099445069771342,0.9753883859006823,0.1515151515151515,1.1434895674729038,0.8954157423983159,194.2837276462767,0,1
3409,case33bw,selection,8,0,50,3,1.1932263999306763,1.0202501096743184,0.030303030303030276,0.5461522341744519,0.8074163448303945,406.2002559926682,0,1
3410,case33bw,train,30,0,101,1,0.7732861136222053,0.9884998363451593,0.030303030303030276,0.8003499766763382,0.8668254723134825,115.48163142308886,0,1
3411,case33bw,calibration,33,0,153,1,1.2210226926384862,0.9966749439825198,0.0,0.6406390866518368,0.8978850926305411,125.96188227506832,0,1
3412,case33bw,selection,15,3,145,6,0.7768845898286652,1.0054120753660734,0.1515151515151515,0.16726578259037897,0.9613680825474331,28.691755483094923,1,1
3413,case33bw,train,0,8,218,6,0.9250217681133552,0.9946758359883769,0.1515151515151515,0.37130902359881635,0.9421627731160653,76.36325445405461,0,1
3414,case33bw,train,45,23,220,6,0.9416617986809377,1.0150323047649104,0.12121212121212122,0.8814746543588783,0.9639182242292356,67.33588917929659,1,1
3415,case33bw,selection,12,13,195,3,1.1786531091889294,1.0051567139586022,0.06060606060606055,0.562857176425353,0.9407259203186811,145.81006513165852,0,1
3416,case33bw,selection,44,9,129,4,0.8181317762058306,1.0194190851660119,0.21212121212121215,0.9338275819424731,0.9383059945612545,154.33361119203383,0,1
3417,case33bw,train,10,15,5,3,0.9952977870354064,1.00012346583586,0.06060606060606055,0.6816842348495468,0.770663318810223,464.4029743882974,0,1
3418,case33bw,calibration,42,0,281,6,0.8489754580265754,1.000494048387075,0.12121212121212122,0.7939770134691514,0.9645370002131526,35.17727089525185,1,1
3419,case33bw,train,18,8,359,1,0.8684825049454333,1.0229776709349112,0.2727272727272727,0.6719277272640838,0.9424187726817048,115.41499918758761,0,1
3420,case33bw,train,51,0,329,3,1.1502858881859226,0.999223767328951,0.21212121212121215,0.651882817401535,0.8654160569788681,236.92549189673895,0,1
3421,case33bw,train,2,1,328,0,1.0295763529600162,1.0177199470350284,0.18181818181818177,0.42394272479235134,0.971963518967342,63.45784461760162,1,1
3422,case33bw,calibration,33,1,43,2,1.090461441385358,1.0326757766205876,0.06060606060606055,0.6918347971318507,0.9343471303704284,126.96086933875928,0,1
3423,case33bw,train,38,13,104,1,0.8906146043434215,0.9758450296859388,0.06060606060606055,0.6614516542431931,0.8954445380654686,167.5788037733394,0,1
3424,case33bw,train,37,10,26,3,0.8267077425513324,1.0354395564280887,0.18181818181818177,0.8090355807014836,0.8411179383957732,532.8997945413026,0,1
3425,case33bw,train,51,11,151,4,0.9948135238210258,0.9893299983944482,0.18181818181818177,1.0932461796303017,0.8439771014557774,282.38175628324404,0,1
3426,case33bw,train,0,0,308,6,0.8347473016206346,1.0414247300849282,0.030303030303030276,0.6557100613369471,0.9989048124058801,48.22006739579328,1,1
3427,case33bw,test,39,23,60,5,1.1359302917174212,1.026090205346346,0.303030303030303,0.5504261697252032,0.8917822502741243,238.80033603939586,0,1
3428,case33bw,test,19,20,241,6,0.7358415882612168,0.9893223253767651,0.0,0.09068352871110762,0.9425189618983092,47.25556527428474,0,1
3429,case33bw,test,19,4,152,1,0.9976771725817456,1.0096317409004452,0.12121212121212122,0.42506204523398067,0.9617512245996168,48.893770296017365,1,1
3430,case33bw,train,23,21,144,4,1.2911095443892782,0.988130264997959,0.0,0.9055382889025549,0.7684902615658029,389.4364360940247,0,1
3431,case33bw,test,17,14,248,3,0.835620739264997,1.0426241622527852,0.09090909090909094,0.3940215046945948,0.966448369166588,96.4212923102796,1,1
3432,case33bw,test,25,6,176,3,0.8576585541692683,0.999481233468473,0.0,0.25778324068592867,0.9027939697076777,79.83530304039438,0,1
3433,case33bw,train,37,20,220,3,0.7631289281605224,0.9925093322317224,0.030303030303030276,0.18098383368940354,0.8760459628555818,188.53623253282643,0,1
3434,case33bw,train,0,14,176,3,1.1239496946165977,0.9883622294536628,0.0,0.5278251716659494,0.9119779479767316,152.7052870172944,0,1
3435,case33bw,selection,8,19,259,6,0.8298632420237438,0.9958516546673962,0.030303030303030276,0.6210850898976427,0.8602720034548262,163.579147834583,0,1
3436,case33bw,train,47,6,35,2,0.9411836523229081,1.013970538132927,0.030303030303030276,0.9008182138154618,0.968953518479564,76.56378150791043,1,1
3437,case33bw,train,3,22,142,6,0.9200393077246436,1.0206502563537616,0.06060606060606055,0.3505120376177294,0.9624933470881643,82.75975457676834,1,1
3438,case33bw,test,17,14,135,2,1.1661324901619083,1.0339022292848965,0.030303030303030276,0.3911785553507613,0.9216975483200691,211.7390513339617,0,1
3439,case33bw,train,26,23,207,3,1.2612509964269207,0.9821544540863704,0.21212121212121215,0.7981344425608357,0.8255283273605528,217.7880691164441,0,1
3440,case33bw,selection,59,4,51,2,1.2493952043060088,1.0233327475033052,0.21212121212121215,0.7936629593490176,0.962370515602109,106.72910152554624,1,1
3441,case33bw,calibration,42,14,75,0,1.0502904153352501,1.0137478183225508,0.09090909090909094,0.3592503338704136,0.9352178350172181,170.48101349342565,0,1
3442,case33bw,calibration,43,15,325,3,0.7919940899184222,0.991701791177276,0.0,1.082905991410242,0.9395853529925136,90.15742496262163,0,1
3443,case33bw,selection,20,18,360,6,1.2014096434306794,0.9839044914601784,0.21212121212121215,0.8116557491376102,0.8845519213730587,221.98160654016968,0,1
3444,case33bw,train,23,15,131,4,1.071644315372233,1.0090943553603227,0.06060606060606055,0.5667848110521003,0.813352333548747,308.5666308477482,0,1
3445,case33bw,selection,53,4,114,4,1.2963295368455365,1.0409464290678365,0.09090909090909094,0.7043890199997024,0.9944955184601962,78.97778374499,1,1
3446,case33bw,test,16,23,3,1,1.1574863643304494,0.9903647105396752,0.06060606060606055,0.5400544663423467,0.8804474224872552,192.58585220641254,0,1
3447,case33bw,selection,44,14,275,2,0.9065758986539889,1.0144762675224832,0.09090909090909094,0.8937326555932646,0.9254059062166705,190.94719222444166,0,1
3448,case33bw,train,35,17,273,1,1.036186862713255,1.0381557711760536,0.12121212121212122,0.9631601200021838,0.9687390751424596,131.91628729611716,1,1
3449,case33bw,calibration,41,22,91,1,1.1175194462132796,1.0192263481987025,0.09090909090909094,0.7672707637013197,0.8866389207020834,239.30054314109967,0,1
3450,case33bw,test,58,7,196,2,1.1813066558117624,1.0416269371397604,0.0,0.9320595678034184,0.9809275852649469,104.49619293622419,1,1
3451,case33bw,train,6,2,273,3,0.7326758096782753,0.9761289396297892,0.0,0.6023122467208254,0.9394842175349306,32.764051158788256,0,1
3452,case33bw,test,19,16,114,0,1.2145072109849835,1.0081842266572105,0.0,1.033121092670378,0.9090691867128142,208.9774527129973,0,1
3453,case33bw,train,48,0,113,6,0.7991063796646597,0.991381427716648,0.06060606060606055,0.42384626514813234,0.957083355932701,41.1600604538216,1,1
3454,case33bw,train,24,22,241,1,0.8642342293173816,0.9881896342815024,0.1515151515151515,0.32717842468606484,0.8601414450051631,136.2644843251224,0,1
3455,case33bw,test,22,8,183,5,0.8149104980807998,0.9921163897021631,0.21212121212121215,0.8909102862666131,0.9459116490908372,56.006825843917944,0,1
3456,case33bw,selection,4,21,2,6,1.0052286007426827,1.0386010457131738,0.18181818181818177,0.5987821959218932,0.9574500198014824,162.74970680329992,1,1
3457,case33bw,test,58,1,150,3,0.8976880579116362,1.0126716414743249,0.06060606060606055,0.6915465489247952,0.9734480007190758,43.75043653997421,1,1
3458,case33bw,train,18,8,114,0,1.2085876371547195,0.9782916278596346,0.0,0.6067297764287016,0.8628042181073968,232.83600753368174,0,1
3459,case33bw,selection,8,13,114,3,0.983111962461935,1.008567656114437,0.09090909090909094,0.11347475490281413,0.7713646392663389,488.922412982109,0,1
3460,case33bw,selection,7,5,281,2,1.2284756732665496,1.0291263261476196,0.030303030303030276,0.2685261815898656,0.9682682347078484,95.71595319904353,1,1
3461,case33bw,test,58,11,13,4,0.9299273523289576,0.9960745692282535,0.18181818181818177,0.5397839682486342,0.9113712427685899,206.27386841900682,0,1
3462,case33bw,calibration,29,6,285,0,0.8150760184146864,1.0148614307590114,0.12121212121212122,0.8685674620906054,0.9692060111054157,46.97245818143663,1,1
3463,case33bw,calibration,42,15,6,2,0.796621862907949,1.014593591585585,0.09090909090909094,0.7348230606177313,0.9543453837083462,92.95609443730635,1,1
3464,case33bw,selection,44,22,225,0,0.8532425061457356,0.9753014920722346,0.06060606060606055,0.9269111457622664,0.91000458164789,104.64843286937744,0,1
3465,case33bw,train,24,20,148,2,0.8140384452059819,1.01028446043302,0.303030303030303,0.09010379301106591,0.8911163799577289,120.07165468540612,0,1
3466,case33bw,train,23,7,138,3,1.1928057621106731,0.9880310371142171,0.0,0.9461203789154263,0.802764809040673,276.43052260671897,0,1
3467,case33bw,calibration,36,13,272,0,1.0560906948066513,1.0321610732786142,0.12121212121212122,0.5917257436217631,0.9459044656482642,197.2396385740604,0,1
3468,case33bw,train,56,16,231,3,0.8883206999387651,1.0027904999827413,0.12121212121212122,0.7272741866340244,0.9498274654820851,80.23688132430038,0,1
3469,case33bw,selection,15,14,20,1,0.7386996318724847,0.9867139078605687,0.030303030303030276,0.7935283456569672,0.8906685126961875,131.49936399613838,0,1
3470,case33bw,train,1,17,174,5,0.7853742058511651,0.9981888228529321,0.12121212121212122,0.5984461971409043,0.9625216621229263,41.409936246898845,1,1
3471,case33bw,test,58,18,228,1,0.8075960815600103,0.9772329804478951,0.06060606060606055,0.31810937702458497,0.9267780012157657,72.22330804169898,0,1
3472,case33bw,selection,12,20,308,5,0.9275930541337977,0.9803460461045639,0.18181818181818177,0.47117309648684347,0.9338268961027524,79.91469097530874,0,1
3473,case33bw,train,3,23,322,1,1.221646604126885,1.029216886773098,0.06060606060606055,0.6963513179460963,0.9369470553311104,198.6109358294044,0,1
3474,case33bw,test,16,1,208,1,1.001880172437022,1.0429278032094649,0.12121212121212122,0.27241105622014206,0.9828534958753621,57.05091850701751,1,1
3475,case33bw,selection,8,2,291,0,0.7286308046990354,1.0325368294026962,0.1515151515151515,0.524654622603298,0.940728713609131,75.06215043076281,0,1
3476,case33bw,train,54,19,218,2,1.1043095750003122,0.9859544424270296,0.0,0.6250183454258874,0.9183295908700351,129.49476696601602,0,1
3477,case33bw,train,57,19,289,6,1.0885601286490176,0.9896764602130524,0.18181818181818177,0.8445660154875271,0.9212875503840147,133.75663521214122,0,1
3478,case33bw,train,37,11,236,4,1.2256103229033803,1.0014041588068558,0.24242424242424243,0.6015474402558595,0.7200746832864501,1069.6372880931108,0,1
3479,case33bw,calibration,36,2,201,0,1.2441779764121292,1.001409107559432,0.030303030303030276,0.21288477923953492,0.9470585651040295,79.6580854099341,0,1
3480,case33bw,train,34,13,232,0,0.7320929637514109,1.0190463121766529,0.18181818181818177,0.29357102241359057,0.9433617252185885,77.6579702727134,0,1
3481,case33bw,selection,15,4,143,2,0.9213840084550432,1.0185891957323405,0.0,0.19588384307197498,0.9629444362652696,45.45648353277257,1,1
3482,case33bw,calibration,11,22,37,3,0.9194380760640647,1.0219775524965087,0.12121212121212122,0.7259864026166513,0.9680664722604239,98.7381457779386,1,1
3483,case33bw,train,24,2,236,3,0.9454629375686588,0.998332358015315,0.12121212121212122,0.21411866989619427,0.8973144541169871,84.75693492850597,0,1
3484,case33bw,test,58,8,83,6,0.9974506367226429,0.979882494970168,0.1515151515151515,0.8408971191312709,0.9132286168227183,126.55075939649757,0,1
3485,case33bw,train,2,1,1,2,0.7734846325363486,0.9874184763745978,0.1515151515151515,0.43007400152561426,0.9497142583901294,42.942772018962735,0,1
3486,case33bw,train,50,1,139,0,1.1117663440953984,1.0072795606750218,0.06060606060606055,1.2264254033721635,0.9034977378101983,144.5290684750834,0,1
3487,case33bw,train,0,5,35,3,0.9263874086397015,0.998351461339243,0.24242424242424243,0.631817840503815,0.9488078864720323,68.46506168296489,0,1
3488,case33bw,test,22,9,91,5,0.9313330151346605,0.9829055785662085,0.09090909090909094,0.3424790793585597,0.9121425600564406,130.3818477463139,0,1
3489,case33bw,train,10,10,142,5,1.0294847726371168,1.0445203436734711,0.06060606060606055,0.25966271032227906,0.8718570484281045,265.241361376026,0,1
3490,case33bw,selection,53,0,313,0,1.259214875002291,1.0400704388699005,0.030303030303030276,0.6623538907867362,0.9826278023580598,121.0884287294178,1,1
3491,case33bw,calibration,28,6,201,4,1.0334942044041955,1.0436883525514482,0.18181818181818177,0.8796826919988348,0.9854789111623045,56.56177746740368,1,1
3492,case33bw,selection,8,4,304,2,0.7441744785846662,1.006521304985273,0.030303030303030276,0.7083817729650194,0.9121212399883063,79.25569835705227,0,1
3493,case33bw,test,17,18,170,4,0.794073595574493,0.9907283292340932,0.0,0.36006025056372953,0.9226003457228962,79.38508111135522,0,1
3494,case33bw,calibration,29,13,181,6,1.2559212577263097,1.0326598244812992,0.0,0.7039256643967634,0.9474176278225556,170.67212504152153,0,1
3495,case33bw,selection,44,16,108,0,0.8695934694110011,1.0114834849083794,0.21212121212121215,0.13010521635357997,0.9301889371187193,161.67479741136094,0,1
3496,case33bw,train,21,19,303,4,1.1430396975806365,1.0351163226609912,0.12121212121212122,0.9618221206425736,0.9571419392379341,154.95998103543772,1,1
3497,case33bw,train,46,8,294,4,1.0536257353384775,1.0170875623109599,0.303030303030303,0.46622224386656214,0.9573669908895596,132.8690683423444,1,1
3498,case33bw,train,38,0,148,5,1.2814157630575782,1.0340886985396438,0.06060606060606055,0.46566241877667464,0.9704479389628433,111.30150521662061,1,1
3499,case33bw,train,14,22,6,5,0.8799191649851945,0.9772031968373756,0.030303030303030276,0.2126289062067559,0.9281960281944754,73.1071055636669,0,1
3500,case33bw,train,50,11,239,2,1.2719046949063395,1.0248311291429968,0.1515151515151515,0.9991112513477567,0.824850130355993,520.2286865510296,0,1
3501,case33bw,selection,12,8,303,2,1.0982842045303995,1.040974471026694,0.06060606060606055,0.8263167293260264,0.9800908845017393,124.9060090207721,1,1
3502,case33bw,train,38,3,231,1,1.190712002460953,1.030732284933364,0.1515151515151515,0.6690283618783044,0.9798490507680092,68.59001974519933,1,1
3503,case33bw,selection,59,4,294,3,0.8811028150009834,0.9771772820053002,0.0,0.8221092142533787,0.9367916177226855,46.96831981257249,0,1
3504,case33bw,train,47,17,100,5,1.1937263715560797,1.0280303119707397,0.1515151515151515,0.8476751606949873,0.9599168420039661,156.02588400672687,1,1
3505,case33bw,train,32,22,365,3,1.1782342212309664,1.0365311809213367,0.06060606060606055,0.25749924512796285,0.8685691410960216,294.20634250480055,0,1
3506,case33bw,calibration,28,4,131,0,1.1476435057652468,1.036239934178526,0.06060606060606055,0.36743406605984086,0.9758450008839582,61.872927306358335,1,1
3507,case33bw,calibration,33,19,339,4,1.267657625539023,1.0269944489853702,0.09090909090909094,0.6916179434387504,0.8710424447244537,305.66026492982235,0,1
3508,case33bw,train,55,8,321,6,1.1828333914461124,0.9823137279181494,0.0,0.10426598610921466,0.9047010845342351,177.79667256971027,0,1
3509,case33bw,test,17,20,29,2,1.2336892405827067,1.0069106380452826,0.1515151515151515,0.38797786355263,0.8750485153778634,290.0459168669149,0,1
3510,case33bw,train,48,16,118,3,0.9657915774095739,1.0072445890845074,0.06060606060606055,0.8057771427328029,0.95280862534655,108.86670290659269,1,1
3511,case33bw,train,47,3,212,2,1.0690998313092177,0.9855960953864649,0.0,0.2055371296615612,0.9507257376981395,43.82172209238556,1,1
3512,case33bw,train,23,22,248,3,1.2291878109693746,1.0300318876071275,0.12121212121212122,0.25607466697508946,0.8310834412689861,313.8675025466114,0,1
3513,case33bw,test,16,18,183,3,0.7471115622133468,1.0296236673875236,0.06060606060606055,0.1880762772043227,0.9688873612975699,57.46112282440155,1,1
3514,case33bw,train,32,4,255,6,0.9592655365362412,1.024364834426857,0.0,0.9455983149613018,0.9512551601469523,55.027002703747456,1,1
3515,case33bw,test,52,5,353,0,1.1659300337689344,1.0354199208953716,0.12121212121212122,0.5348536932511941,0.9195870128681654,179.33922604255594,0,1
3516,case33bw,train,32,0,54,5,1.2412205688160522,1.0429539532182126,0.030303030303030276,0.47029317511973223,0.9077227267434512,194.66906759306138,0,1
3517,case33bw,calibration,27,11,336,4,0.723917559353562,1.034760966616443,0.0,0.41218633967200113,0.9374958134493959,123.94366417430012,0,1
3518,case33bw,calibration,43,17,103,3,0.7867535099052783,1.0189452026770454,0.21212121212121215,0.6022841200661989,0.9750899342868217,63.00933593293459,1,1
3519,case33bw,train,50,17,68,0,0.9344115968023272,1.0422591681751496,0.030303030303030276,0.2619729624620652,0.9098637875458371,235.6682839628912,0,1
3520,case33bw,calibration,42,10,19,3,1.1821350622634899,0.9955106505867597,0.030303030303030276,0.6308560496387956,0.8977706464183249,255.12185276859756,0,1
3521,case33bw,train,2,11,41,5,1.237374480123928,0.9815309765842457,0.12121212121212122,0.5733294650272039,0.887495289340468,247.28884866588433,0,1
3522,case33bw,calibration,36,4,251,6,1.297730758205714,0.9943177854679782,0.21212121212121215,0.3186288321749007,0.9357768302379875,90.88722780082115,0,1
3523,case33bw,train,24,2,339,1,0.8950789297187178,1.037704983031595,0.09090909090909094,0.33406554653053977,0.9329911502225424,93.06660578503599,0,1
3524,case33bw,calibration,41,23,279,4,0.7384164387618336,0.9929112152609273,0.12121212121212122,0.5139431756008642,0.9141623236867438,81.00130997401453,0,1
3525,case33bw,train,10,12,195,3,0.9504295562803555,0.9876051060658666,0.12121212121212122,0.2674948312239316,0.805311561675156,295.4910613771985,0,1
3526,case33bw,test,19,18,328,3,1.1464268217153148,1.0180029012522105,0.18181818181818177,0.6072649343895566,0.9227141063564939,198.11044161111812,0,1
3527,case33bw,train,54,19,49,3,1.1132099158097697,1.0194237097744816,0.06060606060606055,0.1451420785123274,0.9384009207331884,194.09826524135354,0,1
3528,case33bw,train,23,3,319,3,1.1811129357445909,1.0415145701981678,0.06060606060606055,0.45179501303270403,0.9039088029612509,153.62301940623715,0,1
3529,case33bw,train,10,7,188,6,0.8077854047863013,1.0134846519633163,0.1515151515151515,1.184507715791522,0.9130744135381967,91.07476551066709,0,1
3530,case33bw,calibration,29,8,103,5,1.2780393315518876,0.9894527831950689,0.18181818181818177,0.9492676691618388,0.895544999924522,217.3670799011199,0,1
3531,case33bw,train,40,19,144,5,0.8203652384996513,1.0043840458265714,0.0,0.802646181446177,0.9143524419238869,104.38639674506373,0,1
3532,case33bw,train,35,11,6,5,1.214433163453695,1.0104417105148105,0.12121212121212122,0.4366598452370262,0.8944079393756424,365.92364131565125,0,1
3533,case33bw,train,38,22,286,3,0.8110177062227119,1.0380827122949066,0.18181818181818177,1.1415026845633525,0.9861257687306013,73.95256038151004,1,1
3534,case33bw,test,58,12,123,4,1.0214617546325218,1.04463398263264,0.1515151515151515,0.5023921520708167,0.972203712401173,153.5953148198701,1,1
3535,case33bw,train,54,10,199,0,0.762166087231512,1.0159106998913225,0.18181818181818177,0.30060383966920917,0.9647049671189756,73.14636245487047,1,1
3536,case33bw,selection,12,13,244,4,1.0761787117927755,1.032940642522049,0.09090909090909094,0.1052338905589574,0.9762348459535525,112.23676838400571,1,1
3537,case33bw,test,19,12,115,4,1.2755100929252312,1.0239594830935594,0.09090909090909094,0.5219027659257833,0.9113410829549681,272.09972090508495,0,1
3538,case33bw,train,51,18,256,6,1.1836094909089223,0.9974199674713531,0.09090909090909094,0.24440906164534376,0.8609926667511016,246.0134912925241,0,1
3539,case33bw,train,32,12,20,2,1.1550347433266224,1.0093267592350497,0.06060606060606055,0.7424726282286298,0.771090465945759,571.2689934090847,0,1
3540,case33bw,selection,44,4,188,2,1.0131888389639179,0.9827281772256425,0.18181818181818177,0.4708513052514342,0.9281478238339881,73.57044708685923,0,1
3541,case33bw,train,1,18,37,6,1.076838693487312,0.9865924836062301,0.18181818181818177,0.7008535075634333,0.920790306458143,130.27720507221304,0,1
3542,case33bw,train,45,6,332,6,1.0218841703746366,1.007553515933992,0.12121212121212122,0.7604665915017753,0.9429703045398232,103.01680259446604,0,1
3543,case33bw,train,57,17,12,1,0.7369180488536122,1.0212518221318467,0.06060606060606055,0.4337357949754637,0.9645241836429291,88.85005114040473,1,1
3544,case33bw,train,35,22,267,1,1.182772644143868,1.0189772994961057,0.1515151515151515,0.12860249569209525,0.9403476579597734,160.32975982114726,0,1
3545,case33bw,train,0,6,44,6,1.2748023786462135,1.0126056053174741,0.12121212121212122,1.0379363605423784,0.9406860770182931,139.52175438962198,0,1
3546,case33bw,calibration,43,9,316,3,0.929005126744022,1.0435113625259647,0.24242424242424243,0.47950470398096895,0.9856361659656001,105.45375916748549,1,1
3547,case33bw,calibration,43,10,350,6,0.7365055314969506,1.0109565564768959,0.12121212121212122,0.17764052232621694,0.9648968968772376,70.71561848955236,1,1
3548,case33bw,train,3,17,269,2,1.01789479415023,0.994798577838137,0.1515151515151515,0.6256941656935259,0.919508708663403,140.10011953369394,0,1
3549,case33bw,calibration,11,8,351,4,0.9799097726980501,0.9813370188948831,0.12121212121212122,0.21930073555265006,0.9141937233012428,138.06578603866768,0,1
3550,case33bw,train,35,19,221,0,0.7687061749656233,0.9846461938716184,0.030303030303030276,0.1692335176642665,0.9369903159390558,61.509734738118254,0,1
3551,case33bw,train,13,11,8,1,1.0129715492688676,0.9955956378211681,0.030303030303030276,0.5433837048924633,0.9179530729858043,181.92722458307475,0,1
3552,case33bw,selection,59,5,21,4,0.7847098592971454,1.0380911510603283,0.21212121212121215,0.3899905372669094,0.9961800858628337,49.76043851887971,1,1
3553,case33bw,train,47,6,285,6,1.2097515855810028,0.9790830748321561,0.09090909090909094,0.28960296146849857,0.9294865021607501,87.60273780972157,0,1
3554,case33bw,train,10,9,338,0,0.972969948624432,1.0075777601015836,0.21212121212121215,0.44876421300915437,0.7613156322722674,523.0514899555153,0,1
3555,case33bw,test,25,3,207,3,1.2035699483154116,1.0291716228821488,0.030303030303030276,0.15694971226475027,0.9255722686460811,92.83092996200489,0,1
3556,case33bw,test,16,8,232,6,0.9926119328835246,1.0260977798164779,0.06060606060606055,0.2847621663673273,0.9501523024055656,91.48182835987922,1,1
3557,case33bw,test,19,10,218,0,0.7464024460746771,0.9834448182023868,0.12121212121212122,0.7669518507512959,0.9260531149660163,71.60612090537684,0,1
3558,case33bw,train,54,3,137,1,0.8821941048317492,0.9905336348360357,0.030303030303030276,0.2883951169558626,0.9546617885676305,38.178782851259434,1,1
3559,case33bw,train,57,5,228,6,1.290976889299684,1.037222638378323,0.21212121212121215,0.352711597945568,0.9900585060402916,64.71785725398405,1,1
3560,case33bw,train,10,2,250,2,1.0838132996779795,1.0344983850222222,0.0,0.5336466029072183,0.9185100929853993,120.65936856060802,0,1
3561,case33bw,test,5,11,330,4,1.250826674771727,1.0280654131045492,0.030303030303030276,0.12162320370948741,0.7036829979380788,2687.441769497541,0,0
3562,case33bw,test,17,6,148,3,1.1728052323615332,0.9949772626591622,0.0,0.14022122002269186,0.9123544660622389,111.81190624347497,0,1
3563,case33bw,train,37,11,218,0,1.0056785846169838,1.0224949651288622,0.12121212121212122,0.4251888437506608,0.8188198963641614,577.8913023444155,0,1
3564,case33bw,test,5,7,340,1,1.126241164518167,1.0070062220994656,0.06060606060606055,0.37944877431934504,0.6260964334381939,1336.0673603723897,0,1
3565,case33bw,train,10,0,24,0,0.8732721766556604,0.9907946940699515,0.06060606060606055,0.252845821332623,0.8509847040491973,175.37963585828234,0,1
3566,case33bw,test,58,8,15,3,0.8518062229138805,1.0285336746656282,0.09090909090909094,0.9001082162865153,0.9666017261233788,107.67003975940082,1,1
3567,case33bw,train,51,7,282,6,1.2647989106293196,1.0331318856576752,0.1515151515151515,0.41725925480666576,0.9041154427350332,224.530116379507,0,1
3568,case33bw,calibration,28,12,89,6,1.1716801753572847,1.0323362751559424,0.0,0.41117330592161233,0.9093784613608638,244.83269746898796,0,1
3569,case33bw,calibration,33,1,338,5,1.0952242212166703,0.9781532306336542,0.1515151515151515,0.42786436071486716,0.8862184877165074,111.11394327957665,0,1
3570,case33bw,train,13,9,69,2,0.8955776431719412,1.0331856266594077,0.12121212121212122,0.5273088387292485,0.9765479398769186,99.47873800901979,1,1
3571,case33bw,test,5,2,176,0,1.1554260423015454,0.9803315545526313,0.030303030303030276,0.1550608615007956,0.7821132484652845,365.84636899335266,0,1
3572,case33bw,test,19,1,3,6,1.003668935606953,1.0157398287417152,0.12121212121212122,0.655777224274604,0.9527890559233076,83.73262977436264,1,1
3573,case33bw,train,18,13,112,4,0.8823101076496176,1.036944618561959,0.0,0.8254019136848401,0.9509598947989414,133.63655935625252,1,1
3574,case33bw,test,22,8,9,0,0.8990468493645827,1.0407580143650226,0.030303030303030276,0.3150398433829233,0.9726867699368457,119.86880792424115,1,1
3575,case33bw,calibration,33,4,291,0,1.1903034342623386,0.9797850414552548,0.030303030303030276,0.8700108819055506,0.8855641240078528,113.63098692420057,0,1
3576,case33bw,calibration,27,10,20,3,1.029547054110114,0.9902999679382241,0.0,0.42733835045229907,0.8429649697273824,293.5364716462726,0,1
3577,case33bw,selection,44,6,9,6,1.0742102465922914,0.9889276684844036,0.0,0.22581604359333973,0.9065854021459844,162.80400498565135,0,1
3578,case33bw,selection,7,14,4,6,1.2090625419047552,1.020275526948903,0.0,0.5953078360690274,0.9165301246651286,259.2214467716691,0,1
3579,case33bw,train,0,2,99,5,1.048652504576036,1.0240585825511548,0.12121212121212122,0.9758014547331431,0.977008282013915,61.73094224103264,1,1
3580,case33bw,train,26,7,77,6,0.9642803692794906,1.026195415587502,0.09090909090909094,0.5275073535004811,0.8947239383732263,155.0656487824026,0,1
3581,case33bw,train,50,15,347,0,0.9887248843017077,1.0418743807273139,0.0,0.8372992556886323,0.879648495107423,358.33394664404017,0,1
3582,case33bw,train,55,22,272,4,1.2373694469826642,0.9944782121755736,0.030303030303030276,0.6141209058338126,0.9215854142789898,156.87604995111624,0,1
3583,case33bw,selection,8,20,154,6,0.831082804824759,1.0188421190531365,0.12121212121212122,0.8517225315784761,0.8902757724139917,148.0902457749998,0,1
3584,case33bw,train,1,0,23,0,0.7632585705023124,1.039037880020623,0.09090909090909094,0.24371391168616516,1.0003077992154816,45.03043334517728,1,1
3585,case33bw,selection,12,14,118,1,1.044768014623033,1.031068840358635,0.09090909090909094,0.8440606026378913,0.9705585377977921,127.03834625091015,1,1
3586,case33bw,test,39,9,237,3,0.7319261377148939,0.9817727641382176,0.09090909090909094,0.8146669210172779,0.8825361275800298,127.45211624847164,0,1
3587,case33bw,train,32,15,125,1,0.9538751246150395,0.9790396236053706,0.09090909090909094,0.9080977205225723,0.8277409435737793,243.6216507727393,0,1
3588,case33bw,test,39,18,184,1,0.9981934088187906,1.0376921138322537,0.18181818181818177,0.566162012442011,0.9232029833748981,170.4096945095213,0,1
3589,case33bw,selection,44,8,252,5,1.2251314083748719,1.0202240960714632,0.2727272727272727,1.163040561254721,0.9258366174018354,214.5828168680096,0,1
3590,case33bw,calibration,36,8,204,3,0.9593634514232939,1.009899973757917,0.030303030303030276,0.8871251526142909,0.9458476444136086,110.87174335491702,0,1
3591,case33bw,train,6,5,50,5,1.0626687457112678,1.0179464893847772,0.12121212121212122,0.42521474692279004,0.9599494518773989,82.66412992548655,1,1
3592,case33bw,selection,12,20,339,4,0.8779699526137896,1.004146512810327,0.06060606060606055,0.4228408179384528,0.9530798599863329,90.56494054665956,1,1
3593,case33bw,calibration,43,5,196,4,0.8516431811938213,1.0382016549395963,0.06060606060606055,0.820444117531154,1.0093929810776034,25.48516085541159,1,1
3594,case33bw,selection,44,17,116,2,0.766931742800102,0.9831231440282994,0.030303030303030276,0.3726622871897193,0.9105248204668432,125.1812703082501,0,1
3595,case33bw,test,5,11,144,2,0.9626211920171494,0.9971143782844171,0.21212121212121215,0.8441837613640142,0.593193862564081,1490.5230230461016,0,1
3596,case33bw,train,47,3,356,2,1.1901284980358908,0.9931515334535196,0.21212121212121215,0.5788109197723043,0.942312030278975,93.1280707552125,0,1
3597,case33bw,test,39,1,157,3,0.9834097036852198,1.0276563515950736,0.0,0.6267737646002264,0.9439222693576652,93.34149280321417,0,1
3598,case33bw,train,55,5,124,6,1.0162805944706417,0.9917965440021249,0.030303030303030276,0.5614094107202002,0.9488743149418433,55.39584148654002,0,1
3599,case33bw,train,23,12,161,3,0.8888919779855247,0.9981889158924766,0.24242424242424243,0.9004730138563791,0.8329775208026533,220.96252781945486,0,1
3600,case33bw,selection,4,7,256,6,0.9865944484335456,1.0187766222101802,0.0,0.49978927532655204,0.9567072345057279,91.39628950136347,1,1
3601,case33bw,selection,53,9,319,6,1.102309278567021,1.0350869163388294,0.24242424242424243,0.5959932980681705,0.9691452454203314,148.09905291858212,1,1
3602,case33bw,train,56,3,100,4,0.958790803541581,1.000942128807383,0.303030303030303,0.4436041696854547,0.957871995828626,55.14381225937573,1,1
3603,case33bw,train,47,19,332,4,1.269914418558115,0.98615564871751,0.0,0.8508452510052589,0.9026908271235952,244.32006844030172,0,1
3604,case33bw,test,17,4,29,5,1.0839793199642251,1.011612279393832,0.0,0.8077728934176082,0.9433533562795197,78.38251123294918,0,1
3605,case33bw,train,14,19,223,0,0.9494557929412768,1.0283331740504387,0.1515151515151515,0.7351974956610349,0.9793002906422033,72.39531161714972,1,1
3606,case33bw,train,13,23,3,0,1.2008009828003543,0.9930175472956463,0.18181818181818177,0.701399792720339,0.9260461927673691,136.3859590784623,0,1
3607,case33bw,train,54,9,37,6,0.8444947005449984,0.9821853258838774,0.12121212121212122,0.5157395781107517,0.9147317286426125,129.40775370455654,0,1
3608,case33bw,train,32,10,103,1,0.8808577181338417,0.9978747426690358,0.0,0.4547741979258091,0.8585814758534944,209.00362524322196,0,1
3609,case33bw,selection,44,18,148,4,1.2428679138408283,1.0044299943594446,0.06060606060606055,0.5579932917891101,0.8910394941724772,306.67237295375094,0,1
3610,case33bw,selection,44,14,37,5,0.886032359347281,1.014480839027756,0.0,0.13205218425683996,0.9214831131559064,212.29630131973641,0,1
3611,case33bw,test,19,17,117,3,1.0504524990740496,1.0229225762790257,0.1515151515151515,0.9156104506505812,0.9469813346051533,124.96496336371402,0,1
3612,case33bw,train,2,20,114,3,0.8534710470713476,0.9861229372926048,0.12121212121212122,0.9266525224978887,0.937734433953174,70.32320960397672,0,1
3613,case33bw,test,52,4,8,2,0.8909419170173388,0.98264608140485,0.030303030303030276,0.8746936775553931,0.8961301610409688,102.03167290533325,0,1
3614,case33bw,calibration,42,5,105,5,0.9829761577744351,1.0188095250046838,0.030303030303030276,0.1487361607575076,0.9774985339596522,43.57151863181698,1,1
3615,case33bw,train,24,13,267,5,1.0916979124734918,0.9979172039409933,0.09090909090909094,0.8444928485170602,0.7859168074967738,366.85241401626934,0,1
3616,case33bw,train,45,2,138,4,1.20197257413651,0.9998881197096225,0.030303030303030276,0.6474573987437506,0.9429900191947667,84.56274206187695,0,1
3617,case33bw,calibration,42,12,211,3,1.1197417363822018,1.0160177737977643,0.030303030303030276,0.9127219062427443,0.9456613268539833,138.83773300661005,0,1
3618,case33bw,train,35,22,45,4,1.0360406463217255,1.027209219289308,0.0,0.34830707771259606,0.9512827259461765,158.04397281278818,1,1
3619,case33bw,test,17,0,55,0,0.7371742166849261,0.9867746004283572,0.1515151515151515,0.23666914032271785,0.9284183525493939,58.79845611171969,0,1
3620,case33bw,selection,59,13,76,5,1.0361442506700704,1.0122875667258056,0.09090909090909094,0.38488539459801274,0.9328049645178946,177.76879077741964,0,1
3621,case33bw,train,31,18,158,2,0.9678489528584785,1.023327272692719,0.18181818181818177,0.30921193980477496,0.8854652028127515,177.77859801856548,0,1
3622,case33bw,test,22,2,18,1,0.8512774010458168,1.0416006454146998,0.06060606060606055,0.15745984322519158,0.9980804717281212,51.62476497985982,1,1
3623,case33bw,calibration,29,11,129,3,0.7754670908417215,1.0079670136528924,0.1515151515151515,0.8268864648771157,0.9440354213254263,96.25185377379013,0,1
3624,case33bw,train,38,23,157,0,0.8425272440943722,0.9896444819937321,0.1515151515151515,0.8926398723508675,0.9423661840360826,61.915567140292744,0,1
3625,case33bw,train,0,20,151,6,1.2191577996889376,1.0213740211751499,0.06060606060606055,0.5493601706738618,0.950852833571702,132.18122416077057,1,1
3626,case33bw,calibration,36,9,279,2,0.7330824703513394,1.0107076093356124,0.06060606060606055,1.0834764606639946,0.9533433019498992,88.16567884306859,1,1
3627,case33bw,train,24,10,357,5,0.7216898310381067,1.0134622342054624,0.0,1.1071070770229654,0.8691528386690258,172.6480868108644,0,1
3628,case33bw,train,51,20,119,5,0.7877412216408952,1.0333131109115907,0.030303030303030276,1.092987987839572,0.9456447512648846,101.0133828343569,0,1
3629,case33bw,test,17,4,147,4,0.7387630247350895,0.9919037518319501,0.09090909090909094,0.4719367487644386,0.9511468936747381,28.23361303746986,1,1
3630,case33bw,calibration,11,12,192,4,0.9963041071611761,1.0447815736725998,0.06060606060606055,0.7723336126518838,0.9845731927037408,106.72184683229621,1,1
3631,case33bw,train,57,20,90,4,1.06207714071142,1.0433058342912551,0.09090909090909094,0.39382485702990866,0.9724619776719967,142.47810232511543,1,1
3632,case33bw,train,35,16,357,5,0.8628013002190182,0.9843309630648006,0.12121212121212122,0.9919564736418028,0.9119587879045786,136.1204456569243,0,1
3633,case33bw,test,58,17,89,1,1.2994507279129395,1.0329402713199016,0.21212121212121215,0.4161939807097673,0.9394594452969919,240.88549388877055,0,1
3634,case33bw,train,9,23,127,2,1.0701128157763973,1.0290555713021245,0.06060606060606055,0.8244714403046223,0.858744804386265,256.31045752994345,0,1
3635,case33bw,train,57,21,277,0,0.7850252516869797,1.0124409179171345,0.12121212121212122,0.41275480458021707,0.967302084627394,59.098613106424246,1,1
3636,case33bw,train,6,0,311,3,1.0104545119034565,1.004115328712928,0.12121212121212122,0.12792770287979083,0.9395769200996227,103.98925170145112,0,1
3637,case33bw,train,32,22,79,5,0.9135295395768253,0.9885049282326218,0.030303030303030276,0.23451038196108287,0.872674328124617,142.47439514714526,0,1
3638,case33bw,train,1,5,102,1,0.8723728293082644,1.0398437763400723,0.18181818181818177,0.15227674680134942,1.0054381519029774,36.137531702199226,1,1
3639,case33bw,selection,15,0,278,4,1.0644709797407617,0.9755846486902577,0.0,0.7341529884042658,0.8876208012417341,115.25387962176214,0,1
3640,case33bw,calibration,41,15,264,1,0.9194823808045212,0.9836908285467358,0.09090909090909094,0.34578725653345577,0.8670766356017385,179.68076395362058,0,1
3641,case33bw,train,26,2,132,1,0.769887604601133,0.9941792014974922,0.1515151515151515,0.3691072048170154,0.9178387217888877,52.819613397193415,0,1
3642,case33bw,calibration,29,14,257,4,0.9734579425866517,0.9827607802294989,0.09090909090909094,1.11182016880915,0.9075684119875874,143.76730243764155,0,1
3643,case33bw,calibration,33,3,261,4,1.2214762771781391,1.0420331954096183,0.1515151515151515,0.8178637254112361,0.9632143286339359,80.95447697511173,1,1
3644,case33bw,selection,7,18,118,5,1.2291238855754139,1.0059412046681446,0.06060606060606055,0.6410465764802851,0.9247051826992116,170.1134743976182,0,1
3645,case33bw,train,26,17,24,1,1.2424116626578043,0.9771779622476954,0.0,1.2132991775058046,0.7253453844572132,551.9744318915542,0,1
3646,case33bw,train,49,8,348,4,0.9381436098313104,1.0433298457765052,0.06060606060606055,0.7390119081967009,0.9520341017983917,199.46671955094675,1,1
3647,case33bw,train,32,19,21,0,0.9616994960989612,1.0057220638392417,0.09090909090909094,0.5042235750850568,0.854615540460818,231.40475939494002,0,1
3648,case33bw,test,5,16,14,2,0.9422288425101386,0.9998332151998488,0.1515151515151515,0.4274219057074147,0.5847887625624764,1598.7439849294626,0,1
3649,case33bw,selection,4,21,211,3,0.8571535026748982,1.0251393338587895,0.030303030303030276,0.3529738283636612,0.9644268077095323,90.94589588166518,1,1
3650,case33bw,calibration,29,3,8,6,1.117485965432048,1.0259173746110355,0.030303030303030276,0.4572362849146504,0.9689898510433927,74.51634831774923,1,1
3651,case33bw,test,5,10,251,6,1.2460074472050606,1.0241911828299417,0.0,0.3566693080872353,0.2658444965084937,5234.56659845081,0,0
3652,case33bw,train,10,8,355,4,0.7832525345715913,1.0148792423676056,0.06060606060606055,0.2001422470880745,0.8655928690167505,201.7056959355189,0,1
3653,case33bw,test,39,18,334,3,1.228022665604299,1.009566457580889,0.24242424242424243,1.1433200884278625,0.8257826732852481,445.6360388136196,0,1
3654,case33bw,calibration,28,19,333,1,0.9849963528930435,1.0012562282663529,0.09090909090909094,0.38124941795781003,0.8985247019974241,176.16827050613176,0,1
3655,case33bw,selection,4,0,60,2,1.0522050682669792,1.0082209235620907,0.1515151515151515,0.4203422550933452,0.926041282121643,153.79693876653275,0,1
3656,case33bw,train,38,8,129,5,1.0268845979262138,1.004251717340856,0.09090909090909094,0.8094693840099578,0.9407508229249957,103.73539129268536,0,1
3657,case33bw,selection,59,23,334,2,0.7221353308952504,1.019436539539734,0.1515151515151515,0.49995665465970185,0.973930631333109,61.179144924409876,1,1
3658,case33bw,train,35,1,28,5,1.249704444006892,1.018476083831491,0.0,0.23752440990020401,0.9448602221614596,141.95703530057486,0,1
3659,case33bw,selection,59,11,311,5,1.0589756515063515,1.0447557614737366,0.06060606060606055,0.7246598362597628,0.9617436294470898,196.54967786831887,1,1
3660,case33bw,train,37,2,288,4,1.0060143737549465,1.0075991964623858,0.1515151515151515,0.22099444787038405,0.8833589172130467,214.96354154424475,0,1
3661,case33bw,train,23,0,192,1,0.7994858523219969,1.0165202091380343,0.030303030303030276,0.9869748137498546,0.9174310296054405,78.7491393892836,0,1
3662,case33bw,train,38,15,306,5,1.1372596099448429,0.9845446883784812,0.06060606060606055,0.7659503058800531,0.8984083786716207,198.45345575331913,0,1
3663,case33bw,train,47,1,304,3,0.934613493328156,0.9909594588144955,0.0,0.7803312503032327,0.9515618473624541,57.763781093421656,1,1
3664,case33bw,train,26,23,269,2,1.2150091011328115,0.999345342317507,0.030303030303030276,0.4847596207618957,0.8249606545711459,261.26298413141024,0,1
3665,case33bw,selection,4,3,5,4,1.1953298291385002,1.0181643031021947,0.030303030303030276,0.4519330458707507,0.945668751089734,123.06879034593032,0,1
3666,case33bw,test,19,9,334,0,0.7972401859921006,1.0029779693623486,0.21212121212121215,0.26916565694218353,0.9317118393870805,107.4708229028647,0,1
3667,case33bw,selection,7,9,154,1,1.1027016334247275,0.9811837160135408,0.09090909090909094,0.6014066899654296,0.899216196618183,170.42348024450007,0,1
3668,case33bw,calibration,42,0,351,4,0.8659632000075629,1.0439573776521174,0.12121212121212122,0.28390863984909015,0.9976406922887946,54.85407763176305,1,1
3669,case33bw,calibration,43,20,44,3,1.2948488508462457,1.0077833221249326,0.0,0.7840289235440638,0.9247624238167943,217.1474298453393,0,1
3670,case33bw,train,13,8,267,4,1.2050113606038373,0.9989396387620403,0.12121212121212122,0.31000487253949416,0.9374188971182568,123.23937537738091,0,1
3671,case33bw,calibration,41,10,119,5,1.2069366798095171,1.035422120263568,0.24242424242424243,0.7290349160166445,0.8816999708810458,315.3490973027606,0,1
3672,case33bw,train,2,13,219,6,0.8760522217898967,0.9768509750603874,0.06060606060606055,0.6772635117712432,0.9251113808033667,75.37442461264703,0,1
3673,case33bw,train,47,7,134,4,0.9113131535770208,1.0200746407597339,0.2727272727272727,0.23604229337928895,0.9784358485624449,64.22113752652717,1,1
3674,case33bw,train,1,6,190,3,0.8115333987539018,1.0190908029425774,0.06060606060606055,0.258611101357661,0.9858405554721522,31.759762329994814,1,1
3675,case33bw,train,56,6,333,5,0.8395914228271345,0.9929913710065373,0.303030303030303,0.9227037375602455,0.9500896837820364,52.808491845462896,1,1
3676,case33bw,train,31,21,60,3,1.07489939034301,0.9937696086360931,0.030303030303030276,0.18039237154524357,0.8014946588911194,340.71073221759013,0,1
3677,case33bw,train,1,7,322,6,0.7408753896547884,0.9939124245948299,0.12121212121212122,0.7345250467129539,0.9586724056536027,39.43815480928214,1,1
3678,case33bw,train,30,21,67,3,1.2662930540174775,1.003435112866164,0.18181818181818177,0.5417781378032025,0.7427757492316397,528.5889619060487,0,1
3679,case33bw,train,38,12,348,1,0.8628902659550284,1.0440105582016819,0.06060606060606055,0.2634133578418086,0.9646725638870899,163.15772930940253,1,1
3680,case33bw,train,46,14,183,0,1.2925276194501674,1.0010537997233993,0.09090909090909094,0.6332108488807703,0.92898966690348,190.17380744370405,0,1
3681,case33bw,train,13,18,86,4,0.831711701946492,1.0035846037649412,0.0,0.6100992432478468,0.9556927638997686,69.28809325481808,1,1
3682,case33bw,test,5,11,151,1,0.9579403641845095,0.9753225091272891,0.18181818181818177,0.6256013424981887,0.5411755278125355,1747.1363947746927,0,1
3683,case33bw,train,56,14,243,5,1.1412152924211618,1.0238882736951265,0.1515151515151515,0.5375498620135905,0.9553309583123482,134.2687205577852,1,1
3684,case33bw,train,46,6,51,0,1.1525484442453537,0.9861739584687503,0.12121212121212122,0.7188174927980632,0.9267419805479375,124.05077101133124,0,1
3685,case33bw,train,50,20,205,6,1.0756656227957553,0.9885311821678205,0.1515151515151515,0.2174502760424882,0.868662382745413,193.77114010694547,0,1
3686,case33bw,calibration,33,11,61,6,0.905350956607926,1.0324539308847955,0.09090909090909094,0.3890364528225336,0.9175492035800294,170.17010528479653,0,1
3687,case33bw,train,24,7,99,2,0.8017138404238522,0.9881672867524455,0.0,0.24047715117779797,0.8513414260643032,151.78533010367133,0,1
3688,case33bw,train,45,19,303,1,0.9954478537165785,0.9931936345818612,0.06060606060606055,0.8822208823673167,0.912466255265222,168.81094177838068,0,1
3689,case33bw,train,56,21,55,0,1.1508997045067053,1.031762055624113,0.0,0.6891234443545248,0.9506005059457465,184.84346525812919,1,1
3690,case33bw,calibration,28,15,131,2,1.0044214548379338,1.0224956007799109,0.030303030303030276,0.5084090920468946,0.9298749233717098,141.94836653853406,0,1
3691,case33bw,test,22,23,348,1,0.7703084370760414,1.0110610608930937,0.030303030303030276,0.201588865634128,0.9614166881494746,64.97806155534609,1,1
3692,case33bw,train,32,18,232,3,0.7601642092278723,1.0228000287128984,0.1515151515151515,0.79125465793175,0.9307894611245988,89.56206978705028,0,1
3693,case33bw,selection,15,8,355,1,1.043218597160514,1.0207818920405256,0.12121212121212122,0.4082425942634424,0.9046899281611644,199.0987004865176,0,1
3694,case33bw,train,45,12,97,5,0.73453927489592,1.0316197209675628,0.030303030303030276,0.5218066435859378,0.9690934400202251,101.5114893383387,1,1
3695,case33bw,train,49,23,120,4,0.737904131630947,1.0204599607975022,0.030303030303030276,0.3038634025415485,0.9609790855288942,82.75751730646944,1,1
3696,case33bw,train,56,15,356,5,1.0876209098802452,1.0366368797986873,0.09090909090909094,1.2079098651973803,0.9608952052496073,167.14092026389613,1,1
3697,case33bw,train,2,12,236,4,1.2559067615669104,1.023014860481364,0.09090909090909094,0.8718580956955881,0.9471762095033596,166.88363840730025,0,1
3698,case33bw,train,6,2,40,1,1.2917604871750399,1.0359901739204485,0.06060606060606055,0.6854376623662704,0.9640914950273981,128.74991491756654,1,1
3699,case33bw,train,10,4,215,6,0.950934018069772,1.015723177139234,0.21212121212121215,0.9487103836378736,0.9277615673391559,69.49597511135447,0,1
3700,case33bw,train,10,12,279,5,0.8051761475330292,0.9902605416684206,0.18181818181818177,0.513359336846078,0.8340524632740142,216.76588685877428,0,1
3701,case33bw,test,22,22,245,2,0.9761284782600469,1.007598722424975,0.0,0.2425516901199127,0.9519805207671215,81.04064135091221,1,1
3702,case33bw,train,37,23,350,5,0.9032409809227463,1.0405076441431051,0.030303030303030276,0.6397382695825381,0.8976064284832777,285.92247837134835,0,1
3703,case33bw,selection,59,15,60,1,0.9447539052178922,1.0201365330774175,0.0,0.6584452346724365,0.9475640483907112,152.36844585479724,0,1
3704,case33bw,test,5,16,132,4,0.7687780270452288,0.981896455037053,0.030303030303030276,1.169038160332794,0.7747446057357994,404.41469548223586,0,1
3705,case33bw,train,56,6,70,0,1.1821190302447089,1.0184002227450775,0.18181818181818177,0.2952064537337528,0.9536463547488369,118.57893785836899,1,1
3706,case33bw,selection,59,3,285,1,1.2159579292277718,0.9766853673005662,0.09090909090909094,0.34877051303217,0.9232547809821641,82.81624871712548,0,1
3707,case33bw,test,39,11,115,4,1.2337017532301398,1.0366779720652404,0.0,0.6004078684173114,0.845549335135084,487.7750888707645,0,1
3708,case33bw,train,21,22,96,4,1.271611594343198,0.9961666726691981,0.06060606060606055,0.20934419592770875,0.9090378087464331,194.11341496085404,0,1
3709,case33bw,train,55,10,348,5,1.0666936657349533,1.0211712637973716,0.21212121212121215,0.6283886073651576,0.9394241851740145,194.64799608660084,0,1
3710,case33bw,train,38,8,68,6,0.923960704306179,1.008271554246417,0.1515151515151515,0.42851347474230017,0.9399334808282334,125.65533920157593,0,1
3711,case33bw,test,19,13,82,4,1.0475558567271965,1.0285147514681527,0.1515151515151515,0.49070345588551684,0.9300600918268503,207.90044354304774,0,1
3712,case33bw,train,14,0,11,4,1.2202408580796396,1.0419893422481554,0.06060606060606055,0.8887269701713912,0.9826081514599805,108.09746308062194,1,1
3713,case33bw,train,9,13,157,5,1.153289316464499,0.9972562825723479,0.1515151515151515,0.13210097311184313,0.768752278612671,462.3364234350409,0,1
3714,case33bw,train,23,14,243,4,0.9808066764544261,1.0003100569784302,0.09090909090909094,0.9103452622566723,0.7948390927500066,333.21987033276605,0,1
3715,case33bw,train,51,13,150,0,1.137380834391983,1.0282361158333115,0.030303030303030276,0.19387917804491508,0.8715214125540109,318.12854782813196,0,1
3716,case33bw,calibration,36,13,351,0,1.085514546582759,1.0069679494284949,0.0,0.5030878638525119,0.896917500651029,316.0254297382987,0,1
3717,case33bw,train,6,9,296,5,1.0112903856059356,0.9841598309240663,0.18181818181818177,0.36093314506939916,0.9055552702661085,147.41530277179848,0,1
3718,case33bw,test,5,11,292,2,1.1275577758796949,0.9865787086796978,0.09090909090909094,0.29707540837821494,0.6881838667335435,893.927859564057,0,0
3719,case33bw,train,18,15,147,6,1.0024119616329594,0.9832087574355883,0.0,0.7430929073656213,0.9045229881003005,115.79150119150923,0,1
3720,case33bw,selection,59,8,54,4,1.0178507033880124,0.9997983868112793,0.2727272727272727,0.813130562364219,0.926603624066302,145.97836801328694,0,1
3721,case33bw,train,49,23,195,5,1.0694145182942587,1.0009653353576324,0.18181818181818177,0.6868377348525009,0.9277468858607203,126.23042137792379,0,1
3722,case33bw,train,55,15,299,2,1.2270755495158003,1.0219202225277015,0.0,0.5755254115106309,0.9314843958017771,228.06255588571577,0,1
3723,case33bw,test,5,10,13,4,0.9876793206308162,1.0328770608996933,0.18181818181818177,1.0540682171901683,0.4438253750144481,3107.9470185553187,0,0
3724,case33bw,train,2,16,230,3,1.2050223952166859,0.9955986120471756,0.0,0.11112361575641819,0.9290394159911189,127.70925323256944,0,1
3725,case33bw,train,30,19,46,5,1.0439678605725682,0.9762174042706938,0.12121212121212122,0.7596261198281639,0.7613287824284792,370.01541647315685,0,1
3726,case33bw,calibration,43,15,260,6,0.9559232901608269,1.0195462064714769,0.09090909090909094,0.46151585104463544,0.9692658039773039,76.20353717210773,1,1
3727,case33bw,calibration,29,11,149,6,0.8663155131586845,0.9910987931089511,0.09090909090909094,0.7969650445381301,0.9261520408106154,102.14204641526356,0,1
3728,case33bw,selection,59,23,152,5,0.917020472363125,0.9985462414498347,0.09090909090909094,0.7621903194513577,0.9518954554667676,62.47192592484621,1,1
3729,case33bw,train,46,5,94,3,1.0243633666541667,0.9886518084377568,0.0,0.13247867284231907,0.9454469121826992,67.64013864412247,0,1
3730,case33bw,train,1,6,8,4,0.9723375770118512,0.9814259114683008,0.21212121212121215,0.20746989449148776,0.92955557128624,82.16225736080392,0,1
3731,case33bw,test,5,6,12,0,0.8011462079662555,0.984932689472611,0.12121212121212122,0.2643043604826866,0.7737876200544843,410.55041481809627,0,1
3732,case33bw,train,50,0,192,6,0.8324310236201254,0.9759717117218708,0.12121212121212122,0.6894505224971019,0.903245806873567,70.72118552067677,0,1
3733,case33bw,train,23,11,121,2,1.045663538026924,0.9901487925131522,0.0,0.4517550011641243,0.7639083251941828,414.20572681269647,0,1
3734,case33bw,train,0,2,62,6,1.0435056864191958,0.9784677869237038,0.09090909090909094,0.5074876155958079,0.9273731437961974,70.31675534990006,0,1
3735,case33bw,train,10,14,296,4,0.7378781245495503,1.0188782659884599,0.09090909090909094,0.465149276877501,0.8731757860445281,189.39648192143565,0,1
3736,case33bw,train,54,13,131,1,1.1134603851866658,1.0241822829823968,0.030303030303030276,0.7200383241334509,0.9430061412602397,191.1144931556322,0,1
3737,case33bw,train,37,4,96,5,1.1721667256773585,1.0101551093978638,0.0,0.42436348229659987,0.8826596810510698,222.68881090124736,0,1
3738,case33bw,test,58,21,178,2,1.0456358498383969,0.9858735139629823,0.06060606060606055,0.7034420263828566,0.9267297034872412,98.98281215953304,0,1
3739,case33bw,train,10,4,139,3,1.0583358758155825,1.0089423550786678,0.09090909090909094,0.31133553021427324,0.9024235475250466,103.54212941450768,0,1
3740,case33bw,train,54,16,268,0,0.7793043857071968,1.0085037608675327,0.18181818181818177,0.889160078115983,0.9595408382412335,69.77238951363708,1,1
3741,case33bw,train,0,5,274,3,0.9706912564993745,0.9960088176540236,0.18181818181818177,0.6357438170550094,0.9490424217481674,59.64714159124318,0,1
3742,case33bw,selection,53,20,6,3,1.2975281851340423,1.0223395982693697,0.18181818181818177,0.35402204691504346,0.942953040799491,229.7322067110967,0,1
3743,case33bw,train,56,3,108,0,1.1658824684218734,0.9804939693978526,0.12121212121212122,0.3112865095104678,0.9295299423288222,74.6076807342937,0,1
3744,case33bw,train,6,9,153,0,0.7575939155497361,1.017480428082438,0.0,0.4979072514900033,0.9596012143463054,84.09055039157711,1,1
3745,case33bw,test,25,20,283,6,1.0050712345292754,1.027657503508658,0.1515151515151515,0.3550561808312218,0.8867824524753048,170.37945748261174,0,1
3746,case33bw,train,26,5,54,6,0.7795731408200782,1.0432392938984472,0.18181818181818177,0.28382199456814583,0.9627518440094605,59.15315805369631,1,1
3747,case33bw,train,9,16,231,0,0.8423794362214667,0.9862123001618122,0.06060606060606055,0.12519443322776394,0.8322024521045462,207.82850296042494,0,1
3748,case33bw,calibration,29,18,35,5,0.9808473161897067,1.0150383914284007,0.12121212121212122,0.7599927009130348,0.9405307951331222,138.03274260120637,0,1
3749,case33bw,train,57,18,278,3,0.9206931505559349,1.01298579922551,0.0,0.4918860763502263,0.9536066460528598,100.60832196700349,1,1
3750,case33bw,train,30,0,37,5,1.24196920684664,0.9785926074562205,0.06060606060606055,0.9427467697716531,0.7666469930531848,349.3683624914406,0,1
3751,case33bw,calibration,29,21,284,1,1.0884614419303669,1.0062155450631647,0.030303030303030276,0.7937547490405296,0.9332376292026873,119.76957949642545,0,1
3752,case33bw,train,13,22,94,0,0.8769764259519005,1.0085986921215508,0.09090909090909094,1.3517434131922579,0.9619700114226002,70.06357817061715,1,1
3753,case33bw,train,6,10,352,6,0.9563388315925533,1.0441639476596314,0.21212121212121215,0.1795327145354737,0.9560748471191184,195.73165080751298,1,1
3754,case33bw,calibration,42,18,296,2,0.9062696744171229,1.0447682535269696,0.030303030303030276,0.43346515574152367,0.9919773039191677,71.31684258009597,1,1
3755,case33bw,train,18,1,355,1,1.2906402946771056,1.0411752596365282,0.030303030303030276,0.6094447243191626,0.9518482106616641,143.74050026974018,1,1
3756,case33bw,train,14,6,220,3,1.2205423234338033,0.977179000927634,0.030303030303030276,0.6029192048522518,0.924748023235448,80.17019097677446,0,1
3757,case33bw,selection,4,17,84,4,1.21807046184601,0.9757958408501769,0.09090909090909094,0.9001880694929367,0.8569316040726948,339.50866647453324,0,1
3758,case33bw,selection,7,10,294,6,0.9971094762862073,1.0019691307978034,0.12121212121212122,0.4023431107952316,0.9227179994160858,166.82962692619193,0,1
3759,case33bw,train,0,22,75,2,1.0038221950056865,1.0062310346169132,0.0,0.38659898506847834,0.939884266431017,119.08172387913652,0,1
3760,case33bw,train,55,21,202,3,1.1283302255655578,1.0209677746638155,0.1515151515151515,0.26744529661146454,0.9576238049561365,111.32412561998729,1,1
3761,case33bw,train,37,5,343,3,0.9753856667253777,1.041476807223361,0.21212121212121215,0.3567401010450607,0.9132104130197356,227.32034517657138,0,1
3762,case33bw,train,49,5,124,5,0.8869344427023651,1.0175696842858868,0.09090909090909094,0.7386189679753787,0.9631706937516574,70.14007482466683,1,1
3763,case33bw,selection,20,7,314,3,1.11195355335928,0.9946249438234996,0.030303030303030276,0.5323704733692876,0.9127451615310829,153.56743200446968,0,1
3764,case33bw,train,23,21,75,6,1.1543103877265781,1.0018264198155853,0.12121212121212122,0.7127662820787106,0.7919009963148028,349.78976875345205,0,1
3765,case33bw,test,52,11,241,1,1.1882488887479847,0.991529800475092,0.06060606060606055,0.8516890774506631,0.8261062435421394,355.0085639488842,0,1
3766,case33bw,selection,59,3,251,1,1.244248631581987,0.9808643845967832,0.12121212121212122,0.3047043305647063,0.9283691700281819,76.08342006273551,0,1
3767,case33bw,test,5,15,263,5,0.7350767267437346,1.0206405124306999,0.09090909090909094,0.1975275020332807,0.8400484808844607,305.59538497213816,0,1
3768,case33bw,test,52,15,135,2,1.0176128200445438,1.0064558770005843,0.09090909090909094,0.5641835508056836,0.8660664139829014,263.52020132617,0,1
3769,case33bw,calibration,43,18,243,3,1.1230487965497526,1.0377830298215154,0.0,0.8558747098797772,0.9819497992972053,95.61750084974379,1,1
3770,case33bw,train,57,18,322,3,0.7619428627524883,1.0150393412372964,0.030303030303030276,0.803079900772397,0.9625331018115445,79.49357063005556,1,1
3771,case33bw,train,40,18,242,1,0.9654702903309473,1.019354857843354,0.06060606060606055,0.601041804799558,0.906669986150241,167.17611310770067,0,1
3772,case33bw,train,31,19,297,2,1.186576769766182,0.9935211823158516,0.09090909090909094,0.16220499891359988,0.7989209329822328,341.21904889815204,0,1
3773,case33bw,test,16,4,266,0,1.1960773366127038,0.9808934394173835,0.09090909090909094,0.8162775750514906,0.9078217205032807,84.96879106858093,0,1
3774,case33bw,test,25,20,327,1,1.138097966576618,1.0209687610068348,0.030303030303030276,0.30054589037512797,0.8156966516498901,355.4560869700467,0,1
3775,case33bw,calibration,33,9,165,5,1.026905640386906,0.9946551794134049,0.030303030303030276,0.4277698748044332,0.8939465762964094,130.5464019162097,0,1
3776,case33bw,train,46,23,203,5,1.1342398521288453,1.0371565624054238,0.18181818181818177,0.28059731472589544,0.9942629902166303,68.39163885007189,1,1
3777,case33bw,selection,20,14,339,4,0.9223678195430497,0.9843252083700146,0.21212121212121215,0.12486641944540235,0.8963556222434496,179.13241793480694,0,1
3778,case33bw,selection,4,15,100,4,0.7235063487134755,0.9823620324958988,0.0,0.7372899060299353,0.9155603614867465,102.65279743969522,0,1
3779,case33bw,selection,8,14,361,0,0.7865267968368137,0.9821925310338836,0.09090909090909094,0.4191851977566955,0.7644757117706854,414.8336940365259,0,1
3780,case33bw,train,14,5,125,3,1.1682684766317122,0.9964955820054335,0.1515151515151515,0.18601834471179018,0.951673912096489,64.37813655315995,1,1
3781,case33bw,train,21,20,347,0,1.062107277197639,1.0263002843435554,0.06060606060606055,0.312583011095773,0.9397030793211064,183.18713163002957,0,1
3782,case33bw,train,57,2,167,4,1.097414141638292,1.0117426485997065,0.12121212121212122,1.068011874559776,0.9675761873729841,55.445254631798505,1,1
3783,case33bw,train,38,23,191,2,1.1999117048166215,1.0201257845824718,0.030303030303030276,0.1003260410374229,0.9527493253438851,117.2896790003202,1,1
3784,case33bw,train,23,13,273,3,0.8175311636050954,0.9772761814479296,0.18181818181818177,0.828533638057568,0.7886380351958461,276.6986792940796,0,1
3785,case33bw,train,14,21,325,3,1.0068790883759826,1.0019020776715704,0.1515151515151515,0.532321475665007,0.9415274008487226,112.54664213847603,0,1
3786,case33bw,train,30,14,159,2,1.2427211782482708,1.028327113746727,0.09090909090909094,0.6042210804467646,0.7889167757140674,444.12022144236465,0,1
3787,case33bw,calibration,28,13,62,6,0.7692747103535232,1.0036391407094196,0.030303030303030276,1.0386160320041564,0.9218188683163159,110.25224886032358,0,1
3788,case33bw,train,45,1,249,6,1.0401397406767303,1.0230352064220638,0.1515151515151515,0.18788199272578732,0.9766192113507054,57.09521343848458,1,1
3789,case33bw,train,6,20,208,4,0.858885506953493,1.005172173359123,0.09090909090909094,0.3388760543788219,0.9481937389430403,82.34439934527136,0,1
3790,case33bw,test,25,7,137,1,0.9845854913000167,1.0189550441287285,0.12121212121212122,0.7416714476026532,0.8854077834853048,152.59171353246248,0,1
3791,case33bw,test,19,2,14,4,0.7559215506882252,1.032565317758303,0.06060606060606055,0.2615423292348239,0.9882359825513378,42.67093795877476,1,1
3792,case33bw,calibration,29,18,248,6,0.756342142079132,1.0052926274626226,0.0,0.7472904543497163,0.9581762574695029,49.933928160732734,1,1
3793,case33bw,train,46,1,102,3,0.9300691406707792,1.0035944884012082,0.030303030303030276,0.1021034716716205,0.9635344606777958,55.713797941931155,1,1
3794,case33bw,train,57,6,70,5,1.1067099196343375,0.9892825234405224,0.12121212121212122,0.36329033201018557,0.9288589198947728,104.05323043716824,0,1
3795,case33bw,test,22,3,162,4,0.8027723771799771,1.0361851183506234,0.12121212121212122,0.4170262014866944,1.0037523508480215,27.20448037772038,1,1
3796,case33bw,train,47,16,270,4,1.145024542793896,1.0288720633548771,0.0,0.785493500523956,0.9676092673557821,137.36394174233718,1,1
3797,case33bw,train,37,15,122,6,0.9339399741112329,0.9833397304312044,0.030303030303030276,0.7414087527181182,0.8126633689907888,400.81118821264397,0,1
3798,case33bw,train,1,22,2,2,0.8735762091635901,0.9870433629625873,0.0,0.8474546319667943,0.930990694607242,89.94929874421138,0,1
3799,case33bw,train,32,22,249,1,0.7270918693573244,1.0093798202614068,0.0,0.8619522176983193,0.9277144534831169,68.64549737292755,0,1
3800,case33bw,train,37,20,243,1,0.969028902439454,1.0211575323906148,0.1515151515151515,0.5533512123111142,0.8604619808210445,357.6913937543769,0,1
3801,case33bw,selection,7,19,309,0,0.8427804937869078,1.0287674948396157,0.12121212121212122,0.43735796274667316,0.9648436125041109,107.0567131813608,1,1
3802,case33bw,train,40,16,133,1,0.9907345842454708,1.0415524940514505,0.12121212121212122,0.6979078450872807,0.9210882951929429,193.2129669187267,0,1
3803,case33bw,calibration,36,20,123,1,0.8136755166728213,1.0296031140438993,0.09090909090909094,0.7825259356511478,0.971800445529641,91.19727925710676,1,1
3804,case33bw,selection,7,0,158,6,1.1429666549456152,0.9982600831570897,0.1515151515151515,0.880504301388558,0.9435477430575417,76.3532397101609,0,1
3805,case33bw,train,55,13,155,1,1.130189751165738,1.0426422725238782,0.12121212121212122,0.940367529942167,0.963263826800822,173.74791524995368,1,1
3806,case33bw,train,51,1,312,2,1.2275691125178105,1.008767467351968,0.1515151515151515,0.20666374761958162,0.8801016561039444,213.29107275512317,0,1
3807,case33bw,train,9,7,87,2,1.2002077418747898,1.024155225779957,0.1515151515151515,0.3298175807036571,0.7942212985893692,459.9099636352794,0,1
3808,case33bw,train,38,8,255,0,0.8048115948970385,1.0293597413471807,0.030303030303030276,0.7630850022299409,0.9759721807336895,76.51441305601975,1,1
3809,case33bw,train,18,21,343,0,1.0761465448179242,1.015359376795875,0.0,0.13275874315525174,0.9125368325319828,192.60657685733236,0,1
3810,case33bw,train,35,21,119,4,1.2899602003111008,1.0387835419759412,0.06060606060606055,0.7472697969094172,0.9502181765876574,209.27161425162737,1,1
3811,case33bw,selection,59,14,16,5,1.1905181974968784,1.024420089484513,0.1515151515151515,0.6241241006906789,0.9304239630781567,246.81056631631125,0,1
3812,case33bw,train,13,0,281,1,1.0624367529230359,1.0388452623173712,0.06060606060606055,0.6133458165821609,0.992740629769292,63.30821150441514,1,1
3813,case33bw,train,37,19,6,2,0.9350032035806539,1.013205327267815,0.06060606060606055,0.16469829919020132,0.8207570682107512,517.0375825724067,0,1
3814,case33bw,train,46,13,125,3,1.008478600366965,1.0015669917356018,0.06060606060606055,0.2891206789075899,0.939891350460957,135.61719424327654,0,1
3815,case33bw,selection,4,16,249,6,1.2886689957074433,1.0126399410056566,0.09090909090909094,0.6335935440098328,0.9138235076254301,227.8207544756428,0,1
3816,case33bw,train,46,16,303,5,0.8447661612455116,0.9750864986571418,0.12121212121212122,0.22877808908341496,0.9274532893636211,83.60820309735513,0,1
3817,case33bw,train,6,21,349,5,1.1716231840354698,1.0397501837715188,0.18181818181818177,0.40323113141228056,0.9509655835546799,196.64305909925096,1,1
3818,case33bw,test,16,3,278,5,0.8563286333787969,0.9838826015998038,0.030303030303030276,0.41769162911721747,0.9329729905710497,39.827051940973675,0,1
3819,case33bw,train,6,0,291,5,0.873731505255422,0.9816035648570284,0.09090909090909094,1.0580901386291128,0.9315750635366713,61.906573463835265,0,1
3820,case33bw,test,19,13,329,0,0.841558770899384,1.0275571444660019,0.303030303030303,0.8855178570029626,0.943505604219873,151.768351763786,0,1
3821,case33bw,calibration,42,14,141,0,0.8365180301691854,1.0321032211131012,0.06060606060606055,0.5428029237901187,0.9813524904910027,75.03488083388224,1,1
3822,case33bw,train,6,20,169,0,0.9472003298144799,1.0424466385677382,0.030303030303030276,0.41574987364186733,0.9834076592293898,89.90893792601773,1,1
3823,case33bw,train,13,11,301,4,0.9410147495172804,0.9895333789929401,0.09090909090909094,0.7036064888492516,0.9273109724633832,122.14339475108682,0,1
3824,case33bw,train,56,9,105,0,0.8737027026543134,1.0044004193529075,0.24242424242424243,0.28963293305830545,0.9388446833212889,120.20942494022646,0,1
3825,case33bw,selection,7,8,156,1,1.1960476474787116,0.9996939821402783,0.06060606060606055,0.8090987253006845,0.9202862288487473,175.12727264127227,0,1
3826,case33bw,test,5,4,96,4,1.1643155935458704,1.0234366670377166,0.06060606060606055,0.5937278536122628,0.7807589368630177,544.9429613047974,0,1
3827,case33bw,train,1,0,256,0,0.9746097477855491,0.9908065290203244,0.09090909090909094,0.715450600950367,0.9480171946846071,54.077683692163276,0,1
3828,case33bw,train,18,3,235,6,1.28109285806764,1.0145236930993973,0.1515151515151515,0.28323781960620187,0.9538288134526267,67.86898826754256,1,1
3829,case33bw,test,52,17,343,6,1.0996978555700763,1.0164124536708623,0.24242424242424243,0.5921188480599213,0.8721408414008965,273.60242261010126,0,1
3830,case33bw,selection,53,10,82,5,1.262094448208571,0.9784173252998017,0.24242424242424243,0.6255623186156275,0.8939061416511637,257.8241393565323,0,1
3831,case33bw,test,52,17,72,6,1.1321173134903852,1.0280609131347516,0.1515151515151515,0.1487513320361773,0.8822844826966002,277.4710395489432,0,1
3832,case33bw,selection,8,11,66,6,1.2942606120913043,1.0341518771910074,0.18181818181818177,0.6765201438269036,0.6214446729864109,1442.8185681086159,0,1
3833,case33bw,train,55,17,363,2,1.2753590571973783,1.012143025262638,0.06060606060606055,0.8429477138659875,0.9182822544978668,258.4406690703631,0,1
3834,case33bw,calibration,42,8,98,2,0.7436541822460622,0.9908412106051219,0.06060606060606055,0.8726955516743493,0.9433818150634516,61.419669722180444,0,1
3835,case33bw,train,31,1,117,3,0.7725264387295179,1.0355449041696612,0.12121212121212122,0.6233899331377143,0.9581885626909289,56.02790205664376,1,1
3836,case33bw,train,18,17,110,2,1.1372355758188568,1.00082221720292,0.030303030303030276,0.09634851715404194,0.9007827958905267,184.7518810866478,0,1
3837,case33bw,calibration,33,4,9,1,1.017104985778893,1.0350965913030212,0.030303030303030276,0.6779834431830383,0.952313367833027,90.04312638591071,1,1
3838,case33bw,train,18,9,320,1,1.0165884561500602,0.9874774063829883,0.030303030303030276,0.8182702090815486,0.8841497049573325,195.6462245523753,0,1
3839,case33bw,train,1,10,8,2,0.7299667247111233,1.0095473273495958,0.09090909090909094,0.3341270078722336,0.955192335555408,85.72170795861832,1,1
3840,case33bw,train,37,8,169,6,0.8376098034092376,1.0404090820087204,0.09090909090909094,0.6744264208458622,0.9206400425603757,193.74999838716954,0,1
3841,case33bw,train,54,22,236,2,1.1617201624763311,0.9802909377471024,0.030303030303030276,0.8646919039503916,0.9141376142683415,124.78889880039503,0,1
3842,case33bw,train,51,12,1,2,1.2623801240415384,0.9927352259834208,0.18181818181818177,0.6116293598657585,0.7530677474618349,735.5448977211132,0,1
3843,case33bw,test,25,19,211,3,0.9989034151871913,0.9953175060028198,0.12121212121212122,0.7683230917715942,0.8379818412594935,207.51865107546513,0,1
3844,case33bw,train,55,13,181,3,1.177334794416996,1.0246758119348052,0.030303030303030276,0.4920645023531842,0.9463160936541027,175.51909324250047,0,1
3845,case33bw,selection,59,12,271,1,1.2925515182135245,0.9777316948287105,0.09090909090909094,0.30594995982048817,0.8777785862925604,278.9009295739628,0,1
3846,case33bw,calibration,36,4,160,4,1.1939593320889004,0.9876964378273129,0.030303030303030276,0.5474214091521505,0.9329091929742795,79.8843618066099,0,1
3847,case33bw,train,40,20,82,2,0.7506185579466638,1.0090563640564527,0.12121212121212122,0.5175513202667539,0.900431210870565,150.56836279905906,0,1
3848,case33bw,train,32,6,315,6,1.1663089675379137,0.9844416395863402,0.030303030303030276,0.7848433602655019,0.8663996610637648,149.23330359646064,0,1
3849,case33bw,train,34,21,147,1,1.1968762722453679,0.997405824521366,0.21212121212121215,1.1436247986529016,0.8722011727830321,211.0319976232291,0,1
3850,case33bw,calibration,11,23,74,3,1.283815042283946,1.0280051781736288,0.18181818181818177,0.2363546425221119,0.956701215690152,147.47590550736928,1,1
3851,case33bw,train,30,6,100,6,1.220644142394227,1.0256670234579408,0.06060606060606055,0.9109413348580935,0.853494877361145,233.08342434030706,0,1
3852,case33bw,train,6,6,248,6,1.1029806051336155,0.9816546933873259,0.12121212121212122,0.4899457743673719,0.9255342752192741,76.36179363559378,0,1
3853,case33bw,train,35,5,175,3,0.9570807097904989,1.0187783764862879,0.030303030303030276,1.0206162211628054,0.974714951808536,52.4706703245667,1,1
3854,case33bw,test,5,23,57,4,0.9234666786242807,1.040487668414583,0.06060606060606055,1.014330520282841,0.761008615699227,725.6258416000777,0,1
3855,case33bw,train,0,14,220,2,1.1562322284672186,0.9782999202445063,0.06060606060606055,0.738460438565514,0.898317701206265,174.10942848390064,0,1
3856,case33bw,train,40,23,335,2,1.2619128149000665,1.0412870153981066,0.18181818181818177,0.30442327255007556,0.8796366133370629,337.5300709486157,0,1
3857,case33bw,train,37,0,333,3,1.0447428091782727,0.9893346121460591,0.030303030303030276,0.21820232174529058,0.8179382535459562,409.40943490135385,0,1
3858,case33bw,train,30,14,172,3,1.0755098391018558,1.0257212504699813,0.12121212121212122,0.8528963460382074,0.8165344862672198,343.6952742428574,0,1
3859,case33bw,calibration,43,20,112,0,0.9614155973413901,1.0155775563837015,0.030303030303030276,0.4291463180054167,0.9643543738772538,88.49227651560153,1,1
3860,case33bw,test,5,23,65,3,1.284641522110624,1.01148823993262,0.06060606060606055,0.49318056024839685,0.4953144654561002,2469.521823392908,0,0
3861,case33bw,selection,20,9,318,5,0.7215601669729972,1.0428035367437507,0.24242424242424243,1.0330372855973702,0.9884710749636058,67.39109705831068,1,1
3862,case33bw,train,51,9,116,4,1.1001159854682523,0.9963743107153259,0.12121212121212122,0.24539960746217188,0.8373519602395636,334.7068757705436,0,1
3863,case33bw,train,54,15,106,3,1.2427938661733584,1.0382004077126683,0.1515151515151515,0.2255255323728432,0.9479703023472079,226.36180043872898,0,1
3864,case33bw,selection,59,10,284,6,1.1089437139939946,0.9936373839813885,0.1515151515151515,0.5745281199969239,0.9133006495220616,177.84427073829178,0,1
3865,case33bw,train,23,19,274,6,0.8956903040820658,0.9822800049377408,0.0,0.8128097448685883,0.8432898072474487,158.80320937382163,0,1
3866,case33bw,train,30,7,91,6,0.8171939658699767,1.0183872869942996,0.1515151515151515,0.39431666599620496,0.8941918222896567,121.12797947377591,0,1
3867,case33bw,test,17,17,316,6,1.2053427735428854,1.0307967012402537,0.18181818181818177,0.5994758069849981,0.9223926568276571,191.71938889101972,0,1
3868,case33bw,train,24,19,267,6,0.8612222772594355,1.0065971549075503,0.0,0.4938228000458575,0.879930235201481,135.0750289869917,0,1
3869,case33bw,selection,53,13,123,0,0.7971426315002847,1.0425477980640385,0.0,0.2247273534764891,0.9926764725217441,90.62125172653742,1,1
3870,case33bw,train,9,1,273,0,1.0661650281632409,1.0317882340949387,0.030303030303030276,0.8463750833335708,0.9033984846521737,149.638886056837,0,1
3871,case33bw,train,34,1,151,4,0.8918842986819533,1.019639026315478,0.0,0.9859718677786199,0.9595577737103435,50.082125292505786,1,1
3872,case33bw,train,47,12,149,0,1.1465831426537494,0.9884211738815677,0.06060606060606055,0.487199427209211,0.9131550212414259,183.1608678015428,0,1
3873,case33bw,train,38,17,122,0,1.2956187322652661,1.028385945471904,0.030303030303030276,0.35650605803332985,0.9353261829683986,233.1790908863324,0,1
3874,case33bw,calibration,33,3,33,5,0.8487366066618426,1.0292709580647048,0.0,0.2512938172224699,0.9682196860808847,47.68259580994221,1,1
3875,case33bw,train,23,23,289,4,0.8056735608852711,1.0228467904803473,0.06060606060606055,1.0416493607432684,0.8980768206055788,125.57107738856432,0,1
3876,case33bw,selection,59,2,98,2,1.1313691850320133,0.9903087275016942,0.06060606060606055,0.7311535470038286,0.936256640104851,82.79452888304758,0,1
3877,case33bw,selection,12,23,160,2,1.298326168208799,1.013184832647353,0.0,0.49543628611601753,0.9586365620333607,101.0564942605538,1,1
3878,case33bw,train,48,8,198,6,1.2767700523079222,0.9896051096453086,0.0,0.9892441724011817,0.9299849621356207,126.15628753986589,0,1
3879,case33bw,train,38,7,288,1,0.839846020804886,0.9977010026665581,0.09090909090909094,0.12188679529194578,0.9435067255686563,75.26635683345891,0,1
3880,case33bw,train,13,6,303,5,0.730991007164851,0.9879657318122439,0.030303030303030276,0.5354186833918274,0.9559791189330603,31.47166023868457,1,1
3881,case33bw,selection,44,15,62,6,1.008571581034583,1.0428889057629647,0.1515151515151515,0.366149512896203,0.9381065299102727,258.8743482066262,0,1
3882,case33bw,calibration,33,6,268,2,0.9770031147503654,1.0008711253446034,0.030303030303030276,0.7769526087900885,0.9168483274148839,91.31473346785071,0,1
3883,case33bw,calibration,41,22,133,6,1.034329020067576,1.0255373543314437,0.030303030303030276,0.7802546602548431,0.9267099432535264,133.82339530588132,0,1
3884,case33bw,train,45,10,142,2,1.298023957085426,0.9911382577843545,0.21212121212121215,0.20451486778706215,0.868178369057944,376.60189469299434,0,1
3885,case33bw,train,56,12,5,6,1.2143508612343406,1.0233561012481909,0.24242424242424243,0.3123646726430073,0.9247990799451237,274.5456407342361,0,1
3886,case33bw,train,32,13,320,4,1.2927221441402441,0.9810572070758561,0.0,0.7394422978576007,0.7354466530202867,622.6808214642181,0,1
3887,case33bw,train,40,21,245,1,0.7314406818965373,0.995308259481821,0.09090909090909094,0.2543554215787359,0.9147295491283071,84.91374447573614,0,1
3888,case33bw,train,50,20,213,2,1.2526734813028149,1.0356319066207964,0.1515151515151515,0.7179401206886941,0.8915656399152145,268.70920484154027,0,1
3889,case33bw,selection,59,19,205,0,1.1872687843843772,1.0363127838733643,0.06060606060606055,0.47742057184311426,0.9686655180702862,131.02698193778946,1,1
3890,case33bw,train,54,1,15,1,1.0939430924608504,0.9850070107795489,0.0,0.40059177589990935,0.9255478298980231,105.00424549453166,0,1
3891,case33bw,train,54,8,252,2,0.9001859033796435,1.0103668668882102,0.09090909090909094,0.5046249274780986,0.957791599213261,80.35993513305543,1,1
3892,case33bw,test,39,20,264,3,1.1032436665262177,1.015358825713857,0.09090909090909094,0.3093557052536977,0.8750952095628391,255.6597090046105,0,1
3893,case33bw,calibration,42,14,86,3,0.8262966560964011,1.018042716327057,0.030303030303030276,0.9432748961789698,0.9583145507612113,95.60547243356571,1,1
3894,case33bw,train,2,22,50,6,1.173726461652392,0.999928214430051,0.030303030303030276,0.6397933708354481,0.9345109453756318,127.95789734446744,0,1
3895,case33bw,train,21,15,315,1,1.1040344393249981,1.0441240741594153,0.1515151515151515,0.45408656310887646,0.9613196841768092,172.64606001309306,1,1
3896,case33bw,train,23,14,275,6,1.1585417271330047,0.989983202306925,0.0,0.8732628101219835,0.7677325729850714,393.802306829647,0,1
3897,case33bw,train,40,12,229,0,1.227539227517703,0.9903302961500426,0.030303030303030276,1.0836320925240812,0.8183925255096248,385.7003760960573,0,1
3898,case33bw,train,31,9,167,4,1.0064967641203675,0.9931543234060309,0.0,0.5274794170392818,0.8322744251700815,234.31563603870316,0,1
3899,case33bw,test,16,13,122,4,0.9080668503502197,1.0332388839044544,0.1515151515151515,0.2657327158261332,0.9314194665145031,164.3948498626234,0,1
3900,case33bw,test,5,15,178,4,0.7395838754091866,1.0444858177720788,0.0,0.3907701809209883,0.8735916088486982,274.28330717331033,0,1
3901,case33bw,test,19,23,154,1,0.9910694336226615,1.0243663360690387,0.06060606060606055,0.5280558470386998,0.9635407570345925,79.8779220169965,1,1
3902,case33bw,selection,59,5,188,6,1.2309290881467343,1.0448595749076792,0.09090909090909094,0.5758805839866956,1.0001661312316854,58.84862264448127,1,1
3903,case33bw,train,35,19,301,6,1.0163287320733119,1.0367378015430122,0.06060606060606055,0.6011144295423801,0.9685728934812392,124.37698333216834,1,1
3904,case33bw,calibration,33,18,225,5,1.22070802709263,0.9953878024075093,0.030303030303030276,0.7031655445553573,0.8791520398465116,173.9783736822463,0,1
3905,case33bw,train,35,21,247,5,0.8724391173041526,0.9916366828123667,0.030303030303030276,0.559276422591371,0.939959601555352,74.17928790617556,0,1
3906,case33bw,train,40,8,115,3,1.0203131567706614,0.9802973997197059,0.18181818181818177,0.2503232542078798,0.8417552220515084,250.68617223595263,0,1
3907,case33bw,calibration,11,9,104,0,1.22634071647697,0.9915296588373943,0.030303030303030276,0.5355374814570071,0.9103972034228102,216.43114782711908,0,1
3908,case33bw,train,2,23,7,5,0.7830715073942742,0.9928308479741402,0.0,0.16842462996651392,0.9518909510949601,50.64105374143285,1,1
3909,case33bw,calibration,28,4,40,5,1.1889369760363704,1.0363285680833436,0.0,1.0652418553694498,0.9618861626869603,97.55743643729916,1,1
3910,case33bw,train,21,13,36,5,1.1013613032088656,1.0161076001777736,0.18181818181818177,0.6541463312525038,0.9189315575104161,232.67111880861478,0,1
3911,case33bw,calibration,28,7,27,6,0.9299214795771522,1.0040513404118725,0.0,0.3763095963487085,0.9250987758293822,98.15730228251773,0,1
3912,case33bw,train,24,17,78,4,1.0785856572899166,1.0436633790518315,0.0,0.6753532960256731,0.8521313475530305,303.8038732763392,0,1
3913,case33bw,selection,44,6,19,1,1.0274092831292356,0.9921650491601435,0.0,0.562016303561122,0.9121446569045164,158.15675799308198,0,1
3914,case33bw,selection,8,19,258,0,0.8972479594648171,1.021052218721825,0.12121212121212122,1.0057539637326869,0.8625495725590147,224.77664094278478,0,1
3915,case33bw,train,40,19,118,1,0.7537379661380124,1.0138535531498516,0.030303030303030276,0.12764033791772636,0.9213154200945576,111.50735626173064,0,1
3916,case33bw,selection,20,20,187,3,0.8902483390087615,0.997333285882564,0.09090909090909094,0.8112347465161083,0.9409015927575072,74.05664120244211,0,1
3917,case33bw,selection,44,15,315,6,0.7673135484992001,0.9995230511459599,0.09090909090909094,0.40892470841616824,0.930520275512291,116.27876454645754,0,1
3918,case33bw,test,52,2,308,4,1.0246901242778468,1.0225923148415637,0.06060606060606055,0.5164192646395739,0.9324721574859655,107.72808521277629,0,1
3919,case33bw,selection,12,17,121,6,0.9452329351070694,1.0443639774228333,0.030303030303030276,0.30781971496752086,0.9996868778694447,71.13259415567677,1,1
3920,case33bw,test,39,6,154,2,0.9435279987095385,0.9910728073949804,0.09090909090909094,0.45729715826706935,0.9026796278850603,103.76566878386961,0,1
3921,case33bw,train,10,20,177,0,0.8180485893992873,0.9890510249238492,0.18181818181818177,0.21117317937621735,0.8596235685164768,150.0769957000644,0,1
3922,case33bw,selection,20,6,9,6,0.735962261239226,1.0358035191714383,0.0,0.4305507662640706,0.9918796538705342,45.5161096921968,1,1
3923,case33bw,selection,7,13,222,4,1.2756220380721364,0.9833326013460583,0.21212121212121215,0.6311583658246531,0.880210462421463,278.3866597580676,0,1
3924,case33bw,calibration,28,7,217,2,1.299259093679773,1.0320461953135176,0.18181818181818177,1.078052069756677,0.9421816679932687,131.61913683382338,0,1
3925,case33bw,selection,8,2,204,5,1.1681281831832953,1.0143817372159976,0.09090909090909094,0.13153688027282723,0.8895381181138098,138.81444512749331,0,1
3926,case33bw,train,54,23,39,0,0.8889899053007693,0.9835631275590125,0.0,0.7697543628603061,0.9273599857750235,92.16622807723452,0,1
3927,case33bw,train,56,19,237,2,1.0748168351025138,1.0116094958561208,0.24242424242424243,0.588711273410714,0.9468670997533534,116.64042252332816,0,1
3928,case33bw,calibration,43,7,125,3,0.9741067642751117,0.9852764596085262,0.1515151515151515,0.47428654572889256,0.93738303078748,74.66712846999879,0,1
3929,case33bw,selection,20,1,115,2,0.7769636134779392,1.003735662922204,0.06060606060606055,0.538860473071919,0.9620651195448867,39.71003633180093,1,1
3930,case33bw,train,0,19,269,4,0.8571961438328433,0.9826743215572414,0.030303030303030276,1.0586884768058051,0.9253909893924147,89.37623912527371,0,1
3931,case33bw,calibration,11,6,209,2,0.9662200390540598,1.0367940686634614,0.2727272727272727,0.8615961825176403,0.9993472668162009,43.41343700952045,1,1
3932,case33bw,train,46,19,132,3,1.0882641071590824,0.9989419268301886,0.12121212121212122,0.6580452793227015,0.9395794039345384,123.32435607226863,0,1
3933,case33bw,train,0,19,365,4,0.8035178076507388,0.9989286014634773,0.09090909090909094,0.7281162678961355,0.9361312548469085,102.9661869030507,0,1
3934,case33bw,train,0,19,62,1,0.9185420709760707,1.0301306904437983,0.0,0.18579336767090485,0.9649648403108323,115.08777095594033,1,1
3935,case33bw,train,38,0,238,6,1.1918339746236972,1.0233954849455258,0.2727272727272727,0.13105372223634895,0.9670369748470791,82.47663679707625,1,1
3936,case33bw,test,39,4,38,3,0.9165832688563682,1.038765213749436,0.06060606060606055,0.8417231189785813,0.9537844506329294,95.91048558876503,1,1
3937,case33bw,train,50,4,270,3,0.7404198342280257,1.0058499469734248,0.12121212121212122,0.7638650104104653,0.9423937319644029,53.90109410529928,0,1
3938,case33bw,selection,20,19,6,1,0.8623627904782325,1.038025273773189,0.06060606060606055,0.8806640205370507,0.9697019780439043,109.14489585762743,1,1
3939,case33bw,calibration,41,23,261,4,1.015153293362591,0.9797055061702286,0.12121212121212122,0.4158884616253016,0.8711052366146019,154.57249173177232,0,1
3940,case33bw,train,57,23,329,1,1.1496306720236011,0.9860013869371661,0.18181818181818177,0.43786673913936575,0.9093047714019123,161.51152771643672,0,1
3941,case33bw,selection,59,2,242,6,0.8513442713969075,1.0094846218604612,0.18181818181818177,0.6792667122092598,0.9785273859320076,27.75581984100488,1,1
3942,case33bw,selection,53,7,273,3,0.9502409216314146,1.031010699846896,0.2727272727272727,0.5097316245233631,0.9874571908127563,67.60420677856524,1,1
3943,case33bw,selection,59,4,184,1,1.267479598006533,1.02147077864846,0.030303030303030276,0.1976481809659801,0.973370695376966,67.71851724686887,1,1
3944,case33bw,train,51,18,188,2,1.2874616669835643,1.0406234124759686,0.12121212121212122,0.5575988688358731,0.9007881769271165,261.6791811005602,0,1
3945,case33bw,train,21,4,112,6,1.2240701674749102,1.029894090973553,0.030303030303030276,0.2288039336422302,0.9810882865244149,60.21537514527603,1,1
3946,case33bw,train,9,5,307,4,0.7665284706616243,1.0262536632143728,0.09090909090909094,0.2853964247487053,0.9287427196872374,85.07179019340444,0,1
3947,case33bw,selection,20,23,81,4,1.152815866799008,1.0319021781459996,0.030303030303030276,1.216441320902828,0.9558469135989224,131.77044192174552,1,1
3948,case33bw,selection,44,17,148,0,0.8679085927037198,1.0407902912859552,0.24242424242424243,0.808926652986418,0.966752422798455,131.20039373914915,1,1
3949,case33bw,train,14,14,302,3,1.1572857770696043,1.0256197952077117,0.06060606060606055,0.71666010709248,0.9541553399135152,157.49497268978993,1,1
3950,case33bw,calibration,27,8,13,3,1.152565233514675,0.9981728563271669,0.1515151515151515,0.8669087415612252,0.8560948713308787,264.7810735736903,0,1
3951,case33bw,train,45,14,342,6,1.0675426781300208,1.0208566725865453,0.06060606060606055,0.2671826337979383,0.9228614634262224,242.00442197622516,0,1
3952,case33bw,calibration,28,22,104,3,1.1347056424750992,1.0248811030713947,0.21212121212121215,0.3175506729887193,0.9313963559488897,157.34619661591688,0,1
3953,case33bw,train,3,7,56,1,0.723476647697253,0.9776517147268836,0.18181818181818177,1.1057971378908842,0.9204590389366042,78.03475867793831,0,1
3954,case33bw,calibration,28,1,214,4,0.9502020933296248,1.0295376061493375,0.1515151515151515,0.36726292387836235,0.9772778351383886,47.51152821686283,1,1
3955,case33bw,train,9,7,317,6,0.9608362452927888,0.9813620689895465,0.1515151515151515,0.21325020452159338,0.8172535353933564,240.52419920662405,0,1
3956,case33bw,train,38,9,325,3,1.1709307041955768,0.9779276764711775,0.030303030303030276,0.7153291344304646,0.8791431426227487,259.7144622263841,0,1
3957,case33bw,train,6,1,25,0,1.1953864191927217,0.9788615414561509,0.030303030303030276,0.5583546551804262,0.9003263517624066,149.61889958855974,0,1
3958,case33bw,train,50,3,122,6,1.048442516984186,0.9817483756064224,0.09090909090909094,1.1356880455304705,0.8980601382385629,93.15357769523197,0,1
3959,case33bw,test,5,17,226,3,0.8090579751171181,0.9785833406519537,0.12121212121212122,0.13912972220405792,0.7504462097124327,486.2305895321246,0,1
3960,case33bw,calibration,27,20,333,1,0.8954206294452945,0.9968638052552833,0.06060606060606055,0.21769112285116102,0.893807569553565,148.851137179229,0,1
3961,case33bw,train,40,14,224,1,0.8062864058957615,0.9750989903382302,0.12121212121212122,0.5784591818372049,0.8705383542316676,143.6026615528716,0,1
3962,case33bw,selection,15,20,363,0,0.8989768667830508,0.98249409439834,0.1515151515151515,0.14756250952007638,0.8770015955068668,160.93392950983107,0,1
3963,case33bw,train,9,8,308,6,1.0427230736519624,0.9788109022872047,0.12121212121212122,0.3159843151442719,0.7710830988920417,379.38240375076066,0,1
3964,case33bw,train,2,1,307,6,1.161114274484006,0.9990811683807626,0.1515151515151515,0.14174236767378126,0.9523072789332082,65.71073276241425,1,1
3965,case33bw,train,31,21,24,1,1.0954047589440854,1.0342750830463896,0.09090909090909094,0.2974985890285617,0.8308624843857036,368.5643155280121,0,1
3966,case33bw,train,55,3,93,0,1.0760787341572662,1.0274141562113992,0.030303030303030276,0.3454038577651002,0.978607514723339,66.77651064952896,1,1
3967,case33bw,selection,53,1,340,0,1.0817913239272738,1.0445241705504118,0.12121212121212122,1.0872211589469505,0.9966445806754118,81.90147654550772,1,1
3968,case33bw,test,22,21,112,4,1.0074123639542494,1.0427389160619467,0.030303030303030276,1.01345913023292,0.9728431489168092,123.50522678878339,1,1
3969,case33bw,calibration,36,13,326,0,0.9795765757000936,0.9927404693548311,0.0,0.6270145974884033,0.8996848503380177,226.97237391293882,0,1
3970,case33bw,selection,4,6,28,1,1.0672517018152226,0.9860797904584082,0.12121212121212122,0.7796968086524724,0.9033192456660357,160.66289650364106,0,1
3971,case33bw,test,22,0,304,2,0.9058724163185067,0.982393203407984,0.18181818181818177,0.568545685689587,0.9322548545475678,67.79546912930131,0,1
3972,case33bw,train,14,7,283,6,1.1953795630447694,1.0377226809707252,0.030303030303030276,0.8383280207321401,0.9860144808647305,79.5904760630167,1,1
3973,case33bw,train,49,16,53,4,1.1753329837654167,1.0080004202256307,0.06060606060606055,0.6443464293958069,0.8772175105059963,403.8993840151251,0,1
3974,case33bw,train,55,7,324,6,0.8864810541673026,0.9930408389481166,0.1515151515151515,0.8391926560221082,0.9408397506730297,77.28476079021327,0,1
3975,case33bw,selection,4,18,171,3,0.897509451557462,0.9886575763954921,0.18181818181818177,0.7877480897921244,0.921052921905127,108.33955557628296,0,1
3976,case33bw,test,58,7,74,2,0.9809485080525239,1.0252018002461263,0.0,0.7851311170522811,0.9659418806191076,100.56628736730218,1,1
3977,case33bw,train,56,2,121,3,0.7309705643875013,1.034782354107133,0.09090909090909094,0.31721343250772244,1.0036798731606262,28.416661904566574,1,1
3978,case33bw,calibration,28,23,201,4,1.1135053837782605,0.9750409801828865,0.0,0.6888236289806654,0.8956691805540071,107.58519808175605,0,1
3979,case33bw,train,48,5,190,0,0.7777222951780252,1.031868149405009,0.0,0.9156023508712806,1.0056282094585223,23.876507587544374,1,1
3980,case33bw,calibration,36,6,307,2,1.091323194170908,1.0012011025865573,0.09090909090909094,0.728700829854018,0.9299139382643815,129.6260156325116,0,1
3981,case33bw,calibration,11,3,281,5,0.8758899245444046,1.0439661124214175,0.030303030303030276,0.6149061951191148,1.013685277868827,25.950414326110035,1,1
3982,case33bw,selection,59,5,32,0,0.8569416157551389,1.0082097474287224,0.0,0.6462702322046447,0.9643782129997491,55.35953079004227,1,1
3983,case33bw,train,46,22,286,5,1.0874458003039786,1.0159585843993273,0.12121212121212122,0.6712712385259676,0.963950202240255,102.12937863849578,1,1
3984,case33bw,calibration,41,2,56,3,0.7932418529158098,0.978009941619323,0.1515151515151515,0.5836462941845072,0.9079411219035963,67.5338012680475,0,1
3985,case33bw,train,50,16,14,3,1.1422514325045439,1.0031081506616073,0.09090909090909094,0.09081842427586254,0.8075475525786503,494.4504156190909,0,1
3986,case33bw,selection,44,16,228,3,1.2844684100014432,1.0342572409185755,0.06060606060606055,0.9268010192988831,0.9237595059839856,293.2303236394546,0,1
3987,case33bw,train,56,15,364,5,1.201003856835083,0.9931172788449939,0.21212121212121215,0.5736878759956303,0.8997494615570509,237.51426253169743,0,1
3988,case33bw,selection,4,17,56,1,1.0724199459622266,0.9947422191711525,0.2727272727272727,0.9574402799619599,0.8931997436866261,246.629300500094,0,1
3989,case33bw,train,13,10,187,4,0.9894658475254545,1.029613205414409,0.0,0.8371770373959826,0.9766763819017591,89.83976495425036,1,1
3990,case33bw,calibration,29,17,94,6,1.293873119711179,0.9935853645237551,0.030303030303030276,0.5706946626126254,0.9012358879796059,210.75538752854538,0,1
3991,case33bw,calibration,43,12,338,0,0.9011287368903491,0.9970106600311933,0.030303030303030276,0.44015040216592866,0.9327433406774835,140.2990338749216,0,1
3992,case33bw,calibration,43,22,294,5,0.7534602029666795,1.0279963729080577,0.18181818181818177,0.7268085503427653,0.9946031605696705,37.412144098251154,1,1
3993,case33bw,selection,8,0,274,6,0.7934257578278376,1.000717934905512,0.2727272727272727,1.2379542821717457,0.897884279359953,95.03755214671786,0,1
3994,case33bw,train,54,15,252,3,0.9650053035500156,1.0408107327849145,0.0,0.30657883193622065,0.9804019821149166,107.10623953990743,1,1
3995,case33bw,calibration,41,2,246,4,0.780319538504417,0.9762923066172368,0.21212121212121215,0.13124183589673616,0.9182297435100535,45.20725730033003,0,1
3996,case33bw,train,51,1,178,6,1.096267631812324,0.9822344176667654,0.06060606060606055,0.17728295029976576,0.8935777293245578,103.35942201260842,0,1
3997,case33bw,selection,53,19,120,3,1.083689178396944,1.002084975879145,0.1515151515151515,0.21455278229118863,0.9433082784571084,125.89567497567516,0,1
3998,case33bw,train,51,13,134,2,0.901101985565213,1.0416515867969305,0.09090909090909094,0.47318587287799685,0.9134540881402355,222.2769380706547,0,1
3999,case33bw,calibration,27,21,20,2,1.0819358682814952,1.0388708921404601,0.21212121212121215,0.24151047383728744,0.9131198244849562,214.1838645784029,0,1
4000,case69,external,-1,15,175,3,1.0502728000177526,1.0362620528766118,0.14492753623188404,0.48388820063828875,0.9661711264774963,134.79771731448017,1,1
4001,case69,external,-1,0,177,3,1.0642079860327736,0.9920955892733263,0.1159420289855072,0.5759066528515621,0.934216368148045,91.31811639333083,0,1
4002,case69,external,-1,12,207,5,1.0520999784546046,1.0225516285358098,0.1594202898550725,0.5675608041011226,0.9480114795984309,153.57824548279785,0,1
4003,case69,external,-1,13,358,5,1.2988553429450023,1.010470985635202,0.07246376811594202,0.6238386119366037,0.9012771035462483,332.1054006823767,0,1
4004,case69,external,-1,9,97,6,0.7614766381777863,1.025456709062784,0.18840579710144922,0.8392361252286361,0.9744904036474893,72.44323818264185,1,1
4005,case69,external,-1,0,157,4,0.8934442368781241,0.9873300080591056,0.14492753623188404,0.37012334136201974,0.9398329950356645,60.857008078761794,0,1
4006,case69,external,-1,15,260,0,1.1936942648854043,1.001571612063457,0.1594202898550725,0.26125842862522286,0.9119759864682334,222.00686596722386,0,1
4007,case69,external,-1,9,228,5,1.01006587520747,1.0384743287182672,0.0,0.62393113918786,0.9795026951912211,96.36705265065112,1,1
4008,case69,external,-1,1,348,1,0.8255300469044201,1.0170623665138874,0.08695652173913049,0.9025150497811134,0.9708239619646198,59.046962264878616,1,1
4009,case69,external,-1,7,209,6,1.2043810700366608,1.0361611471295502,0.1159420289855072,0.7095969152752142,0.9807446486805188,85.8320439104002,1,1
4010,case69,external,-1,22,160,5,0.9095033729320288,1.02182840289627,0.13043478260869568,0.5489760289191373,0.9762823513689781,58.797954605264934,1,1
4011,case69,external,-1,12,216,3,1.0921286995572186,1.0320725605948449,0.10144927536231885,0.3402616403843114,0.9528198583096672,172.85842310196315,1,1
4012,case69,external,-1,7,32,4,0.9430496555902436,0.9970681542018405,0.08695652173913049,1.0069339657730714,0.9289429019834061,126.39257719544695,0,1
4013,case69,external,-1,2,228,6,1.2954537324311683,1.0004088672571654,0.24637681159420288,0.21670021505698114,0.9487951287241072,72.94378570114,0,1
4014,case69,external,-1,23,95,3,1.07051020982784,0.980048851661126,0.21739130434782605,0.4188553025617179,0.9080107439060667,143.08627502989958,0,1
4015,case69,external,-1,0,226,3,1.0398673088651458,1.0080430649242103,0.05797101449275366,0.6531140163238048,0.9589927335144159,66.95041929184626,1,1
4016,case69,external,-1,17,173,1,0.7388104265863132,1.0236349182067144,0.04347826086956519,0.14117808469235443,0.982660266330772,46.985418813458956,1,1
4017,case69,external,-1,20,319,6,1.1715559896144787,1.0264443926085702,0.08695652173913049,0.8274793604314324,0.9473591006475202,171.6949463737136,0,1
4018,case69,external,-1,18,108,2,0.7817723851339833,0.987922871542412,0.14492753623188404,0.7220781934057603,0.9354690053928262,77.1926140785294,0,1
4019,case69,external,-1,21,303,6,0.8298514894101988,1.0350171532173706,0.02898550724637683,0.1351597392821027,0.9773368486219713,90.71653208695234,1,1
4020,case69,external,-1,10,229,4,1.0042078272874906,0.9877492872122666,0.10144927536231885,0.5901403730220083,0.907855380276871,175.5335284731193,0,1
4021,case69,external,-1,18,305,1,0.9901941886565195,0.9828558952591716,0.08695652173913049,0.15289258458274668,0.9056121195858703,161.1963196702547,0,1
4022,case69,external,-1,13,181,5,1.2370573840946257,1.0244983336454923,0.01449275362318836,0.5114917665605729,0.9407251056540485,191.1194855813167,0,1
4023,case69,external,-1,20,59,4,0.7278545027963472,1.0031075360691684,0.14492753623188404,0.4643079918354689,0.9428819087076618,98.18403135878476,0,1
4024,case69,external,-1,20,94,3,0.9685489506943477,1.0288351011421641,0.2753623188405797,0.4910401298853244,0.9565688376296797,145.8847409555122,1,1
4025,case69,external,-1,0,105,1,1.2991484083575116,1.026781837257195,0.05797101449275366,0.16790036003741263,0.9483747462819426,166.59222326873729,0,1
4026,case69,external,-1,14,214,5,1.2644507531947122,1.0319815467505595,0.13043478260869568,0.5901317291696774,0.9500270107040306,182.51428775740214,1,1
4027,case69,external,-1,5,10,3,0.911066309769955,1.0025887991954345,0.1594202898550725,0.8398923394848289,0.9513604890870792,73.17764880250674,1,1
4028,case69,external,-1,4,53,0,1.0592790347924579,1.0260874631378463,0.08695652173913049,0.6207312700812659,0.971803006950756,80.58393269059772,1,1
4029,case69,external,-1,5,353,5,1.194198867263748,1.0026654155233488,0.04347826086956519,0.29386542085875095,0.9351861946793479,122.99711523975482,0,1
4030,case69,external,-1,15,33,6,0.7527155259969338,1.017701908564569,0.08695652173913049,0.34054526911316607,0.9664249854242994,73.68598331902038,1,1
4031,case69,external,-1,11,17,0,0.773602009694949,1.021090856649252,0.07246376811594202,0.2832067852670502,0.9447811325493536,159.8340315042176,0,1
4032,case69,external,-1,7,258,1,0.9134805439368173,0.9885138539037032,0.02898550724637683,0.7843825896340406,0.934909572005677,78.50628218262295,0,1
4033,case69,external,-1,8,20,3,0.8483837890737754,1.0256241111600075,0.1594202898550725,0.9074221746776026,0.9693028678007615,90.77922732139653,1,1
4034,case69,external,-1,6,211,5,0.8376477124357924,0.995092089045754,0.02898550724637683,0.16178126802151363,0.9572633728933821,39.451291786274105,1,1
4035,case69,external,-1,14,249,6,1.1055585423196277,1.0306611888607669,0.04347826086956519,0.5463379059958834,0.9586009475176686,140.52188618204067,1,1
4036,case69,external,-1,18,208,1,1.2049190356207626,0.9850861634626155,0.01449275362318836,0.5733823241547531,0.9085522051259779,161.37631109997207,0,1
4037,case69,external,-1,3,329,4,0.7485781524683022,1.0058073134555687,0.07246376811594202,0.6891006807661191,0.9685642913110981,38.184673261024116,1,1
4038,case69,external,-1,2,365,3,0.9534685613768895,0.9974995616082185,0.2028985507246377,0.6432942934877716,0.9499372168262217,62.801262509430536,0,1
4039,case69,external,-1,13,51,0,0.8510542795212026,1.0155918485023903,0.1159420289855072,0.15013333336759213,0.9333433931245394,183.37879033812914,0,1
4040,case69,external,-1,7,167,6,1.0403104069972837,0.9996719106361323,0.13043478260869568,0.1385214527566775,0.9383481873525469,101.60620086185108,0,1
4041,case69,external,-1,2,278,1,1.0895295796058029,1.0143663787085098,0.0,0.39662345630476364,0.9698320347902485,55.1206414442949,1,1
4042,case69,external,-1,11,253,4,0.802327194717011,0.9885701487370742,0.18840579710144922,0.8028608740319189,0.9235113428244962,115.52203929143703,0,1
4043,case69,external,-1,5,358,5,1.1595573497923866,1.0058019566378813,0.2028985507246377,0.8103135557188769,0.9457539982318606,98.40443422016776,0,1
4044,case69,external,-1,5,211,0,1.0695176748649406,1.0346923054877335,0.01449275362318836,0.21882330049906376,0.9842546217972371,68.69874287874961,1,1
4045,case69,external,-1,7,103,2,1.2012918418667757,0.9849360754494487,0.17391304347826086,0.8165944149135949,0.9057862954884178,172.79103821097263,0,1
4046,case69,external,-1,10,30,2,0.9191103395409668,1.039143186655935,0.08695652173913049,1.0167115098954198,0.9664619034524076,147.6824978804263,1,1
4047,case69,external,-1,21,4,6,0.9969689496002264,1.0235722206118985,0.05797101449275366,0.23157456496280043,0.9541693916643442,134.317540342488,1,1
4048,case69,external,-1,21,204,2,0.922642308291669,0.9860790548865982,0.0,0.17293138058775256,0.9305401784116051,85.99112525676536,0,1
4049,case69,external,-1,11,85,2,0.7354434479628659,1.0271886771808543,0.04347826086956519,0.6297808537718185,0.9587084170387218,126.75066217549086,1,1
4050,case69,external,-1,20,36,0,1.198864443436754,1.0108967575989058,0.1159420289855072,0.5884455251915084,0.918275398325104,237.80785031482262,0,1
4051,case69,external,-1,18,285,5,0.8288171320326787,1.0285235127334882,0.02898550724637683,0.746958925960139,0.9741601925026657,81.89719617353444,1,1
4052,case69,external,-1,13,190,2,0.7824047900020975,0.9800323386516844,0.1159420289855072,1.0280127600275375,0.9134312877674567,119.36136424513923,0,1
4053,case69,external,-1,14,238,6,0.9555294306740828,1.0108856923638903,0.24637681159420288,0.4579196153177288,0.9455652184952176,115.41896911681127,0,1
4054,case69,external,-1,8,279,3,0.9108286326075836,1.0087709189726717,0.02898550724637683,0.48341587867495367,0.9447475290246604,113.09709503195702,0,1
4055,case69,external,-1,4,2,6,0.9742595175456054,1.0180939218507763,0.04347826086956519,0.9131224495181427,0.9675014459178097,67.9588856623539,1,1
4056,case69,external,-1,4,101,4,1.1633321361059137,1.0183774608357625,0.13043478260869568,0.7850661513798118,0.9639974879220454,80.5801735598508,1,1
4057,case69,external,-1,16,264,1,1.2907002794273148,0.9853420825598791,0.24637681159420288,0.7374072284627337,0.8798811415903874,301.4901542016992,0,1
4058,case69,external,-1,20,282,4,0.9475169772502339,0.9879844210271299,0.04347826086956519,0.25202399305990214,0.9167403817083501,138.99652487489018,0,1
4059,case69,external,-1,17,256,0,0.7395038301111866,1.0324179556108894,0.1594202898550725,0.33328307076386887,0.9877966391257614,55.136290884144834,1,1
4060,case69,external,-1,5,99,5,0.9079213465833701,1.0041506276671968,0.13043478260869568,0.7564219188455343,0.9588525987645409,55.835708389511296,1,1
4061,case69,external,-1,12,96,2,0.9772815777037248,1.0034830999684559,0.18840579710144922,0.15752287805407345,0.9114726820566037,230.81452634686025,0,1
4062,case69,external,-1,13,216,3,1.1453895934140979,1.0314516603180537,0.1594202898550725,0.8563965066644473,0.9471540310297011,191.2515776462045,0,1
4063,case69,external,-1,20,63,4,1.2530599225094512,1.0191083783448405,0.14492753623188404,0.4243413619201817,0.9168513482111963,286.7403149611744,0,1
4064,case69,external,-1,7,285,2,1.1069643071133959,0.9961478018607786,0.08695652173913049,0.6473017348286738,0.9247596021221516,139.82916546183566,0,1
4065,case69,external,-1,8,197,4,1.0237600601767511,1.0051771226708501,0.0,0.9066254500162952,0.9434081949830605,108.50244442565051,0,1
4066,case69,external,-1,18,109,5,0.7806688341419509,0.9997350009338628,0.05797101449275366,0.9102460401111723,0.9530770062490815,61.20922628365542,1,1
4067,case69,external,-1,14,87,2,0.8182564336982339,1.0290414938033616,0.18840579710144922,0.5912453210482774,0.9653929651220265,112.1941316734283,1,1
4068,case69,external,-1,23,86,0,0.9125604912591246,0.9971102117399747,0.08695652173913049,0.8250995858953323,0.9404447210490652,87.40154061484819,0,1
4069,case69,external,-1,10,243,4,0.9522431494654308,1.0002860564150013,0.05797101449275366,0.5656203263148488,0.9180831066022895,179.99442254732634,0,1
4070,case69,external,-1,10,233,6,1.2597927587977764,1.0313050605695357,0.17391304347826086,0.4032573666708778,0.944268736945451,207.28396231389308,0,1
4071,case69,external,-1,0,119,5,0.7797682004962387,1.03913576805032,0.1594202898550725,0.6608393603321843,1.0015200247345952,39.199056954013784,1,1
4072,case69,external,-1,7,331,2,1.21098439722913,0.9874085892826637,0.10144927536231885,0.5188538600561051,0.9007251505939621,206.03576506339243,0,1
4073,case69,external,-1,11,126,1,1.0853185135331878,1.0233030314521239,0.04347826086956519,0.5832739179379793,0.9268611073003389,251.99914973443148,0,1
4074,case69,external,-1,12,51,3,0.9515034698025306,1.0330831178129054,0.08695652173913049,0.46845977549925283,0.9474790487639895,200.44619711362623,0,1
4075,case69,external,-1,6,161,6,1.1699984568222468,0.9875323425004306,0.02898550724637683,0.8411617087404245,0.9398428381313878,65.76415962468324,0,1
4076,case69,external,-1,8,195,1,1.2939840099395739,1.011381208782862,0.10144927536231885,0.40432614095751657,0.9406006701513395,139.16662151045918,0,1
4077,case69,external,-1,15,67,5,0.7998976285399291,0.9984438920705953,0.1159420289855072,0.17140130029153516,0.9405364963533708,92.22259740600244,0,1
4078,case69,external,-1,17,86,2,0.7891773131803661,1.0257385153567846,0.10144927536231885,0.2901665555010916,0.963885144613968,105.23370331610884,1,1
4079,case69,external,-1,17,82,3,0.8904802548151417,1.0247116558124953,0.04347826086956519,0.263839051338908,0.9537908536368338,137.05198170462532,1,1
4080,case69,external,-1,21,223,4,1.1087483143143282,1.0024918840656447,0.0,0.13355489713578392,0.9363945911955389,120.68206999992445,0,1
4081,case69,external,-1,23,311,0,1.2662619454909396,1.008508186431768,0.05797101449275366,0.7623352543888257,0.9219469942697398,203.33782029090418,0,1
4082,case69,external,-1,5,309,5,1.100596899655321,1.0120509912557918,0.0,0.44116910509333734,0.9636717745634276,65.3009092469535,1,1
4083,case69,external,-1,16,181,2,1.120630551074308,1.0082010361079632,0.02898550724637683,0.48658418068011816,0.9361930742757735,142.3796231268178,0,1
4084,case69,external,-1,17,231,3,1.1350988466408551,0.9934914965568147,0.02898550724637683,0.3753198873378169,0.9182019577149122,154.80234725689087,0,1
4085,case69,external,-1,4,151,6,1.100819937501176,1.0221245533103458,0.17391304347826086,0.6043793701802525,0.9839342402000066,40.80379690509163,1,1
4086,case69,external,-1,23,104,3,0.8206820669593777,1.0107390136046397,0.08695652173913049,0.8075826522451313,0.9634810304190755,61.86208624323721,1,1
4087,case69,external,-1,21,237,2,1.1045114590466574,1.01329877306764,0.13043478260869568,0.7504376889744427,0.9533083009361476,99.67355979600343,1,1
4088,case69,external,-1,12,168,4,1.2096559758889427,1.0100540107379077,0.04347826086956519,0.6897812449395132,0.9215683265209664,219.4952624240174,0,1
4089,case69,external,-1,20,318,1,0.8556627498275254,1.0155196425764825,0.14492753623188404,0.22884895020693777,0.9519471810141797,111.29445599421118,1,1
4090,case69,external,-1,17,5,5,0.9146896232759538,1.0132784800173178,0.1159420289855072,0.4152189712875073,0.938265031383864,153.0009051303026,0,1
4091,case69,external,-1,15,336,4,1.1541159040503906,1.0221231455265263,0.01449275362318836,0.665765211166154,0.9261911403836741,250.73853804327,0,1
4092,case69,external,-1,12,315,0,1.251688891648624,0.9895640583624516,0.18840579710144922,0.29288364619822854,0.8581816197179774,461.1192858192893,0,1
4093,case69,external,-1,16,123,1,0.8895738887855563,0.9984798084569585,0.17391304347826086,0.15116324063586545,0.9417418776421875,90.50019512041003,0,1
4094,case69,external,-1,12,86,0,1.0764429796210473,1.00860069221896,0.2028985507246377,0.6158566566323894,0.9054807598963631,289.90027402155454,0,1
4095,case69,external,-1,23,274,3,1.1471251232435928,0.9886190285164271,0.10144927536231885,0.3138967827742894,0.9235359273418529,117.20967891553613,0,1
4096,case69,external,-1,3,155,3,1.0375031627605134,1.0055887748972776,0.10144927536231885,0.7229537775702973,0.9586931711685943,59.76898226247377,1,1
4097,case69,external,-1,0,210,2,1.0376848665485494,1.0268496819697073,0.1594202898550725,0.7461279946075374,0.9798131563517674,61.325666334645796,1,1
4098,case69,external,-1,13,322,5,0.982945206930495,1.0157706054980666,0.02898550724637683,0.7091542388600753,0.9273579240719306,210.2803271098463,0,1
4099,case69,external,-1,15,49,1,0.951807815740044,1.0038194235288405,0.0,0.4264943288805023,0.9212555408283651,186.41059918611086,0,1
4100,case69,external,-1,13,163,0,0.8394110860351207,1.005409204415272,0.10144927536231885,0.9955056952414773,0.9473626816163689,94.91161169836928,0,1
4101,case69,external,-1,23,188,0,0.7422003027260166,1.015764714531123,0.07246376811594202,0.2507551328224754,0.9738462703417515,48.003757950664955,1,1
4102,case69,external,-1,16,183,5,1.0672045733031437,1.0080302279124789,0.07246376811594202,0.44002667256078687,0.9386269216411068,130.31233154089233,0,1
4103,case69,external,-1,4,14,4,1.2637485817250302,1.0146723074402562,0.05797101449275366,0.21826268710733518,0.9429563353990567,139.78358684320528,0,1
4104,case69,external,-1,10,49,2,1.1377295145447588,1.0143665989632151,0.10144927536231885,0.47524466307192853,0.905704917539161,320.9141115838942,0,1
4105,case69,external,-1,18,109,6,1.132741374605502,1.0254530978520622,0.04347826086956519,0.7376082200161379,0.944948826126295,174.84293380361248,0,1
4106,case69,external,-1,2,52,2,0.8359907859806895,1.0111040884310456,0.02898550724637683,0.6158420987127149,0.9657975471564834,56.76302027037772,1,1
4107,case69,external,-1,13,48,1,1.0820379011240158,0.99678589002166,0.07246376811594202,0.5289589583502194,0.8956459903384433,282.54398325056934,0,1
4108,case69,external,-1,1,86,2,0.7434544367014838,1.0279277229960408,0.1594202898550725,1.1541484215400932,0.9907773176494526,37.85276456586667,1,1
4109,case69,external,-1,14,301,4,1.0069103809377564,0.9940106482854594,0.07246376811594202,0.16033343778937612,0.9082999552506368,199.87353701692302,0,1
4110,case69,external,-1,17,90,3,0.9207994232390465,1.0077349480147724,0.04347826086956519,0.8144774125778023,0.9363246295164122,139.86419220670373,0,1
4111,case69,external,-1,7,126,3,0.8222389482280378,0.9968267276771107,0.0,0.13002424557056666,0.9482923624833939,65.26108388549711,0,1
4112,case69,external,-1,0,266,6,1.1139926347400178,1.00783139610676,0.07246376811594202,0.9068735090161353,0.9514261627151152,87.32126562745898,1,1
4113,case69,external,-1,19,150,2,0.8672767206411123,1.021361659687643,0.05797101449275366,0.4770735814987797,0.9584079240616192,107.07892223410462,1,1
4114,case69,external,-1,6,245,3,1.1003210324880794,1.0154598321253965,0.01449275362318836,0.5582727386562374,0.9542509525902862,100.20717525533196,1,1
4115,case69,external,-1,8,83,3,0.9165609347896806,1.0212443888146938,0.17391304347826086,0.45141221889267646,0.944649096386145,159.34380596555124,0,1
4116,case69,external,-1,20,184,2,1.1961291067929265,1.0161979848563372,0.13043478260869568,0.4123872583045905,0.9455961567100705,137.6184886426122,0,1
4117,case69,external,-1,8,134,5,0.8585868153390083,1.0185048115060087,0.07246376811594202,0.6364747954541208,0.9653035063051824,77.54866995882222,1,1
4118,case69,external,-1,22,186,0,0.9677142709903184,1.0317932046155662,0.07246376811594202,0.2968076845921751,0.9756940615116886,85.82174468325877,1,1
4119,case69,external,-1,17,17,5,1.25520451958017,1.023327514409086,0.13043478260869568,0.7034176972242939,0.9090659716128352,348.5270416059636,0,1
4120,case69,external,-1,5,257,4,0.8679504052689407,1.001522484764553,0.1594202898550725,0.29484297800221776,0.9618168217341918,43.2370709786132,1,1
4121,case69,external,-1,16,256,6,1.1166020258914602,0.9935872332781314,0.04347826086956519,0.6442310022609882,0.9244845165598029,132.46497142172802,0,1
4122,case69,external,-1,12,224,5,1.2984774074952385,0.9944365465433448,0.1594202898550725,0.4098507328471503,0.9140443228701056,179.56819295529783,0,1
4123,case69,external,-1,1,19,4,1.00196516055489,0.9883552536091847,0.02898550724637683,0.45017811566801225,0.9295689767993766,95.5366207961795,0,1
4124,case69,external,-1,20,257,1,1.148356847592451,1.021019094516224,0.14492753623188404,0.8220909881778182,0.9516883698829608,132.61373184440896,1,1
4125,case69,external,-1,23,236,5,0.9818026629140575,1.004819425112805,0.1159420289855072,0.6193432829768342,0.9562083952748284,65.40046554752676,1,1
4126,case69,external,-1,18,109,5,1.1849156432144576,1.0028018734620776,0.13043478260869568,0.555331982690445,0.9173227638365476,198.19087273945607,0,1
4127,case69,external,-1,7,111,4,0.9733947763964745,1.0144300436401232,0.04347826086956519,0.5751809682969659,0.9579707705305477,90.09483156608046,1,1
4128,case69,external,-1,0,77,1,0.7431630886984304,1.0181407172539356,0.04347826086956519,1.0560170000621132,0.9704581971380473,61.437321474503506,1,1
4129,case69,external,-1,5,39,3,1.0389942775826426,1.0028317498100399,0.01449275362318836,0.7705259207443155,0.9459780986927857,88.98492163880042,0,1
4130,case69,external,-1,12,307,6,1.0741562135824072,1.0283238478353294,0.0,0.16906380968751042,0.9365284489056286,229.6541487904518,0,1
4131,case69,external,-1,8,326,6,0.8553181416241245,1.0398740280335577,0.17391304347826086,0.24563315610463524,0.9836469992534663,86.96558843247252,1,1
4132,case69,external,-1,0,134,4,1.032536164942365,1.032158973483899,0.18840579710144922,0.5716254249052708,0.9812613886148873,71.43512449095857,1,1
4133,case69,external,-1,2,331,1,0.8665744753455384,1.00844310530097,0.08695652173913049,0.7086979903696827,0.961022518049726,61.368502124532945,1,1
4134,case69,external,-1,9,208,2,1.1614652548775886,1.01358779818336,0.1594202898550725,0.825467866220827,0.9214439803934091,227.52009186334382,0,1
4135,case69,external,-1,10,289,4,0.7768851972312824,1.0300184722052592,0.10144927536231885,0.7768855167329087,0.9688977565082195,102.68923298300405,1,1
4136,case69,external,-1,20,193,5,1.0960737024151204,1.0376355964559485,0.1159420289855072,0.23228018228060843,0.9837209143082178,81.44006194922402,1,1
4137,case69,external,-1,12,55,5,1.2403300003436113,1.024914072602858,0.0,0.8738767962505096,0.9164713591724192,323.09548758404924,0,1
4138,case69,external,-1,22,355,2,1.1940513144615132,0.9864582157358337,0.02898550724637683,0.2001810020258298,0.9001977699219729,203.70365592662415,0,1
4139,case69,external,-1,0,345,3,0.9376429016458896,0.9937628200024426,0.02898550724637683,0.6573164441464442,0.9297846624014087,111.2970467229551,0,1
4140,case69,external,-1,1,203,6,0.9325585744859939,1.0115859130036506,0.2028985507246377,0.957246421954145,0.9724731880275302,41.663088515041075,1,1
4141,case69,external,-1,18,170,4,0.9615533375986505,1.012349496609512,0.14492753623188404,0.3891506080165912,0.951869121220792,99.72554936820545,1,1
4142,case69,external,-1,3,171,6,0.7687729632805843,1.030864289278154,0.04347826086956519,0.5934733689611369,1.0008125365058351,24.887592346835504,1,1
4143,case69,external,-1,8,272,5,1.0269535404575572,1.0268815584655675,0.01449275362318836,0.7946352182373513,0.9654201041477142,104.30887881596526,1,1
4144,case69,external,-1,22,71,3,0.9185256071350899,0.9867469516203698,0.2028985507246377,0.2935683169727144,0.9231788609061535,109.68301891496365,0,1
4145,case69,external,-1,15,317,3,0.8838994565551734,1.0084629625913015,0.01449275362318836,1.0360566510391784,0.9258190135663377,185.77818848289135,0,1
4146,case69,external,-1,2,208,1,1.0144736881117205,1.007369329270174,0.13043478260869568,0.4960810015828447,0.9689302475060775,41.07078519545542,1,1
4147,case69,external,-1,22,100,6,0.9869774019600752,1.021697232406497,0.1159420289855072,1.1066657020145658,0.9691821421891644,77.99965396671699,1,1
4148,case69,external,-1,13,103,6,0.760013959054493,1.0037345804931874,0.01449275362318836,0.6690497792492329,0.9499898583781353,80.06749483037241,0,1
4149,case69,external,-1,5,225,4,0.9729653176727772,1.0363714443520888,0.0,0.376731333637868,0.9890011330722327,61.29400988449124,1,1
4150,case69,external,-1,13,12,5,1.1077877359394654,1.0155738002295602,0.18840579710144922,0.7956328211096132,0.9224436744536465,236.00036032879035,0,1
4151,case69,external,-1,1,95,1,1.2614456613166343,1.0380453744495104,0.0,0.9950248702915797,0.9745502416597918,112.15735707540722,1,1
4152,case69,external,-1,4,143,2,0.7513548614388817,1.0363735413106645,0.2028985507246377,0.9238686965658962,1.0039534181866456,28.872369487413085,1,1
4153,case69,external,-1,22,147,0,1.1726793102899031,1.009591224649143,0.1594202898550725,0.3128694678436525,0.937785297661675,142.3265572455393,0,1
4154,case69,external,-1,1,206,3,1.1672215117013778,0.9850251670997724,0.1594202898550725,0.7771302326249135,0.9277560819597954,88.65652174548522,0,1
4155,case69,external,-1,9,141,2,0.9132764068153779,0.9954288786914204,0.02898550724637683,0.13427545528591306,0.9350554097500989,101.01681156027733,0,1
4156,case69,external,-1,22,52,5,1.0613257247067696,1.0008063379394334,0.04347826086956519,0.3098004611160005,0.9255930444161397,153.7177962949888,0,1
4157,case69,external,-1,9,61,2,0.8850009875374084,1.0003653598742235,0.07246376811594202,0.5371844100036232,0.9265239044270648,150.16992893707135,0,1
4158,case69,external,-1,18,309,5,0.9239292501747068,0.9827329952385461,0.1594202898550725,0.13526846845746593,0.9181714781516485,115.08927978968798,0,1
4159,case69,external,-1,10,8,2,1.2030907396649186,1.0271630679601635,0.02898550724637683,0.5636810949036123,0.8944244827560771,469.4421274139379,0,1
4160,case69,external,-1,18,287,6,1.0083291855648238,1.003920139614777,0.08695652173913049,0.3925391348875705,0.9410363066123828,109.36232822653461,0,1
4161,case69,external,-1,1,269,4,1.299734523857116,1.0156013011111729,0.13043478260869568,0.17327059040892645,0.9404210518588428,153.93513303457996,0,1
4162,case69,external,-1,7,60,6,1.1246957887915752,1.020338048396891,0.10144927536231885,0.36963258419032624,0.9465104533645761,150.15895364595607,0,1
4163,case69,external,-1,6,178,6,1.1942539377712473,1.0194139895674268,0.13043478260869568,0.7402193946789761,0.9719789928833702,63.70490047070267,1,1
4164,case69,external,-1,10,50,3,1.1425532563008836,0.9880582924237697,0.2028985507246377,0.76062339629165,0.8682297263970402,389.37187359117763,0,1
4165,case69,external,-1,1,143,6,0.799556292251215,1.0320907864377507,0.1159420289855072,0.7020870240218744,0.9979510688313589,32.419629972011414,1,1
4166,case69,external,-1,19,183,6,1.182755785722687,1.011370098879372,0.08695652173913049,0.5359073828691343,0.9446061700250964,122.24002789561052,0,1
4167,case69,external,-1,15,87,1,1.086891258006329,1.0058984141474847,0.17391304347826086,0.3094783073397079,0.9133286298802956,232.77761226255188,0,1
4168,case69,external,-1,19,247,4,1.2482529640203877,0.9906004923958643,0.0,0.4669849990809961,0.9054159599245911,199.01279484602296,0,1
4169,case69,external,-1,20,3,5,0.790083743907922,0.9972187798816181,0.1594202898550725,0.6463964096496148,0.9418414137290655,84.17848203272494,0,1
4170,case69,external,-1,15,229,2,1.024664784360118,1.0357989373907097,0.02898550724637683,1.0600889139242806,0.9679500338531888,125.64997704677252,1,1
4171,case69,external,-1,23,237,0,1.0675258619663226,0.9902901036477444,0.24637681159420288,0.6649666913281906,0.9229038823496378,122.56170895733082,0,1
4172,case69,external,-1,5,271,1,1.0863126031605115,1.0190184337733263,0.13043478260869568,0.24888154609664137,0.9699734871272491,65.85397388848467,1,1
4173,case69,external,-1,15,176,3,1.002528116186608,1.0109911161955878,0.02898550724637683,0.31311765252186097,0.9432925155132297,125.39355471918401,0,1
4174,case69,external,-1,15,87,3,0.8288925244644605,1.0157375477514674,0.02898550724637683,0.6811227142199371,0.9518946552604115,113.08121112143313,1,1
4175,case69,external,-1,15,247,6,0.9847541687539971,0.9956963712810126,0.0,0.4846983443112654,0.9344476521255152,102.34611241960108,0,1
4176,case69,external,-1,23,157,1,0.8717679467166224,0.9917405324198452,0.13043478260869568,0.35254990178701956,0.9422129184191542,66.65791631347265,0,1
4177,case69,external,-1,11,210,2,1.2777390861081197,1.0079536993059315,0.1159420289855072,0.49354497688090576,0.9233801952433015,198.82033448359064,0,1
4178,case69,external,-1,6,337,3,0.8687674680216537,1.0122238447521144,0.0,0.20381587468244916,0.9584936114751177,78.85993870186125,1,1
4179,case69,external,-1,1,219,1,1.2230878254366737,1.0218189190346676,0.13043478260869568,0.17575469286893136,0.9627025234403513,95.28257886910335,1,1
4180,case69,external,-1,11,100,0,1.2501816924087952,1.0195886035433086,0.07246376811594202,0.3958255020160852,0.9031624043676151,367.50269602604544,0,1
4181,case69,external,-1,15,197,0,1.2913727874440748,0.9885325783555391,0.13043478260869568,0.6199935596572246,0.9010987361708374,207.7033368302367,0,1
4182,case69,external,-1,16,122,5,0.9689958091986709,1.013322615225371,0.08695652173913049,0.67789204811913,0.9507890840369072,108.0195648469784,1,1
4183,case69,external,-1,15,110,2,0.8927537953516891,0.9960735047074526,0.07246376811594202,0.6719865099024381,0.9186256604661907,161.17043198231804,0,1
4184,case69,external,-1,11,130,2,0.8046056307286944,0.9979900824816026,0.04347826086956519,0.7036817661267932,0.9283708092177727,131.58149961057543,0,1
4185,case69,external,-1,19,292,0,0.8651015320883688,0.9851424162438726,0.17391304347826086,0.48234963083380067,0.928632018535941,88.18357506554462,0,1
4186,case69,external,-1,14,269,6,1.1651562582188026,0.9952018322020035,0.1159420289855072,0.8882189684241054,0.9069715963886288,212.48219758139382,0,1
4187,case69,external,-1,23,357,2,0.863167672572571,1.021531910190937,0.13043478260869568,0.8347949680331809,0.9608311972290473,99.74982422012323,1,1
4188,case69,external,-1,14,177,3,1.141479923370882,1.0261652110030104,0.10144927536231885,0.5582955354116814,0.9416590678233843,195.21042149421137,0,1
4189,case69,external,-1,6,227,6,1.2849804919646266,0.9942364158373486,0.14492753623188404,0.8723259599350226,0.9243517922950604,131.09710276799132,0,1
4190,case69,external,-1,18,112,6,1.0424101049303234,1.0069069857933914,0.1159420289855072,0.1372244590826619,0.9363884742628465,135.77605971483501,0,1
4191,case69,external,-1,5,52,6,1.2097959523449913,1.0305858099642806,0.2028985507246377,1.0334859562078704,0.9682793381214434,107.61221057716428,1,1
4192,case69,external,-1,5,54,4,0.817480979573565,0.9958848791725624,0.1594202898550725,0.4270538528162796,0.9481119805102637,62.42036119768898,0,1
4193,case69,external,-1,0,239,6,0.754722681192035,1.0109075045073288,0.08695652173913049,0.5300428772062288,0.9717212125096382,41.476123125796846,1,1
4194,case69,external,-1,12,131,0,1.1348275729034332,1.0169051527552833,0.02898550724637683,0.4290224228375775,0.9232420119953375,238.11023262337616,0,1
4195,case69,external,-1,18,278,6,0.8165445240868993,1.0197386519326748,0.08695652173913049,0.8192970506536349,0.970200806883795,67.23355921588825,1,1
4196,case69,external,-1,23,242,3,1.0450780039460779,1.003046530859876,0.1594202898550725,0.256429102356275,0.9411167802790076,104.10249344475075,0,1
4197,case69,external,-1,8,251,3,1.2334402347464481,1.0073453485193575,0.10144927536231885,0.6657442508647586,0.9309047836664994,160.58856131306365,0,1
4198,case69,external,-1,7,328,6,0.988018325575287,1.0205992342837822,0.13043478260869568,0.37501008022143156,0.9583486497405012,105.77178801503766,1,1
4199,case69,external,-1,12,24,0,1.1400075257598603,1.0094459179400144,0.18840579710144922,0.7920945237159648,0.8837972558994964,426.2703958548089,0,1
4200,case69,external,-1,0,120,6,1.2694519613948414,0.9867402042479221,0.14492753623188404,0.263544622177211,0.9089353754610069,163.6977885861572,0,1
4201,case69,external,-1,10,201,2,0.8416323465745233,1.0317289155338292,0.02898550724637683,0.4779552939446149,0.9725938479437551,95.85573321777258,1,1
4202,case69,external,-1,2,117,3,1.211005458307689,1.0181483293988458,0.1594202898550725,0.7063155643464357,0.9626630748739211,85.33086494471333,1,1
4203,case69,external,-1,12,139,0,0.885013666432845,1.0227876864422192,0.14492753623188404,0.7245360748593849,0.9537861201969359,132.27987573586776,1,1
4204,case69,external,-1,18,17,2,0.9373003024326806,1.0256600383053476,0.2028985507246377,0.680140090572625,0.9448676584008602,177.82042496096702,0,1
4205,case69,external,-1,17,324,5,1.2137638845672107,1.0059374291647991,0.18840579710144922,0.9449800310210834,0.9214304727606341,196.51413382192212,0,1
4206,case69,external,-1,4,4,3,0.9266299942431009,1.029848098154836,0.13043478260869568,0.4437341272900778,0.9836220038981565,59.47355556617921,1,1
4207,case69,external,-1,19,350,3,0.7729849169425572,1.0263127595387167,0.1159420289855072,0.5447489902594916,0.9634466560661731,107.65882522109797,1,1
4208,case69,external,-1,6,203,4,0.7728522577208751,1.0284346174289527,0.0,0.193055982178423,0.9924523945296395,36.19403318539111,1,1
4209,case69,external,-1,16,320,1,1.0866792447464333,1.0388765656987256,0.02898550724637683,0.6025156679597952,0.9602297421758533,171.13958390387785,1,1
4210,case69,external,-1,7,90,4,1.1867041244489283,1.0226851408535922,0.1594202898550725,0.9188543435250185,0.9420830452178595,178.0328450556186,0,1
4211,case69,external,-1,8,302,0,1.0024314230186953,1.0366263646541694,0.1594202898550725,0.7185597158824657,0.9654343407219929,138.76330794444686,1,1
4212,case69,external,-1,9,203,1,0.7537691470041579,0.9922254103740146,0.17391304347826086,0.4503103528035099,0.945019590177581,62.25968673980813,0,1
4213,case69,external,-1,18,79,3,1.0352049186582968,1.0373795925873606,0.07246376811594202,0.1299583631249904,0.9544738005447054,187.92875890312837,1,1
4214,case69,external,-1,20,61,5,1.2141772279757046,0.9961571309178971,0.05797101449275366,0.8348197754512723,0.9116678244584228,197.72300858871552,0,1
4215,case69,external,-1,21,147,1,1.1318456400474601,1.0139119099064842,0.18840579710144922,0.5363427180035302,0.9490158086858365,119.33395183563643,0,1
4216,case69,external,-1,22,338,4,1.2644411546178833,1.0365178868624385,0.1159420289855072,0.5566483459294341,0.9536769736677304,191.65270051502964,1,1
4217,case69,external,-1,5,262,3,0.8773674379294836,1.0191812110124077,0.08695652173913049,0.9069971171743102,0.9732903415263557,56.72499348017147,1,1
4218,case69,external,-1,21,123,3,0.8712492040511253,1.0150056017601818,0.07246376811594202,0.6251829866580051,0.9602722791279044,83.14828797516638,1,1
4219,case69,external,-1,11,192,1,0.7999962866858963,1.0390983307547828,0.0,0.8445643991803303,0.9813816151701606,90.90340219817922,1,1
4220,case69,external,-1,4,123,4,1.2833713033973437,0.9992638010980502,0.10144927536231885,0.6733369486971935,0.9434594538338654,86.94902674949576,0,1
4221,case69,external,-1,4,248,0,1.1436290593751242,1.0209716434890705,0.10144927536231885,0.7689603484626597,0.9786191168362665,50.99679670645478,1,1
4222,case69,external,-1,10,341,6,1.0267268986593867,1.0042211321922643,0.23188405797101452,0.7201750344660373,0.9073908399181637,253.4629262289651,0,1
4223,case69,external,-1,13,198,3,0.845456582977855,1.0027479716219652,0.13043478260869568,0.2098910738031578,0.9422633996962481,100.72883279414567,0,1
4224,case69,external,-1,4,13,0,1.236112600182337,1.0144573886194,0.10144927536231885,0.9845792029033801,0.9480341633770196,121.85572452189692,0,1
4225,case69,external,-1,22,262,0,1.0382150404528903,1.0357447991389175,0.05797101449275366,0.2510721880054493,0.9724979871213288,109.99850634384275,1,1
4226,case69,external,-1,12,229,2,1.2752168779458781,0.98984753438818,0.04347826086956519,0.9628847580800842,0.9036136542541041,209.38573998067272,0,1
4227,case69,external,-1,23,217,6,0.7293315717686631,1.0360773422268699,0.1159420289855072,0.408861076834976,1.0030881692451379,30.623745005636522,1,1
4228,case69,external,-1,1,15,0,1.1366499840775697,0.998973961535228,0.1159420289855072,0.7905459515382738,0.9322234332587908,121.94959623241535,0,1
4229,case69,external,-1,20,160,6,0.8598849045538395,1.0204983400559877,0.02898550724637683,0.6046174197006979,0.9667705077347655,79.14126709676667,1,1
4230,case69,external,-1,15,183,3,0.9318641832323603,0.9993030078851026,0.14492753623188404,0.8680770217097332,0.9436476528301441,88.07495103096424,0,1
4231,case69,external,-1,1,237,1,0.7590851493303339,1.0097986272945234,0.08695652173913049,0.8301969374876911,0.9760293415068333,31.531442662638693,1,1
4232,case69,external,-1,0,132,4,1.0279656478226573,1.0109114188851207,0.02898550724637683,1.061022596525102,0.9581605755991226,77.73677575024129,1,1
4233,case69,external,-1,1,167,0,0.9824829330296494,1.0128274214189146,0.02898550724637683,0.2618313490193118,0.9642607329580963,64.63825968873847,1,1
4234,case69,external,-1,4,297,3,0.9948089182253339,1.0357682614380257,0.14492753623188404,0.6792746926666033,0.9934089832070445,49.788592182506896,1,1
4235,case69,external,-1,4,1,5,1.2020411170673184,1.0086768355170228,0.14492753623188404,0.2012136424829651,0.948635038776327,98.02512104500055,0,1
4236,case69,external,-1,17,323,0,1.242697843516782,1.031223813211717,0.0,0.906385105373139,0.9404245816753388,226.20139678270766,0,1
4237,case69,external,-1,1,298,0,1.0980616211930867,1.0128049697562034,0.1594202898550725,0.7988488888995207,0.9606202830314022,76.21768669854863,1,1
4238,case69,external,-1,6,157,1,1.0118597642108327,0.9875706388420711,0.14492753623188404,0.6137460549265769,0.9379598760153468,68.09611420726377,0,1
4239,case69,external,-1,16,94,3,1.1350205222909666,0.9982135864315469,0.05797101449275366,0.5127361053555719,0.9100882977254117,213.4502998513835,0,1
4240,case69,external,-1,12,44,3,1.0900113693184732,1.0122754206428386,0.21739130434782605,0.6366667397814091,0.9025000920494523,327.7414215352126,0,1
4241,case69,external,-1,1,234,4,1.040418054850443,1.0386362302621663,0.1594202898550725,0.8134716827607238,0.9886341477306209,68.04227343235438,1,1
4242,case69,external,-1,1,160,5,1.075310423933651,1.0164466993660008,0.14492753623188404,0.255613263636342,0.974599474563163,49.29796721892936,1,1
4243,case69,external,-1,22,177,4,1.1145304439070587,0.9848984552706502,0.0,0.587030676946937,0.9137376491208256,139.14115449077335,0,1
4244,case69,external,-1,16,119,1,1.1395872037891415,0.9892427256700833,0.08695652173913049,0.21752494011133347,0.9063338780480822,186.10497318308344,0,1
4245,case69,external,-1,0,219,5,0.8155578696515621,0.9926025692060577,0.05797101449275366,0.41914228624001487,0.9549331850946717,38.85917571681162,1,1
4246,case69,external,-1,15,328,5,0.9716244711793633,1.0398634817366437,0.07246376811594202,0.3806740078914663,0.9582392962130651,178.48359406193563,1,1
4247,case69,external,-1,8,22,4,0.7660836085537668,1.0174902970254254,0.08695652173913049,0.31064049471988775,0.9583984301784787,97.08398179112733,1,1
4248,case69,external,-1,12,102,1,0.9630815928648022,1.0175025810767606,0.10144927536231885,0.6374421819856667,0.9226944853083111,242.06452876320088,0,1
4249,case69,external,-1,16,90,3,1.019878862343919,1.016241142700577,0.10144927536231885,0.45311207264209735,0.9392407383429141,163.64889663337485,0,1
4250,case69,external,-1,7,305,4,1.1173014724525758,1.0219063461186129,0.08695652173913049,0.5277525435147145,0.9574610802295301,116.90365089603863,1,1
4251,case69,external,-1,10,365,1,0.7412334348211584,1.0287059548167794,0.1594202898550725,1.0226485262575762,0.9659039773802891,107.97698728521854,1,1
4252,case69,external,-1,7,346,1,0.8823082299593324,0.9902993563672451,0.14492753623188404,0.1321993411156761,0.923248924512067,122.92990124611364,0,1
4253,case69,external,-1,3,139,2,0.8812855216049703,0.9829438484705068,0.1159420289855072,0.13613949238664363,0.9456273431990316,38.82463311098991,0,1
4254,case69,external,-1,1,54,5,0.7521715258646887,0.9921255119885892,0.01449275362318836,0.13124700006086598,0.9471892414046668,55.542451568598196,0,1
4255,case69,external,-1,8,32,6,0.7953004892928341,1.0296219803950526,0.01449275362318836,0.7091038840636937,0.9690053358784715,100.15350437091216,1,1
4256,case69,external,-1,2,55,5,1.2238788103274945,1.0365267824294064,0.02898550724637683,1.0425855044082775,0.9746194537414766,104.21796235956128,1,1
4257,case69,external,-1,22,194,2,0.8909724556637985,1.000556104422137,0.18840579710144922,0.8076959087444706,0.9498973916715111,70.63895759476772,0,1
4258,case69,external,-1,15,296,0,1.203444601956915,1.0045809801906607,0.08695652173913049,0.16931672005943293,0.9039481867701883,275.9616222059171,0,1
4259,case69,external,-1,12,326,0,0.8041376575884225,1.0101936152864743,0.07246376811594202,0.6524974671359793,0.9400202608955466,135.04845817168635,0,1
4260,case69,external,-1,21,281,0,0.8708403577013458,1.0267664966161216,0.1159420289855072,0.4276267944260165,0.9741288321611431,77.49481746657037,1,1
4261,case69,external,-1,4,137,5,0.9203277104066523,0.989105026736608,0.04347826086956519,0.8195438687547196,0.9480195316825224,46.26016969306468,0,1
4262,case69,external,-1,18,42,2,1.1548798870644907,0.9809121931244753,0.04347826086956519,0.225162145481328,0.8603892889779603,385.10937897325203,0,1
4263,case69,external,-1,18,260,6,0.9280932126869226,1.0355116466122978,0.14492753623188404,0.8021154809816349,0.9878721112396565,64.68118258147952,1,1
4264,case69,external,-1,17,64,1,1.1811014026939453,1.0266475555164227,0.14492753623188404,0.15536879191820677,0.938501282977865,213.2146197205341,0,1
4265,case69,external,-1,11,27,1,1.034316877674781,1.010749484574347,0.21739130434782605,1.0463019135866538,0.906699773633399,293.0852362041638,0,1
4266,case69,external,-1,20,121,5,0.9327790050156711,1.0021364158268764,0.02898550724637683,0.21163014582777057,0.9443265473109663,91.35342333046297,0,1
4267,case69,external,-1,11,280,6,1.0100413992946973,1.0236839108993552,0.10144927536231885,0.37734028746103543,0.9462198250333238,164.08766106128184,0,1
4268,case69,external,-1,4,320,2,1.163720871079468,1.0013127147403378,0.04347826086956519,0.8852648429543898,0.9395566309859849,103.6592752720681,0,1
4269,case69,external,-1,2,181,6,1.1758988720984036,1.0082673099392463,0.13043478260869568,0.13573906679075087,0.9625071842526808,56.6764169994828,1,1
4270,case69,external,-1,15,188,3,1.0958045147642808,1.0190351777650992,0.17391304347826086,0.13685594415929128,0.9390117468013951,173.68895094182452,0,1
4271,case69,external,-1,16,328,0,1.2946159685373917,1.0087612491509748,0.02898550724637683,0.8570283945813872,0.9024161737396671,307.9917589404972,0,1
4272,case69,external,-1,19,244,4,0.8715662538785719,1.0296448997825078,0.01449275362318836,0.7852108919819558,0.9737928371343572,85.55727688171221,1,1
4273,case69,external,-1,18,115,5,0.7818304080224892,0.9993584942152561,0.07246376811594202,0.7361211870201991,0.9486544151707386,70.6266795948395,0,1
4274,case69,external,-1,2,335,1,0.9971266044118101,1.003644710674675,0.1159420289855072,0.8650590072082959,0.9558704611982003,63.73539397194504,1,1
4275,case69,external,-1,12,298,3,0.8090478253217229,1.0178454564989352,0.13043478260869568,0.4275603027493146,0.9477030287954665,135.38107365879708,0,1
4276,case69,external,-1,5,174,5,0.7887218625441779,0.9977124843363675,0.1159420289855072,0.8166234357314478,0.9671992205304072,26.021092898785565,1,1
4277,case69,external,-1,5,249,0,0.7436033374740119,1.0370980828355518,0.14492753623188404,0.5908376316664181,1.007454788677619,24.6402626645326,1,1
4278,case69,external,-1,23,160,5,1.2641963498725965,0.9806077646283164,0.2028985507246377,0.7532950935609039,0.9159585884292039,116.63530494811671,0,1
4279,case69,external,-1,8,362,4,1.187454910218541,1.0088613790251464,0.10144927536231885,0.7194354253345419,0.915638024965083,239.33532799951485,0,1
4280,case69,external,-1,14,347,0,1.0283858660801637,1.0151099492177753,0.1159420289855072,0.1586179933809842,0.9345076306525355,182.00677916414514,0,1
4281,case69,external,-1,23,91,6,0.9384951367092952,1.0141706677455546,0.0,0.52532206732325,0.956869248106389,88.69366366834683,1,1
4282,case69,external,-1,11,136,0,1.1999494574161147,1.0274414297567696,0.02898550724637683,0.9253724958075092,0.930104122715629,259.9845432379209,0,1
4283,case69,external,-1,11,139,0,1.2989926181689757,0.9910662050198618,0.14492753623188404,0.2940600412430197,0.8846819832078444,309.4783212733448,0,1
4284,case69,external,-1,11,54,3,1.2014024447716942,1.0341804019452498,0.05797101449275366,0.5006620861284486,0.9219061902632872,343.3441286850388,0,1
4285,case69,external,-1,10,187,2,0.9208416478350864,1.0188773178755748,0.01449275362318836,0.5272428804894764,0.9554489837506324,111.36907246775576,1,1
4286,case69,external,-1,19,295,5,0.9769648266400982,0.9904621497041343,0.05797101449275366,0.957889898825324,0.921245171670866,129.59379111924048,0,1
4287,case69,external,-1,3,97,0,1.1539341174356195,0.9953377761808678,0.01449275362318836,0.8097840612132574,0.9427080141114892,76.34772742954813,0,1
4288,case69,external,-1,14,64,3,1.2211461370916095,0.9971353833110825,0.21739130434782605,0.24492165830579485,0.8877081328675117,326.6234342089774,0,1
4289,case69,external,-1,3,266,2,0.899505072850297,0.9829733685480015,0.07246376811594202,0.7082849633918841,0.9476210005152358,34.75905530138302,0,1
4290,case69,external,-1,11,192,1,0.9552649451340552,0.994894452602002,0.04347826086956519,0.3401352669609621,0.9201226866267527,152.29394299632273,0,1
4291,case69,external,-1,7,297,5,1.1036675617749359,1.0171987747898512,0.1594202898550725,0.9837672429134154,0.945623675871024,138.76129519972406,0,1
4292,case69,external,-1,1,195,0,1.1566496609863752,1.0331433624143649,0.18840579710144922,0.7548206441271041,0.9833258211198431,68.33553947941577,1,1
4293,case69,external,-1,3,93,6,1.101305892474061,1.027728877922655,0.1159420289855072,0.6304646136486864,0.9762121694439662,72.61530736503896,1,1
4294,case69,external,-1,15,259,4,1.16759255350637,0.9847499799245766,0.1594202898550725,0.18415847601722124,0.8921487140667613,235.697536232569,0,1
4295,case69,external,-1,11,233,4,1.289805837110613,1.0341468678159478,0.1159420289855072,1.0013038471287081,0.9411766214711723,239.15160930908226,0,1
4296,case69,external,-1,1,222,2,1.257529477502901,0.9897330394866665,0.17391304347826086,0.2821098902701705,0.9317968151884319,91.92578627102316,0,1
4297,case69,external,-1,16,233,2,1.148521167591534,0.9851105310442179,0.1159420289855072,0.7445463523211433,0.9146628769953936,138.57479250952477,0,1
4298,case69,external,-1,0,156,3,0.8099029698539381,0.9913569512178932,0.05797101449275366,0.1526568790715478,0.9461429457744697,55.85633486990105,0,1
4299,case69,external,-1,23,61,6,0.918131327440496,1.004059665052504,0.04347826086956519,0.6882340604286215,0.9495135140110349,82.00457553120862,0,1
4300,case69,external,-1,19,103,3,1.0400355610480865,1.013151511029635,0.13043478260869568,0.11484777887181662,0.934488197095059,168.27588084143002,0,1
4301,case69,external,-1,21,239,2,1.1100962190656347,0.9966473637629458,0.14492753623188404,0.5145941001496751,0.9311894113303115,116.26502329524713,0,1
4302,case69,external,-1,20,341,6,1.2109666739348686,1.003051191534443,0.08695652173913049,0.444862218967163,0.9098206131514411,234.30073232202204,0,1
4303,case69,external,-1,20,87,3,0.8940834411362665,1.034860158423403,0.02898550724637683,0.4686464838763505,0.966334884285385,130.7509129947536,1,1
4304,case69,external,-1,13,228,1,0.923700062515374,1.021285107967193,0.02898550724637683,0.29617082311307413,0.9514017115479878,132.8038799974911,1,1
4305,case69,external,-1,7,195,0,0.9340293902460203,1.0090352369835953,0.07246376811594202,0.7324536784479173,0.961968039740744,61.555671344440945,1,1
4306,case69,external,-1,18,120,5,1.175152357442198,1.035820966833359,0.0,0.1705841752726795,0.958370505932816,163.07908946339296,1,1
4307,case69,external,-1,13,167,3,1.2627446664002222,0.9960285373274035,0.10144927536231885,0.7922836742819549,0.9033711731538333,233.98549967775028,0,1
4308,case69,external,-1,0,249,2,0.8148430110056618,1.0213255066062032,0.08695652173913049,0.5258782317324011,0.9844844783940677,38.318384770896444,1,1
4309,case69,external,-1,10,248,3,0.9740764696519466,1.00127196330666,0.14492753623188404,0.5148298645001678,0.9239461393704966,161.29302723714466,0,1
4310,case69,external,-1,9,344,2,1.0205426035902783,0.9927870366969096,0.04347826086956519,0.5490605196378456,0.8918383036162258,273.2062440059874,0,1
4311,case69,external,-1,19,87,1,0.8924028507415849,0.9911639772850358,0.04347826086956519,0.4546231274816783,0.9275030595176906,112.34329419421806,0,1
4312,case69,external,-1,5,294,5,1.10731335149123,1.0304513254289347,0.1159420289855072,0.3662316418845994,0.9887363874287679,48.892334684844855,1,1
4313,case69,external,-1,6,143,6,1.2242193007133082,1.0171968943617131,0.1159420289855072,0.5174317681357004,0.9521843951418079,114.28663925844788,1,1
4314,case69,external,-1,0,145,3,0.9293858289808119,1.0158827789298006,0.02898550724637683,0.11719480331355651,0.9656210292434352,69.38776436344118,1,1
4315,case69,external,-1,10,5,2,0.8618768580685957,1.0212208972034624,0.07246376811594202,0.2150302924006046,0.931582457551561,220.113407935181,0,1
4316,case69,external,-1,21,268,0,1.0426887892177938,0.9921177665216894,0.14492753623188404,0.2985538151597438,0.92091853575583,139.59360402232792,0,1
4317,case69,external,-1,10,198,4,0.8555005412119306,1.0164590236002045,0.14492753623188404,0.6457311963510008,0.9591491196657891,90.07623442203393,1,1
4318,case69,external,-1,4,223,3,0.7265995788756443,0.9916456659316729,0.2028985507246377,0.5280000309057236,0.960773631625489,26.32571229351295,1,1
4319,case69,external,-1,1,274,5,0.7466080744879762,1.0179492137353816,0.14492753623188404,0.14602631156387474,0.9868560511376544,27.17917882490193,1,1
4320,case69,external,-1,22,21,1,0.9050642236541631,1.0389057986053276,0.04347826086956519,0.6185548996462187,0.9802932016279428,97.21943035602366,1,1
4321,case69,external,-1,0,191,4,1.1398912742798826,1.009157935564482,0.1594202898550725,0.42214864526062107,0.9553646144822963,80.23902618297413,1,1
4322,case69,external,-1,16,11,6,1.2801585032577176,0.9923255237296971,0.1159420289855072,0.3663364953717895,0.882474634044885,324.0560449494692,0,1
4323,case69,external,-1,11,171,5,1.2429868785102165,0.9852710830816234,0.1594202898550725,0.5285184541598886,0.8891295528775919,247.5532385861939,0,1
4324,case69,external,-1,19,32,3,0.9759276502143296,1.0008056438487547,0.05797101449275366,0.630351626153847,0.9130899203480717,209.47857798470523,0,1
4325,case69,external,-1,0,132,6,0.9381699716407398,0.9938181496662541,0.1159420289855072,0.9702509505455091,0.9445417458927239,66.2301492923402,0,1
4326,case69,external,-1,2,75,1,1.2808829448237715,0.985552187761402,0.05797101449275366,0.8763154253176683,0.9104217380024616,151.86709146647493,0,1
4327,case69,external,-1,21,208,3,1.2849313769157091,1.0273975258213919,0.10144927536231885,0.161940580667128,0.9536291709385876,149.98447423917207,1,1
4328,case69,external,-1,6,303,5,0.7447723273828847,1.0325276334856373,0.01449275362318836,0.9496982597973286,0.9921418108073637,44.71539141816631,1,1
4329,case69,external,-1,21,96,1,0.9030219900894982,0.9921129264932405,0.08695652173913049,0.6994567888578439,0.928170492512838,111.93108987143069,0,1
4330,case69,external,-1,7,138,5,0.9393282367944705,1.0300154464364797,0.08695652173913049,0.38912616103411224,0.9841686101461469,59.58292910188636,1,1
4331,case69,external,-1,14,90,3,0.7495625845935431,1.0329563511784667,0.17391304347826086,0.5558662305848703,0.9660335009652302,120.51534622532884,1,1
4332,case69,external,-1,23,97,6,1.1066772848560464,0.991761431997549,0.08695652173913049,0.9191681686337375,0.9140383452628168,162.7042583215043,0,1
4333,case69,external,-1,3,34,3,0.9619246854741988,1.0245301105104114,0.08695652173913049,0.25804297689013894,0.9727241185285568,72.16014607834035,1,1
4334,case69,external,-1,23,352,1,0.7757096491913288,0.9994059116729181,0.18840579710144922,0.7103531653239491,0.9499615074046167,68.22114544960371,0,1
4335,case69,external,-1,2,21,2,1.1450962904727298,0.9995876689780359,0.14492753623188404,0.6285868279382298,0.9307249888278227,129.18171148515137,0,1
4336,case69,external,-1,16,272,4,1.2350803470228593,0.9960435447000394,0.17391304347826086,0.20116098466282945,0.9099099911298474,203.62438765613874,0,1
4337,case69,external,-1,0,59,2,1.260749877539906,0.9960442266457685,0.07246376811594202,0.2677402749486967,0.9168010687653569,175.21919089555266,0,1
4338,case69,external,-1,10,156,1,0.9569224401794095,0.9941898101016928,0.17391304347826086,1.0698216202397348,0.917210336024873,160.9700620152546,0,1
4339,case69,external,-1,7,288,4,1.155524044925187,1.006535434077754,0.07246376811594202,0.552507279291445,0.9246380683777893,178.82319801842584,0,1
4340,case69,external,-1,13,144,2,1.1349430482873604,1.0318046368936364,0.18840579710144922,0.7721100642834833,0.9517851133817223,176.86314183173045,1,1
4341,case69,external,-1,0,283,3,0.803611042779999,0.9989879815273258,0.1594202898550725,0.5661376567883493,0.9549617532750706,53.01704167768379,1,1
4342,case69,external,-1,16,343,3,0.8134090050529867,1.0148966480506085,0.01449275362318836,0.7711593271617531,0.9593426934931215,88.70715561715178,1,1
4343,case69,external,-1,7,267,2,0.771106545969586,1.0129448803197945,0.2028985507246377,0.2006967561178971,0.9680683244802495,54.91771799305501,1,1
4344,case69,external,-1,23,303,4,1.0370600007793676,1.0104610120733253,0.04347826086956519,0.8620090078962322,0.9489256005726904,104.22428450139394,0,1
4345,case69,external,-1,8,133,2,1.1503247708454225,0.9907791574891737,0.17391304347826086,0.22008036914482876,0.9033826913319595,208.60435687849096,0,1
4346,case69,external,-1,15,134,0,1.1085913390931064,1.0097908267508806,0.1159420289855072,0.45569373598351515,0.9312074553720427,170.23632240127452,0,1
4347,case69,external,-1,12,106,1,1.1469292018454391,1.0002495704752756,0.05797101449275366,0.6311306073822438,0.8980022838058022,282.15573133851973,0,1
4348,case69,external,-1,20,64,6,0.9331041103747286,1.008680230231515,0.1159420289855072,0.5355552246825994,0.9359474529374471,144.3558396210928,0,1
4349,case69,external,-1,2,216,6,0.7678738337359613,0.9809942709643974,0.0,0.7981174424813361,0.9503765529053542,26.003993632689184,1,1
4350,case69,external,-1,20,268,5,1.0883940579795695,1.0049369793231586,0.0,0.7757695360814253,0.937444981695306,123.97709759317469,0,1
4351,case69,external,-1,23,41,0,1.069476675073641,0.9888769144008047,0.05797101449275366,1.006123332573236,0.8984580211861739,221.87129877021044,0,1
4352,case69,external,-1,23,295,5,1.1817817172358924,1.030281066729609,0.05797101449275366,0.24641610584032292,0.968702269522572,104.822885443644,1,1
4353,case69,external,-1,18,308,0,1.0902019682230526,1.0034513675274246,0.04347826086956519,0.4578480298965871,0.9214736065192008,181.3245068034698,0,1
4354,case69,external,-1,17,175,3,0.7453695913482126,1.0244690547264697,0.07246376811594202,0.7201981943873166,0.9820838122251494,49.787983555444285,1,1
4355,case69,external,-1,23,310,3,0.8541099989639641,1.035223694661965,0.18840579710144922,0.35064587342393033,0.9859334598771581,68.52164155904697,1,1
4356,case69,external,-1,0,141,1,1.09970454540037,1.0072580353000002,0.02898550724637683,0.3179111972419774,0.9466345775674441,100.54054079634659,0,1
4357,case69,external,-1,14,342,0,0.7391196909387391,0.9822631145125481,0.10144927536231885,0.8966053141320608,0.9124079620993757,132.76163334359353,0,1
4358,case69,external,-1,12,162,6,0.9190105927859864,1.0287162309560964,0.1159420289855072,0.6965090278245449,0.9706469881420582,93.58300115444763,1,1
4359,case69,external,-1,16,165,1,0.8907659625149728,1.0103566546374028,0.24637681159420288,0.3687257921313346,0.9551186156416701,84.96096564923731,1,1
4360,case69,external,-1,5,100,0,1.1666736311818673,1.0138652077616401,0.2028985507246377,0.7965684724553939,0.954727049289386,96.2939817145089,1,1
4361,case69,external,-1,18,140,5,0.9271550586255839,1.0351960235596855,0.1594202898550725,0.9379688969920535,0.9745935508930605,98.81132900004245,1,1
4362,case69,external,-1,20,74,2,1.2058136050601935,1.0007731716597457,0.05797101449275366,0.4904330838202932,0.8973441016100973,288.07988136446517,0,1
4363,case69,external,-1,4,180,4,0.8276281049419492,1.0260980398966602,0.05797101449275366,0.7804320083808797,0.9945836902322038,27.37383028806786,1,1
4364,case69,external,-1,5,57,4,1.1059815203447705,1.0032029813438947,0.1159420289855072,0.20468929182151804,0.9424209248696936,101.54913122979931,0,1
4365,case69,external,-1,17,335,4,0.8376278465558336,1.0351854918869579,0.17391304347826086,0.7486244041544441,0.9704810825467691,115.38582128389554,1,1
4366,case69,external,-1,18,84,1,0.7898104670267229,1.0376590783454558,0.0,0.2763805707326507,0.980246824221753,91.19479727635722,1,1
4367,case69,external,-1,2,263,2,0.9806265439863757,1.0031016500406482,0.10144927536231885,0.6530198243984611,0.9586635114085441,53.90681599684981,1,1
4368,case69,external,-1,18,181,4,1.0098900730699936,1.0380333826664387,0.18840579710144922,0.5004160026348533,0.976781443059709,102.78767640692826,1,1
4369,case69,external,-1,19,365,6,0.7690584730765265,0.9952527297203434,0.02898550724637683,0.46946728544968813,0.9419486624291638,78.64651345716234,0,1
4370,case69,external,-1,20,316,4,1.0882992783170817,1.0371941455468734,0.17391304347826086,0.6054854187067535,0.9531682757534374,190.23134118073727,1,1
4371,case69,external,-1,19,299,6,1.1273240507011553,1.0272248381937472,0.02898550724637683,0.466712279104904,0.9606613390652547,126.17922597883496,1,1
4372,case69,external,-1,4,271,2,0.8655592209151323,1.003662693643572,0.1594202898550725,0.6157741874467453,0.961634983777402,47.83968784523873,1,1
4373,case69,external,-1,12,272,6,0.9170200045160614,1.022666491104604,0.0,0.9551701497561966,0.9563116312720543,119.4913631291411,1,1
4374,case69,external,-1,14,253,5,0.9590873238468874,1.020261944468959,0.04347826086956519,0.489368815044797,0.9528996183068426,123.60410146698015,1,1
4375,case69,external,-1,0,108,0,1.1171096396100635,1.027330633393694,0.08695652173913049,0.0992199156368812,0.9707114688857508,90.88203273731997,1,1
4376,case69,external,-1,23,339,4,1.1868628023063037,1.03278774371553,0.0,0.7051165863287492,0.9603539301972984,143.6780701056728,1,1
4377,case69,external,-1,15,250,3,1.0351879462692029,0.9956806880542373,0.02898550724637683,1.0064274569303104,0.9237544245173893,141.5211386374327,0,1
4378,case69,external,-1,13,359,0,1.2358295631445178,1.0287992891041378,0.05797101449275366,0.6000862889283469,0.9211014191803635,316.6266707257414,0,1
4379,case69,external,-1,19,30,4,0.8536497612362693,0.9870223094192422,0.2028985507246377,0.19046528731838297,0.9145666506371496,143.30406458857155,0,1
4380,case69,external,-1,21,326,5,1.191746858650835,1.0307786789363205,0.0,0.9149836606485314,0.9562193455674804,157.26384291762085,1,1
4381,case69,external,-1,18,310,0,0.9361276233768491,1.004343339599339,0.1594202898550725,0.6718672187181991,0.9331283202738354,139.13991471989857,0,1
4382,case69,external,-1,12,169,4,0.8443122051290829,1.0124846385808095,0.07246376811594202,0.10020974386103854,0.9483098303699433,112.33289896377897,0,1
4383,case69,external,-1,11,222,2,0.7746256087399246,0.9870435310247259,0.05797101449275366,0.8520507790994963,0.9292838427810308,91.19488299361117,0,1
4384,case69,external,-1,7,330,0,0.8697110228383407,1.0148955035365541,0.14492753623188404,0.33895607014665813,0.9559504807446803,94.46079188999074,1,1
4385,case69,external,-1,9,179,1,1.0291413200735746,1.025183535180477,0.18840579710144922,0.6355571740881141,0.9578320306204477,124.06845845332111,1,1
4386,case69,external,-1,15,323,2,1.1927049458896357,0.9887662114121795,0.08695652173913049,0.41461341845856453,0.9029600782832589,207.9183489660109,0,1
4387,case69,external,-1,6,288,4,0.9479449029161816,1.0086694782727412,0.01449275362318836,0.19985730066753205,0.956362925687745,75.72445270176185,1,1
4388,case69,external,-1,1,309,3,1.169167049472365,0.9973205322594547,0.21739130434782605,0.17209086615211372,0.933348398799132,113.6703229105134,0,1
4389,case69,external,-1,20,27,4,0.7426634350141891,1.0225734826317319,0.02898550724637683,0.749308111295477,0.9570632973134068,115.23070212390508,1,1
4390,case69,external,-1,11,297,4,1.0701754514789161,1.0036848045139837,0.02898550724637683,0.2738300165594336,0.9040362454725086,267.431963187611,0,1
4391,case69,external,-1,11,80,2,0.9622924371418979,1.0161815550151707,0.02898550724637683,0.5936021398488683,0.939947862489365,163.3863095648737,0,1
4392,case69,external,-1,5,90,6,0.9472142211451219,0.9862309327684723,0.02898550724637683,0.7329677397413933,0.9378501173540538,63.59222871453622,0,1
4393,case69,external,-1,19,277,2,1.2441146345679623,1.0390516283569258,0.01449275362318836,0.8351088875827514,0.9389309368050275,265.8036819139958,0,1
4394,case69,external,-1,19,105,6,1.2379647336065753,0.9973413049952163,0.01449275362318836,0.30944237995212676,0.9080303961950353,215.1041396521936,0,1
4395,case69,external,-1,23,27,0,1.2340315915616027,0.9942627290606366,0.10144927536231885,0.7329282244784537,0.9095383888382408,199.52386100421563,0,1
4396,case69,external,-1,18,44,1,1.2993604925610074,1.0378489650086915,0.1594202898550725,0.2552400663023331,0.9308797966432883,307.6462271638768,0,1
4397,case69,external,-1,19,278,5,0.9213450860709826,0.991753432221062,0.0,0.7049610270718396,0.9373029022593213,82.53027372473494,0,1
4398,case69,external,-1,6,121,1,0.9589022438913937,1.0199774310419323,0.14492753623188404,0.8195717807594367,0.9702642035142569,68.37166099661798,1,1
4399,case69,external,-1,15,147,6,0.884363984231053,0.9887735114946478,0.05797101449275366,0.883235573847712,0.9243409337568079,112.19657453441738,0,1
4400,case69,external,-1,15,222,5,0.7836630308135454,0.9862124412183235,0.02898550724637683,0.49831102602734695,0.9407030332384522,57.241392343021516,0,1
4401,case69,external,-1,16,340,6,1.2051115730347233,1.0281959953108448,0.01449275362318836,0.7360946630002082,0.9437561047488428,196.3623646052774,0,1
4402,case69,external,-1,21,100,5,1.06448210821226,1.0053853270626307,0.30434782608695654,0.2393586858928277,0.9308833689214905,151.05226694392482,0,1
4403,case69,external,-1,9,360,1,0.9970280228593877,1.0149250176044806,0.17391304347826086,0.6171725624815373,0.9266816851311507,212.53997880568141,0,1
4404,case69,external,-1,9,194,0,1.110592185431289,1.0017376157213829,0.10144927536231885,0.6640518674603584,0.9223562950115329,169.67856554459368,0,1
4405,case69,external,-1,19,320,6,1.0112390090409298,1.0270009712104387,0.05797101449275366,0.8652933297237354,0.952018833769225,152.5619599135817,1,1
4406,case69,external,-1,11,201,6,0.9375951398326551,0.9900267487451477,0.10144927536231885,0.28185643955743067,0.9338776608164325,87.55232337345002,0,1
4407,case69,external,-1,3,146,1,1.1802390773063818,0.9812996774548869,0.02898550724637683,0.4464512106761498,0.9319426541918171,67.81463442371322,0,1
4408,case69,external,-1,15,325,2,0.7549639799696444,0.9865948388994006,0.10144927536231885,0.6311806129951649,0.9185943855603343,124.08804879837594,0,1
4409,case69,external,-1,2,16,1,1.1495316029711964,0.9859371578745468,0.23188405797101452,0.8818056092343258,0.9212295081386593,114.09048328515657,0,1
4410,case69,external,-1,18,39,1,1.1136573482654815,1.0354236367548637,0.17391304347826086,0.991043151822135,0.9576120259251314,167.62518117849777,1,1
4411,case69,external,-1,12,171,5,0.8008969774104637,1.025390076463133,0.01449275362318836,0.8660696934197841,0.9664677029527334,93.85083812537269,1,1
4412,case69,external,-1,16,97,2,0.7220667209867845,0.9808254499688803,0.18840579710144922,0.629645397575832,0.924090042911367,88.31212816154432,0,1
4413,case69,external,-1,8,2,0,0.8885521753434129,0.9825824453136147,0.10144927536231885,0.3603243708269312,0.9117876073706199,138.19378612323584,0,1
4414,case69,external,-1,16,274,4,0.8207898392103643,0.9800203036882742,0.14492753623188404,0.6749823931224566,0.9167352997623427,108.92353910566447,0,1
4415,case69,external,-1,10,358,0,1.0244948879103337,0.9827132433060598,0.02898550724637683,0.9298411270626284,0.8768256729399915,300.16383909371183,0,1
4416,case69,external,-1,5,170,4,0.9448562226095751,0.9820944847986213,0.13043478260869568,0.6004323497108454,0.9406806073337239,46.82960535048194,0,1
4417,case69,external,-1,20,231,4,0.9759229371106832,0.9846747202361318,0.0,0.262332573082971,0.9190159198747132,117.61706002661299,0,1
4418,case69,external,-1,0,163,6,1.2120057970880755,0.9996477741596772,0.1594202898550725,0.31307689953228224,0.9353824542035636,113.7388444816941,0,1
4419,case69,external,-1,11,166,4,1.086764284859103,1.0173630622405823,0.08695652173913049,0.5981036182415461,0.9289587377366675,211.74834009911763,0,1
4420,case69,external,-1,15,183,3,0.805321244784073,1.009709969343025,0.04347826086956519,0.7907110827171738,0.9527798819404834,88.23234683237102,1,1
4421,case69,external,-1,18,226,1,0.8833022775679984,1.008529071794042,0.1594202898550725,0.14936469137616268,0.9547176472902491,79.38052070385858,1,1
4422,case69,external,-1,13,233,1,1.2897496756035907,0.9815424754252295,0.04347826086956519,0.5271773551181982,0.8842941025950218,256.87448760447717,0,1
4423,case69,external,-1,5,334,2,1.2255089545273568,0.985062250698008,0.07246376811594202,0.6718851011550607,0.9204027707951432,114.92120523121852,0,1
4424,case69,external,-1,2,350,2,0.7768189358748576,0.9920123106518434,0.1594202898550725,0.9923935019762599,0.9486968786070745,51.389897226478624,0,1
4425,case69,external,-1,21,285,4,0.8613054629989054,0.9906979162302793,0.10144927536231885,0.6603457445012635,0.9287796169571996,104.14169491264849,0,1
4426,case69,external,-1,19,98,4,1.018279204755512,1.020864509259594,0.04347826086956519,0.6635383162551491,0.9461977947899239,152.94804692219466,0,1
4427,case69,external,-1,12,289,3,0.9282355859122774,1.022377834226182,0.04347826086956519,0.21789706648745147,0.9480832777987416,151.46043133841414,0,1
4428,case69,external,-1,13,123,0,1.2217588261868286,1.0352959568631221,0.08695652173913049,0.29447846019144813,0.9353885133660649,267.3455587120934,0,1
4429,case69,external,-1,23,323,3,1.025360954211254,1.0051430575152696,0.04347826086956519,0.8444277960891569,0.9492295604799916,90.02197790721728,0,1
4430,case69,external,-1,12,55,5,0.9222614683350829,1.0176067221766791,0.07246376811594202,1.252836645184731,0.9358767811459925,181.77970908842826,0,1
4431,case69,external,-1,23,255,4,0.9791498199323895,1.0221259289446938,0.14492753623188404,0.6049397512516607,0.9647511654822098,89.00995535210684,1,1
4432,case69,external,-1,0,262,6,1.1324071550712365,1.03738760726246,0.10144927536231885,0.34423792228124794,0.9817425686077406,84.79850647906034,1,1
4433,case69,external,-1,3,241,0,0.819828900014617,1.0184165414917683,0.0,0.2605669811634117,0.985186669923337,30.402700559307366,1,1
4434,case69,external,-1,13,157,6,0.8991459925701353,0.9948946769511869,0.0,0.1767251854643278,0.9361913623376493,95.76066255205392,0,1
4435,case69,external,-1,21,174,4,1.1263626280011572,1.0275825253891266,0.1594202898550725,0.17976602407036624,0.9682021757121004,98.38017818156045,1,1
4436,case69,external,-1,9,196,5,0.8456362136772647,1.019522737212809,0.07246376811594202,0.5174193122106194,0.9678243620837812,73.36307203558462,1,1
4437,case69,external,-1,19,208,1,0.8545150231347567,1.0070804980976988,0.02898550724637683,0.8042189551017667,0.9561807587897377,70.68329591676142,1,1
4438,case69,external,-1,4,220,5,1.1265941359171114,0.9806190836319437,0.1159420289855072,0.4217703584491348,0.9355567849202413,55.33884565163307,0,1
4439,case69,external,-1,11,298,5,1.1671740483453208,1.0333830520800102,0.02898550724637683,0.48386757449452644,0.9463438104659067,209.34358068464553,0,1
4440,case69,external,-1,0,232,5,1.0726560664492877,0.9819978146256334,0.17391304347826086,0.3553300590661584,0.9249293980464879,87.74976929526446,0,1
4441,case69,external,-1,23,207,3,1.2799236932987914,1.0282344461184845,0.18840579710144922,0.8464364744560567,0.9522373346631744,156.06915189234866,1,1
4442,case69,external,-1,16,310,4,0.9975385463900617,1.0008621680577503,0.14492753623188404,0.5948976459014226,0.9267190302727869,149.56175534903844,0,1
4443,case69,external,-1,15,24,6,0.9702952502673108,1.039868833816862,0.07246376811594202,0.1651442422030931,0.9680002495435309,144.68435977288638,1,1
4444,case69,external,-1,9,143,5,1.0545094110096214,1.0264070056663137,0.05797101449275366,0.5689118640182256,0.9561920809309152,136.2090242632347,1,1
4445,case69,external,-1,12,309,6,0.8438214868606693,0.9933149748965179,0.04347826086956519,0.5818734403599827,0.9267930076909137,123.70581603251046,0,1
4446,case69,external,-1,12,203,3,1.2550832702431454,1.0207136376483579,0.02898550724637683,0.33489662743027565,0.9304987519712967,221.8280221594614,0,1
4447,case69,external,-1,18,130,2,1.2213650446906692,0.9881160838436673,0.17391304347826086,0.33799568346559916,0.9084128445488425,178.96349762950456,0,1
4448,case69,external,-1,16,53,3,1.1497354133802957,0.9921546131710932,0.1594202898550725,0.6179880443841623,0.8996657599060364,238.17761870068728,0,1
4449,case69,external,-1,22,49,3,1.191675252794743,0.9806921764313065,0.1159420289855072,0.42712388966078046,0.858712507004727,395.7863443786446,0,1
4450,case69,external,-1,0,269,1,1.016713867504963,1.0188302371623634,0.02898550724637683,0.6016440084493916,0.9712703150318129,63.41174467696159,1,1
4451,case69,external,-1,4,95,6,0.9341496881552066,0.9873242158395833,0.1159420289855072,0.10401396276947375,0.9446595211444113,50.088186248080575,0,1
4452,case69,external,-1,3,126,2,1.0342240156050062,0.9867939968522299,0.17391304347826086,0.5870374049924413,0.9395032421830157,61.62586657895046,0,1
4453,case69,external,-1,6,325,3,1.2133099269512795,1.0188431098945696,0.0,0.8853131833253037,0.9375205481579811,177.71229675501073,0,1
4454,case69,external,-1,22,256,0,0.9761648895271168,1.0326925371004765,0.0,0.8176987376128612,0.9739572256901151,95.1621323674591,1,1
4455,case69,external,-1,23,258,4,0.8035117449568755,0.9804382456723625,0.23188405797101452,0.4803300206158354,0.9292967075995957,70.72723773515608,0,1
4456,case69,external,-1,1,121,4,0.8171962348835895,0.9972006424103014,0.02898550724637683,0.8765228026995778,0.9536401709820973,52.151743094976766,1,1
4457,case69,external,-1,6,77,3,1.2250489714606305,1.0118138430841639,0.0,0.3409056619626268,0.9388153587938414,147.09809967876978,0,1
4458,case69,external,-1,7,143,2,0.9439780534799138,1.0057249076967683,0.04347826086956519,0.7687711035006102,0.9549979176049335,71.64755878778381,1,1
4459,case69,external,-1,6,71,1,0.772751960561504,0.9800983608894209,0.08695652173913049,0.6529710405411028,0.9378951873800889,49.55878197186742,0,1
4460,case69,external,-1,0,214,5,0.7607087786008601,1.0155156161355245,0.05797101449275366,0.7396332157453919,0.9804722238736714,34.235601480232845,1,1
4461,case69,external,-1,4,270,0,1.1619944403161209,1.0165918127268871,0.1159420289855072,0.2002470935669107,0.9664757519573616,68.72000218602577,1,1
4462,case69,external,-1,20,294,0,0.8795265398865804,1.012703573549524,0.02898550724637683,0.9151671293220733,0.9510682998176331,104.39209481323047,1,1
4463,case69,external,-1,16,43,5,0.7230828549380504,1.027177318638739,0.17391304347826086,0.7657654979324846,0.9730005234270126,80.50621953461714,1,1
4464,case69,external,-1,21,192,1,1.0553811076068218,0.9929418547484891,0.10144927536231885,0.14188599672338384,0.9310171009748187,106.13925835080515,0,1
4465,case69,external,-1,11,189,3,0.8114135111028564,1.0361722842364218,0.1159420289855072,0.9224036408025785,0.9742529928178351,104.59670166064488,1,1
4466,case69,external,-1,19,263,2,0.8988717093802008,1.0216684917479706,0.01449275362318836,0.296596976465162,0.965067559666908,87.75728697164439,1,1
4467,case69,external,-1,14,152,4,1.018081447194429,1.0178495652137183,0.05797101449275366,0.8522104016916389,0.941760657459236,157.0717946318202,0,1
4468,case69,external,-1,1,279,4,1.107968684083321,1.0124093082587537,0.21739130434782605,0.22462052161047974,0.9547216887451196,91.66197345324882,1,1
4469,case69,external,-1,4,263,5,1.035174664825617,0.9863503795189158,0.21739130434782605,0.11654844870976809,0.9438509573731589,49.724781400114836,0,1
4470,case69,external,-1,12,61,4,0.725673988817461,0.9963411039177407,0.26086956521739135,0.14075856158118272,0.9357773723190858,102.42703874171502,0,1
4471,case69,external,-1,6,180,3,0.9047306272761518,1.012812781791065,0.13043478260869568,0.7951214961457449,0.972363880615202,45.87672153410169,1,1
4472,case69,external,-1,14,290,3,0.7581484018713495,1.0308406190520638,0.02898550724637683,0.484455606796565,0.9745838025974424,88.14334986512215,1,1
4473,case69,external,-1,1,359,0,0.7364496367425972,1.0088786769364169,0.05797101449275366,0.8338738269420312,0.9663062986791141,50.2935630926227,1,1
4474,case69,external,-1,3,296,5,1.0536961490973873,1.0136773141131186,0.08695652173913049,0.5925885613876075,0.9725577932611353,46.96955070847209,1,1
4475,case69,external,-1,1,194,2,1.1028423419481594,0.9856178040705691,0.17391304347826086,0.33944610522158836,0.9204906895759751,113.8962346071129,0,1
4476,case69,external,-1,17,223,5,1.1560311013155156,0.9900308627976119,0.0,0.7997501364219979,0.923642719478657,121.53623280822602,0,1
4477,case69,external,-1,10,159,0,0.9450829423531998,1.0232509178184943,0.10144927536231885,0.7393157176430708,0.9507016883182184,141.93762301889186,1,1
4478,case69,external,-1,11,14,5,1.1443082315661586,0.9822922669276396,0.23188405797101452,0.5711730721142827,0.8748379374460216,318.1762147591549,0,1
4479,case69,external,-1,10,239,4,1.118153461178012,1.0080720288730904,0.1159420289855072,1.0545494743056743,0.9339342858686087,154.70784281183697,0,1
4480,case69,external,-1,23,257,0,0.8916336751640506,1.0182710717587062,0.0,1.016209557526553,0.9624140872434954,85.55467429174907,1,1
4481,case69,external,-1,13,154,2,0.983546399906669,1.0213689932857744,0.17391304347826086,1.078932930908275,0.9563190890458321,118.65729739820183,1,1
4482,case69,external,-1,11,99,6,1.20483280851475,0.9809274664070317,0.1159420289855072,0.6786106766324544,0.8752471710026574,304.4376509039497,0,1
4483,case69,external,-1,17,14,6,1.195286120349353,1.033835043741036,0.17391304347826086,0.5028881237243389,0.9466426221005071,209.92286980694777,0,1
4484,case69,external,-1,19,185,3,0.7639190218068987,1.0208933020447468,0.01449275362318836,0.2910963758739836,0.95986116869606,98.36529837172975,1,1
4485,case69,external,-1,11,103,3,0.8531591050920782,1.0159764740048953,0.05797101449275366,0.3512158272404148,0.9415886096644934,150.6758286828946,0,1
4486,case69,external,-1,16,257,5,1.0204196894659978,0.980761373691734,0.07246376811594202,0.5860407400642729,0.9218367800615446,97.35901712017805,0,1
4487,case69,external,-1,8,49,4,0.9024657503746855,1.0092737585948295,0.08695652173913049,0.7528650308784648,0.9332901929461791,157.48282533065256,0,1
4488,case69,external,-1,5,344,5,1.085501798835953,1.0077655998491082,0.08695652173913049,0.3030836834788593,0.952906298015607,82.18127925893855,1,1
4489,case69,external,-1,2,56,1,0.9598062811832712,1.0300468146397779,0.02898550724637683,1.1579683594530061,0.9810596050146045,65.886814754144,1,1
4490,case69,external,-1,2,350,6,1.2726870956190806,0.9955636913046555,0.21739130434782605,0.8499830777226529,0.9306544667737581,115.79188478564778,0,1
4491,case69,external,-1,22,220,6,1.206949000356446,1.0266904358848326,0.17391304347826086,0.2954992432469002,0.960129097079095,121.34967274568297,1,1
4492,case69,external,-1,0,187,6,0.9236812057538561,0.994428104845629,0.14492753623188404,0.888598967068585,0.9468214883943569,61.625935310593945,0,1
4493,case69,external,-1,9,94,5,1.0993833451406811,0.983904569618069,0.02898550724637683,0.6306843931900735,0.8995613609263575,195.8460360354837,0,1
4494,case69,external,-1,21,305,3,0.8202656754064431,0.991941420596242,0.04347826086956519,0.6075242749965806,0.9278835926115491,111.04067217209521,0,1
4495,case69,external,-1,21,351,3,1.1398925784293976,1.0045759668602983,0.0,0.4262722030482562,0.9214105535170392,193.04063157937296,0,1
4496,case69,external,-1,18,239,3,0.8495310816699922,1.0016735012097597,0.07246376811594202,0.2464480856596287,0.9462513213347756,84.20837006616706,0,1
4497,case69,external,-1,2,222,4,1.287523795984212,1.0196054062913136,0.14492753623188404,0.44111515578554295,0.9613492296036129,92.84392416595378,1,1
4498,case69,external,-1,21,323,3,0.77452053387754,1.0067814895412832,0.07246376811594202,0.615768603914958,0.9534445953302585,78.44071583782717,1,1
4499,case69,external,-1,22,91,5,0.9773626616978921,1.009072369336978,0.02898550724637683,0.9896944864733794,0.9573442248241562,74.941959743235,1,1
4500,case69,external,-1,0,13,0,0.8625562504183152,0.9800247096693397,0.18840579710144922,0.2984367447123351,0.9226897092706763,89.12631167214532,0,1
4501,case69,external,-1,2,73,5,1.118770975368538,1.0006551009827422,0.0,0.18974064389604633,0.9486920587708532,74.42436977881684,0,1
4502,case69,external,-1,16,74,4,1.1379700651390452,1.0213797975553793,0.1159420289855072,0.759973841264894,0.9302141986208303,228.3787767616096,0,1
4503,case69,external,-1,17,63,1,0.9772209170809348,1.0355675638364907,0.0,0.7994702043104936,0.9613398811858878,151.14867018735282,1,1
4504,case69,external,-1,15,300,4,0.752562201644319,1.010302128258312,0.0,0.6705513838186867,0.9605504570153547,69.04172191366182,1,1
4505,case69,external,-1,18,223,1,1.0120729359172704,1.0243404481293732,0.05797101449275366,0.14667363479135978,0.9653410665558464,96.04608774999105,1,1
4506,case69,external,-1,23,156,6,1.237249812949722,1.0098360379683837,0.01449275362318836,0.6182812192958135,0.9471919066683163,107.92743586294804,0,1
4507,case69,external,-1,23,111,5,0.7782883894561109,0.9945920587214314,0.05797101449275366,0.6007535052447205,0.9508355133053438,53.18225829637571,1,1
4508,case69,external,-1,11,95,5,1.0357451815793572,0.9977951383647476,0.04347826086956519,0.5909773268003284,0.9128603722552388,198.398716561981,0,1
4509,case69,external,-1,18,116,5,0.8151629697358616,1.0397670267480674,0.08695652173913049,0.48482516374584955,0.98939703282039,69.40328676539976,1,1
4510,case69,external,-1,17,299,0,0.8307516179735014,0.9943397190194675,0.0,0.7622880514933273,0.9419952472117588,77.24277972765069,0,1
4511,case69,external,-1,4,225,1,0.8466050248800626,1.0096398419212957,0.08695652173913049,0.19951595997100544,0.9757589681453579,31.564230660556422,1,1
4512,case69,external,-1,9,219,4,0.7275005603136607,1.0321145595584118,0.05797101449275366,0.4957585272394498,0.9857214488872318,58.9920973082052,1,1
4513,case69,external,-1,1,282,4,1.031242334730779,1.0334404168518883,0.02898550724637683,0.7191614535182556,0.9861018905766231,62.668104307722395,1,1
4514,case69,external,-1,2,40,3,1.1841541395845565,1.0211415360427893,0.13043478260869568,1.0719032766402492,0.964662713662466,88.1166823193235,1,1
4515,case69,external,-1,3,69,2,0.9554406079737018,0.9980121697182538,0.08695652173913049,0.9061994699022837,0.9531815535294883,55.80719546490144,1,1
4516,case69,external,-1,2,202,0,0.7636332163527867,0.992660357161491,0.0,0.34501213340111314,0.9620661771679221,26.174786568244375,1,1
4517,case69,external,-1,21,250,2,1.2903176060096029,0.9841114240233416,0.14492753623188404,0.5972448977654294,0.9097302414262888,155.0088778987931,0,1
4518,case69,external,-1,19,196,6,1.2542283335841804,1.020750125357598,0.10144927536231885,0.5163040668747726,0.9523552987057823,127.8440382300141,1,1
4519,case69,external,-1,10,105,3,0.7322976334482499,1.0396335481395298,0.04347826086956519,0.14154874568799286,0.985322296106418,81.48993700850777,1,1
4520,case69,external,-1,0,98,0,0.8477888293340425,1.009357713847032,0.02898550724637683,0.8285372915531549,0.9575308120092119,73.3557585400057,1,1
4521,case69,external,-1,3,161,4,1.1614720687821831,1.02268963308732,0.08695652173913049,0.22476386850117688,0.9687098948626497,78.43710703483028,1,1
4522,case69,external,-1,18,192,4,0.7373213558771313,1.03345869163404,0.07246376811594202,0.41790200845776654,0.9913069956384079,49.49111894631833,1,1
4523,case69,external,-1,17,6,0,0.8319784840708182,1.0275002879265227,0.10144927536231885,0.4917737646092408,0.967383756674686,101.59945650702612,1,1
4524,case69,external,-1,16,189,6,1.2889175566588822,0.9894788334914583,0.13043478260869568,0.8162173958236331,0.9081004853015695,177.76486757475755,0,1
4525,case69,external,-1,23,168,0,0.8039077394025651,0.9807925139686181,0.18840579710144922,0.5510235006397217,0.9413061204988074,43.9681743839619,0,1
4526,case69,external,-1,16,322,2,0.9867682046240798,1.0047687023591068,0.0,0.4712687258971723,0.9256683935047065,169.7942002870122,0,1
4527,case69,external,-1,11,290,2,0.9065006028044779,0.9872070632349002,0.18840579710144922,0.5141664431691472,0.9101354164765215,160.85567690876118,0,1
4528,case69,external,-1,23,70,2,1.1315902473016486,1.0151951499688445,0.04347826086956519,0.2851742995091161,0.9380472831114899,161.17984072545033,0,1
4529,case69,external,-1,5,114,0,1.1470786736731458,0.991804732129238,0.14492753623188404,0.3102549921967751,0.9350393546377389,89.46136275441414,0,1
4530,case69,external,-1,3,17,1,0.9264174847553702,0.9917219262093381,0.13043478260869568,0.2674779764937736,0.9457818278413745,58.97783883688224,0,1
4531,case69,external,-1,4,197,4,0.7827664598921233,0.9860302001968947,0.08695652173913049,0.8505001453853075,0.9511476649752733,33.34703097086047,1,1
4532,case69,external,-1,18,314,3,0.8955804237832529,1.0006873022826295,0.18840579710144922,0.4508218223491127,0.9357711355951597,115.944083331385,0,1
4533,case69,external,-1,15,299,5,0.8928301624848076,1.030937860002921,0.05797101449275366,0.27020966116856654,0.9723256341966507,95.74042878237985,1,1
4534,case69,external,-1,5,16,0,1.03858513249778,1.0204727624992407,0.08695652173913049,0.27079307309553574,0.96080717986605,97.73496893718806,1,1
4535,case69,external,-1,14,18,0,1.1555855766782717,1.0283804991807814,0.10144927536231885,0.33231720606100373,0.933629035040108,248.75169597221526,0,1
4536,case69,external,-1,15,93,5,1.194438943037917,1.03101350839026,0.0,0.3877670517088965,0.9543298091884842,165.98400534458423,1,1
4537,case69,external,-1,13,262,3,0.7633193324129313,1.001440369378161,0.02898550724637683,0.15777708503563107,0.939996994331059,103.72487317366509,0,1
4538,case69,external,-1,14,234,5,0.9686828443910642,1.0047912663693377,0.05797101449275366,0.651784050958944,0.9480730404369653,89.98721514240557,0,1
4539,case69,external,-1,6,45,6,1.1145183951022823,1.0212411110132649,0.08695652173913049,0.34446944367157184,0.9682351239919843,79.79444041051045,1,1
4540,case69,external,-1,6,153,2,1.0691541065381034,1.0075839211280548,0.14492753623188404,0.31055390068842653,0.9572826996664073,70.85816681532832,1,1
4541,case69,external,-1,19,293,3,1.1619180137461573,0.9967915436862977,0.18840579710144922,0.7454898208836254,0.922583270503478,153.47494146511005,0,1
4542,case69,external,-1,1,201,6,0.7530271685158921,0.995392941137548,0.05797101449275366,0.3695587720934661,0.9643543852269425,26.72136572121906,1,1
4543,case69,external,-1,17,150,6,1.237023422541708,1.0332014084102286,0.0,0.33138999241977385,0.9630083440212291,137.39078161153907,1,1
4544,case69,external,-1,11,21,4,0.7868877339628693,1.0150563406480502,0.10144927536231885,0.4203050258953527,0.939731492998961,157.87798458262452,0,1
4545,case69,external,-1,15,317,0,0.7206068815289832,1.0215511138248066,0.14492753623188404,0.3918702842999331,0.9634913260281941,92.82218415114596,1,1
4546,case69,external,-1,16,278,3,0.9532959232377904,1.0224404452453202,0.08695652173913049,0.7266442766091681,0.9541283619346138,127.3880871839925,1,1
4547,case69,external,-1,21,297,3,0.8829055972113538,0.9838650378215467,0.14492753623188404,0.25298333536012957,0.9180369745038126,117.1268300984339,0,1
4548,case69,external,-1,12,269,5,1.2829557420497504,0.9944637288494004,0.13043478260869568,1.1002054787776743,0.9013380988293707,237.96656414408898,0,1
4549,case69,external,-1,11,109,0,0.8274746329920112,1.0317054014504772,0.05797101449275366,0.2103259634041499,0.9455884880582079,194.98612521385067,0,1
4550,case69,external,-1,2,28,1,1.0220345743237313,1.0176714484693121,0.2028985507246377,0.6673868066326236,0.9703720980651841,64.02072042679416,1,1
4551,case69,external,-1,13,79,4,1.282649235156894,0.9827208544584205,0.04347826086956519,0.5269550316053689,0.8826726042675689,282.9269944855571,0,1
4552,case69,external,-1,15,6,6,1.0095225091640752,1.0343662899348989,0.1159420289855072,0.30176441395616854,0.9632366816002678,140.1948749940687,1,1
4553,case69,external,-1,20,301,6,0.8522265353927141,1.0076386280363792,0.04347826086956519,0.41801928956872003,0.9521830064439563,84.92594654450933,1,1
4554,case69,external,-1,21,34,0,0.7483285437016186,0.9990973637452515,0.04347826086956519,0.6500717579117826,0.9450686231084349,81.1347131242715,0,1
4555,case69,external,-1,11,100,6,0.8508075435015072,1.0383171007624852,0.14492753623188404,0.4621930136478364,0.9751000567634273,111.16083955756757,1,1
4556,case69,external,-1,0,357,6,1.2245675413811483,1.0024735566014191,0.1159420289855072,1.1312568146456803,0.9294916208225582,146.47667153717234,0,1
4557,case69,external,-1,16,36,3,1.1467527789716956,1.0010260265039035,0.1159420289855072,0.6321907745627151,0.9006656697445069,273.12719840307705,0,1
4558,case69,external,-1,6,112,3,0.9227874415763915,1.0258648899482785,0.24637681159420288,0.36782238427405484,0.9715690108339955,80.47526092597809,1,1
4559,case69,external,-1,12,72,1,0.9399361240066298,0.9811239146831268,0.2028985507246377,0.19762084148736545,0.8877083510166688,237.67578752830755,0,1
4560,case69,external,-1,7,59,5,0.9149393919159492,0.9803754912809887,0.17391304347826086,0.5972622655690828,0.9191614125306823,101.33011006549529,0,1
4561,case69,external,-1,18,340,4,0.8884491588147083,0.9839648475310717,0.14492753623188404,0.3751341377982862,0.9084281506236019,155.12840790911565,0,1
4562,case69,external,-1,17,38,0,0.7283385408341827,0.9853895391315906,0.05797101449275366,0.8212882403167945,0.9261280919052121,96.71940019991276,0,1
4563,case69,external,-1,3,107,0,0.9623798661912184,0.9813316713800118,0.10144927536231885,0.44277710860159175,0.93329101348023,63.398916206120454,0,1
4564,case69,external,-1,12,13,1,1.0430879038593202,1.0109570653091315,0.1594202898550725,1.0692344937212048,0.9122947462844226,267.3193407851992,0,1
4565,case69,external,-1,0,219,0,1.1517303185841037,0.9914691044260078,0.07246376811594202,0.20101341740576,0.9382446031481231,78.82094206639157,0,1
4566,case69,external,-1,0,13,5,1.2962810933400872,0.9914258353792449,0.05797101449275366,0.4875086297207616,0.9215789950302081,137.01675610953365,0,1
4567,case69,external,-1,20,170,2,1.1557453601230723,1.0395501890265162,0.2028985507246377,0.6579056875390211,0.9657524980967723,147.74457445006195,1,1
4568,case69,external,-1,9,192,6,1.0399828804560431,1.0262756140158862,0.01449275362318836,0.22322456876411734,0.9635280142495748,109.65043266292327,1,1
4569,case69,external,-1,23,364,4,1.2719954781726626,0.9839397103389388,0.02898550724637683,1.0112120567649197,0.9016647874370347,188.91494417294308,0,1
4570,case69,external,-1,3,101,1,0.7453461856051743,0.9864604488892519,0.07246376811594202,0.9181515184652992,0.9480783820074983,40.04644895176358,0,1
4571,case69,external,-1,22,261,6,1.2836477915611062,1.0295975039483722,0.13043478260869568,0.5623641729183558,0.9505098585594198,168.7163867649771,1,1
4572,case69,external,-1,17,244,1,1.001832337374148,0.9933122411282531,0.05797101449275366,0.1480094778459451,0.9244924499105244,127.26067884715772,0,1
4573,case69,external,-1,0,94,1,1.0751776730066687,0.9912818376929967,0.14492753623188404,0.8681308163601164,0.9312416828078063,99.91084989597852,0,1
4574,case69,external,-1,22,241,2,1.145620435563064,1.039350407082591,0.17391304347826086,0.2570517345531375,0.9802669039052929,97.37555995490662,1,1
4575,case69,external,-1,4,265,1,0.738655571446358,0.9926759938848302,0.2028985507246377,0.48667544537823026,0.9564795745357265,35.48851084676741,1,1
4576,case69,external,-1,15,67,3,1.0210925183167445,1.0276736134907811,0.1159420289855072,0.48171221150967997,0.9467519989084051,179.31303938599703,0,1
4577,case69,external,-1,20,46,1,0.8780979262167892,1.0333518835608728,0.1159420289855072,0.308268159435888,0.9634863211201132,134.36283687136168,1,1
4578,case69,external,-1,22,146,5,0.7971904064161047,1.0126864226694188,0.1159420289855072,0.7730926265345369,0.9679137930606021,55.49841512364331,1,1
4579,case69,external,-1,21,83,4,0.7522928900864393,0.9812186796389519,0.08695652173913049,0.3472778516993592,0.9249830566934496,86.02838027669658,0,1
4580,case69,external,-1,2,288,6,0.921701871457206,1.0180298325135004,0.02898550724637683,0.1496197763513498,0.9760884568490765,47.41975352852593,1,1
4581,case69,external,-1,1,21,2,0.959676220543413,0.9954950680940672,0.13043478260869568,0.6362854711165614,0.93385313453063,104.06718486761739,0,1
4582,case69,external,-1,15,212,1,1.2458616759525483,1.0217062782443365,0.04347826086956519,1.0549470100388332,0.9330687239100421,212.95458813789637,0,1
4583,case69,external,-1,10,239,5,1.2543069906932347,1.010526859170287,0.01449275362318836,0.19903441931014082,0.9197985306577228,225.32627162910876,0,1
4584,case69,external,-1,6,310,2,1.1589492136189947,0.9869812407569138,0.26086956521739135,0.12911577411036776,0.9114974950537753,154.30164005401372,0,1
4585,case69,external,-1,7,98,5,0.8698081244859045,1.030517877747893,0.02898550724637683,0.6992914291940394,0.9813872536062893,66.17879109210703,1,1
4586,case69,external,-1,7,173,0,1.2077188339377063,1.0094135050127577,0.13043478260869568,0.25761256938087623,0.9422892837190254,122.40465188559564,0,1
4587,case69,external,-1,4,49,5,0.976163868320772,0.9868575741593681,0.08695652173913049,0.22384484659010506,0.9368097285240565,68.39995883393173,0,1
4588,case69,external,-1,5,306,0,0.7699995984276444,1.021478648037584,0.01449275362318836,0.12759061091518145,0.9837297202529813,39.676874431519444,1,1
4589,case69,external,-1,4,15,2,0.9103479388877845,1.0171648970379779,0.01449275362318836,0.8437400426859767,0.9677614074425108,66.25937487511182,1,1
4590,case69,external,-1,7,131,4,1.273092929171497,1.0033957786278624,0.08695652173913049,0.7336046141234522,0.9351700775687458,130.36853788122792,0,1
4591,case69,external,-1,4,7,5,0.9207163445798661,1.036556031920466,0.1159420289855072,0.589698809230989,0.9937479253124276,50.92370607593295,1,1
4592,case69,external,-1,2,133,6,0.9085842717240405,1.0373525375810144,0.17391304347826086,0.519176616005553,0.9939736164017731,50.63298502388076,1,1
4593,case69,external,-1,15,260,3,1.0530217337281194,1.0354694487713774,0.1594202898550725,0.658490663925594,0.9640020153341108,141.0059187769797,1,1
4594,case69,external,-1,0,173,2,0.9280568962556213,0.9854104479226868,0.07246376811594202,0.1306358352572358,0.9357311188652702,67.68473614694176,0,1
4595,case69,external,-1,18,305,2,1.1058449200126175,1.033514814416307,0.14492753623188404,0.25414786213722707,0.9497612739585242,189.90951836374907,0,1
4596,case69,external,-1,16,8,5,0.8336668182849757,1.0111352412442618,0.0,0.746594422024885,0.9466454206199266,113.68678148943084,0,1
4597,case69,external,-1,19,335,5,1.088542460371354,1.0333586401097168,0.0,0.8148598612310202,0.9601281294782089,149.15611150713133,1,1
4598,case69,external,-1,14,162,3,1.0391164752048099,1.0008684703259791,0.02898550724637683,0.30717530665272347,0.9234369915332794,164.84706287210133,0,1
4599,case69,external,-1,23,271,4,0.962264711172343,0.992040968507152,0.0,0.8264352735968747,0.9330464060208546,94.85366626225772,0,1
4600,case69,external,-1,0,266,2,0.969120263580813,1.0247959968496683,0.07246376811594202,0.9318081390728806,0.9709533548391002,78.36419628555096,1,1
4601,case69,external,-1,22,197,6,0.848185593349815,1.0021647094927089,0.14492753623188404,0.6152539706452572,0.9598047485995065,49.94614124919697,1,1
4602,case69,external,-1,23,205,5,0.8273830191311154,1.0138991662694603,0.1159420289855072,0.6617112854442396,0.970205649811856,51.82940050659672,1,1
4603,case69,external,-1,13,91,6,1.0873340480137064,1.0191150257264676,0.01449275362318836,0.2145439292698846,0.9348340165065092,196.156280644999,0,1
4604,case69,external,-1,0,12,4,1.1152636933850761,1.015144885533206,0.13043478260869568,0.7879339740131898,0.9330494794062687,180.8490543494074,0,1
4605,case69,external,-1,22,12,5,1.1979185330653208,1.0020132611914567,0.17391304347826086,0.7512119034779886,0.9195914814295065,186.6801216574755,0,1
4606,case69,external,-1,19,231,5,0.8742454956327029,1.0030828422506608,0.08695652173913049,0.7919388849600436,0.9534920482153495,67.95747836195494,1,1
4607,case69,external,-1,9,65,6,1.1875131664763172,1.0054065420973757,0.08695652173913049,0.33163177681131983,0.9050813656249534,270.6615425284132,0,1
4608,case69,external,-1,20,156,2,0.9252013674651343,0.9849174682970424,0.18840579710144922,0.3808835791747237,0.9280220210714214,90.10925573185698,0,1
4609,case69,external,-1,8,265,2,0.8925895713643682,1.012462714471081,0.13043478260869568,0.8149065093700267,0.9594654579191486,79.02316221796977,1,1
4610,case69,external,-1,2,231,0,0.9975154539343556,1.0149300281015814,0.0,0.5034499110973302,0.9749708337897753,44.12797888575324,1,1
4611,case69,external,-1,6,320,1,1.261706356919201,1.0181392389178323,0.01449275362318836,0.4430088733229986,0.9398743478430577,164.41286324688815,0,1
4612,case69,external,-1,2,26,1,0.9191272269873875,1.0307442388647015,0.08695652173913049,0.5870995299669494,0.982232112076041,65.11330242117212,1,1
4613,case69,external,-1,4,144,5,0.8897207322580482,1.0247016459918041,0.1159420289855072,0.5893178034151904,0.9890530152226648,34.61707009677155,1,1
4614,case69,external,-1,22,328,1,0.9625861071747195,0.9944334894227622,0.13043478260869568,0.21958043846697559,0.9236848343420291,135.54283169234344,0,1
4615,case69,external,-1,22,274,0,1.262876233793975,1.0097248748466685,0.0,0.6741846633604639,0.9164756609649998,235.3637074273477,0,1
4616,case69,external,-1,15,346,4,0.9323559984583104,1.0097401918320492,0.23188405797101452,0.7852031088435192,0.9212028665889332,208.70475177943007,0,1
4617,case69,external,-1,20,8,5,1.1417992021784662,1.027596315929916,0.2028985507246377,0.5030273559191512,0.9512570319666295,160.60348568197392,1,1
4618,case69,external,-1,19,172,5,1.1276872369100979,1.0328157438272922,0.04347826086956519,0.5431916013885002,0.9648847617056825,125.7178930560321,1,1
4619,case69,external,-1,19,237,4,0.8081024983436911,1.017823336492404,0.1159420289855072,0.7498876377656883,0.9718311510800672,59.4947291912255,1,1
4620,case69,external,-1,6,72,4,1.2874082966704754,1.0060538800603307,0.07246376811594202,0.42705111730071954,0.9351908830992078,139.35285349893383,0,1
4621,case69,external,-1,1,112,1,1.0379986053222618,1.020238390298992,0.2028985507246377,0.8342130272800405,0.9716583509400516,65.09442683179617,1,1
4622,case69,external,-1,2,358,0,1.1198061606320004,1.0037979532612349,0.10144927536231885,0.4868145292826721,0.9426910836902207,102.3366797742813,0,1
4623,case69,external,-1,12,34,1,1.227832652536154,1.0301076566288911,0.04347826086956519,0.17349833307028223,0.9043528384371364,429.9316182255063,0,1
4624,case69,external,-1,9,357,2,0.7972445193152131,1.0397489730164902,0.13043478260869568,0.8219602270059885,0.9650891234773834,149.605760456611,1,1
4625,case69,external,-1,21,255,0,0.7585964665597366,1.0295907472574926,0.07246376811594202,0.9731365422942885,0.9885876518875661,47.832668297711066,1,1
4626,case69,external,-1,18,270,4,1.2186880522843437,0.9993416777762008,0.18840579710144922,0.6454726128266494,0.9151678227570449,193.23084056012326,0,1
4627,case69,external,-1,4,192,5,0.7902936233145883,1.0031591211447073,0.01449275362318836,0.47799402615234377,0.9730491803461764,25.232866536462055,1,1
4628,case69,external,-1,22,358,3,1.0074430224490527,1.0386495477866444,0.14492753623188404,0.63913482875638,0.9607429224582312,164.39488634759778,1,1
4629,case69,external,-1,14,182,1,0.8769464033714941,0.9851705926704042,0.02898550724637683,0.18904106566138432,0.9289691613627682,88.12612595654193,0,1
4630,case69,external,-1,18,282,5,1.121516763860367,1.0172080621825863,0.08695652173913049,0.747969786229008,0.9399469571950885,161.4452796869252,0,1
4631,case69,external,-1,5,300,0,0.7587762174961286,1.0219860034512782,0.0,0.3875299996867091,0.9803857240956161,46.547550694132276,1,1
4632,case69,external,-1,18,320,2,0.9920896328194779,1.029721256484765,0.07246376811594202,0.6061248533684094,0.9502449661882967,169.193356116334,1,1
4633,case69,external,-1,0,97,1,0.7775067335010211,1.0391743035114747,0.14492753623188404,0.6098635960754657,0.9958862055639078,51.574046342346456,1,1
4634,case69,external,-1,14,304,4,1.1910795790418098,1.0023708332070103,0.18840579710144922,0.8114531261139738,0.8979037707671653,300.42391233286276,0,1
4635,case69,external,-1,3,61,1,0.8371271660101877,1.0281275402901875,0.18840579710144922,0.3660705415527964,0.9822664951852446,56.882318040642616,1,1
4636,case69,external,-1,23,297,0,0.8953259906088604,1.014813355025956,0.1159420289855072,0.3294689525001901,0.9609621034338327,80.42770132512386,1,1
4637,case69,external,-1,3,335,3,1.045427857871877,1.0346907345227798,0.17391304347826086,0.650170159412286,0.9814175750162676,76.86782721741605,1,1
4638,case69,external,-1,12,44,0,1.2372713512824756,0.9839170368151825,0.10144927536231885,0.41716329105563976,0.8616167436169144,403.42504972866243,0,1
4639,case69,external,-1,13,259,2,0.8172442399691134,0.9972131292589587,0.07246376811594202,0.8569803249605988,0.9318213716670074,117.565412204738,0,1
4640,case69,external,-1,13,183,4,1.220327204811835,1.0074030000178926,0.14492753623188404,0.365582701170494,0.9071452830967602,270.8203286610505,0,1
4641,case69,external,-1,21,81,1,1.244274217988951,0.9805704663543398,0.1594202898550725,0.19472489510789814,0.8711588275143008,320.38003093531546,0,1
4642,case69,external,-1,8,365,2,0.7823113764909119,1.0063823021429041,0.0,1.0325486101762487,0.94116274828468,116.69620810994891,0,1
4643,case69,external,-1,20,125,2,1.0688703875067405,1.0062637963898742,0.04347826086956519,0.7923489259432345,0.9373526965684388,131.7475748214805,0,1
4644,case69,external,-1,12,169,2,1.141651392460186,0.9857872646296968,0.01449275362318836,0.20388016886927282,0.8896911209920567,253.63486696493896,0,1
4645,case69,external,-1,1,197,2,1.1297101432482115,1.0097318500546497,0.0,0.3466984499972845,0.9595334281286281,69.61955219900497,1,1
4646,case69,external,-1,18,332,5,0.9810883112025948,0.9965370230016986,0.10144927536231885,0.41093466749573454,0.927848475300933,128.99438604195961,0,1
4647,case69,external,-1,7,24,6,1.1474435114265644,1.0388082189364725,0.18840579710144922,0.5270069000787986,0.9638376418556417,155.08404003767455,1,1
4648,case69,external,-1,10,133,0,1.0914506606927248,1.0121877139367588,0.0,0.11522442065267173,0.9174522277140736,242.42720105539735,0,1
4649,case69,external,-1,2,231,4,1.0291904513308956,1.017483126628926,0.0,0.2879128922167694,0.9779482052769997,43.608157373231705,1,1
4650,case69,external,-1,11,195,2,0.9310558332991418,1.0172145059650495,0.14492753623188404,0.22121168037245267,0.9495762009260034,123.49933744165789,0,1
4651,case69,external,-1,18,109,6,0.8168497092766958,1.0309302405555674,0.13043478260869568,0.3728482719881041,0.9769354693377419,80.41144498300562,1,1
4652,case69,external,-1,19,51,2,0.7555637190464896,0.9818865925491644,0.14492753623188404,0.14811069419547068,0.9266014706755455,85.37610812118673,0,1
4653,case69,external,-1,1,360,6,1.1689542125298225,0.9859719932315792,0.1594202898550725,0.8830890927807354,0.9244979993507764,105.48460702143028,0,1
4654,case69,external,-1,17,207,5,0.9866998056997606,1.0395987641276108,0.14492753623188404,0.40129759653546737,0.9875929492260271,75.26881743333007,1,1
4655,case69,external,-1,17,275,4,1.2176107615593097,0.9920314664515442,0.05797101449275366,0.12044393868003661,0.9081503441218584,193.1898890773615,0,1
4656,case69,external,-1,14,117,4,0.7319396811467955,1.0233963787176874,0.02898550724637683,0.35578417677561647,0.9679987673380438,84.72625976236667,1,1
4657,case69,external,-1,19,239,0,0.9326255997527585,0.985336388719451,0.04347826086956519,0.9904213009476771,0.9231465043787626,105.1712960990006,0,1
4658,case69,external,-1,10,306,2,0.7404955318922566,1.02505651551887,0.18840579710144922,0.15226289034474005,0.960612089345539,111.87847141151964,1,1
4659,case69,external,-1,12,145,0,0.861876470293298,0.9826626130568744,0.0,0.21557104141428435,0.9089516664741117,148.01535186833829,0,1
4660,case69,external,-1,18,131,4,0.8504455966100665,1.0262316074569673,0.23188405797101452,0.47733259441713927,0.9767484409849755,69.67592274949233,1,1
4661,case69,external,-1,18,347,2,1.15546005131929,1.0354510382407818,0.17391304347826086,0.37314054507110006,0.9461727560079098,218.5488405544863,0,1
4662,case69,external,-1,7,266,3,0.9727957287023217,1.0033641113780558,0.01449275362318836,0.7899892605682534,0.9474014150246505,85.75002149850977,0,1
4663,case69,external,-1,16,96,1,1.1366798612102362,1.0287702743499252,0.08695652173913049,0.8244182817360518,0.9330978255314387,247.4003965760676,0,1
4664,case69,external,-1,7,298,3,0.9069944447742996,1.0373678820061112,0.13043478260869568,0.5335799626710733,0.9749475730696084,104.23676399804836,1,1
4665,case69,external,-1,14,256,5,0.9008232577638141,1.0163965497021614,0.07246376811594202,0.677235795612949,0.9565842952563769,97.04457199388972,1,1
4666,case69,external,-1,22,321,6,0.8183747205874757,1.0325660898614741,0.10144927536231885,0.3018662069206509,0.9797980516942285,75.6882797809792,1,1
4667,case69,external,-1,0,318,0,1.0819785670231652,0.9819146510750427,0.1594202898550725,0.21459370602084032,0.9126668839187673,132.3376317248593,0,1
4668,case69,external,-1,16,315,6,1.2045787748286279,0.9907627958879163,0.01449275362318836,0.659918536002125,0.8991607511969879,230.14062112555,0,1
4669,case69,external,-1,12,196,2,0.9434414016487601,1.0308523874222453,0.21739130434782605,0.3229412905970862,0.9586724670650841,142.38435032325225,1,1
4670,case69,external,-1,7,76,3,0.8033417357201765,1.0366417592109838,0.1159420289855072,0.5375565590563354,0.9854308737850782,71.84718988638666,1,1
4671,case69,external,-1,17,182,2,1.1159463209808074,1.0261254050763535,0.21739130434782605,0.4166559097318724,0.9603659898383005,118.87588635714201,1,1
4672,case69,external,-1,5,150,4,0.8483053169797423,0.9810858084078891,0.04347826086956519,0.7230522341727781,0.9425280659999761,41.40115623023016,0,1
4673,case69,external,-1,23,148,4,1.0989850190449124,1.0329871052497845,0.17391304347826086,0.44939918668005835,0.9798446114727313,80.08861062305209,1,1
4674,case69,external,-1,1,348,5,0.8806503362401449,1.0127978526647003,0.2028985507246377,0.3647058064489989,0.9626343952861092,67.91719431356469,1,1
4675,case69,external,-1,12,237,3,1.1703976652509378,1.0021815012943207,0.04347826086956519,0.7614950481540795,0.9096100740289456,234.9175698800254,0,1
4676,case69,external,-1,16,155,2,0.9853604143209967,1.010114846613084,0.2028985507246377,0.8157866058665525,0.941154458333731,128.3492415176985,0,1
4677,case69,external,-1,19,269,0,0.8191567598243398,1.0347046227760825,0.10144927536231885,0.6286769496690547,0.9862252955098941,65.16013023086138,1,1
4678,case69,external,-1,22,167,3,0.8189678605960755,1.03031888527263,0.08695652173913049,0.21137425985934005,0.9835153353161117,60.809473605969444,1,1
4679,case69,external,-1,23,285,2,1.1839154112757257,1.0283694812825375,0.13043478260869568,0.8488479242722657,0.9596423249964254,130.42368477084534,1,1
4680,case69,external,-1,19,43,2,1.2175822023110474,1.0195051826376382,0.18840579710144922,0.4876823389917742,0.9195460707029802,274.3352288319313,0,1
4681,case69,external,-1,14,272,1,0.8496301940173329,0.988290849320601,0.0,0.3555793235672419,0.9167990364635064,139.26279253164665,0,1
4682,case69,external,-1,11,264,6,1.169489479852343,1.0054729183399094,0.05797101449275366,0.2139425794199468,0.9218868165921636,194.7943893178648,0,1
4683,case69,external,-1,23,103,2,1.2385354203192973,1.0165841842398065,0.01449275362318836,0.34079564235629345,0.9386194773481876,165.54710881197212,0,1
4684,case69,external,-1,1,225,5,0.8668410373943536,0.9895350240005962,0.2028985507246377,0.2729744430894673,0.95225458707299,38.12644686047399,1,1
4685,case69,external,-1,1,104,1,1.0553449390913896,1.0015757477557308,0.13043478260869568,0.757862141729354,0.9493919079443333,75.8533085902994,0,1
4686,case69,external,-1,5,220,5,1.1530618146771203,0.9852460152931961,0.02898550724637683,0.5484975504870676,0.9390604636983556,58.13053209368335,0,1
4687,case69,external,-1,22,261,1,1.026021771843745,0.9912142483558725,0.18840579710144922,0.12128450689206638,0.9269349562277794,112.59653201135443,0,1
4688,case69,external,-1,6,137,3,1.181225697115076,0.9912602493194005,0.2753623188405797,0.8354868700794285,0.9314841693505892,98.1563398893122,0,1
4689,case69,external,-1,4,198,3,1.2045912102888379,1.016314527056377,0.05797101449275366,1.0190404637197197,0.9699588776092446,59.52128018613403,1,1
4690,case69,external,-1,19,2,1,0.9716077744569671,0.9946366791228947,0.08695652173913049,0.6810246982362342,0.9077225181467625,204.8346329689575,0,1
4691,case69,external,-1,10,315,3,0.9970819590401357,0.9848487215218057,0.08695652173913049,0.8497300549882139,0.881508787750298,287.6636144181212,0,1
4692,case69,external,-1,11,63,5,1.0083769208628086,1.0286945113366524,0.10144927536231885,0.7392995012821344,0.9474680074797546,180.75733344979474,0,1
4693,case69,external,-1,22,271,6,1.1285767247770586,1.030092104558277,0.04347826086956519,0.9433139558335881,0.965488350015759,114.27455917450288,1,1
4694,case69,external,-1,3,288,6,0.8237716316505544,1.029770679284328,0.04347826086956519,0.12264865305411557,0.9918437071695174,38.73550652837851,1,1
4695,case69,external,-1,12,92,2,0.9969948794438072,1.0314963017319245,0.18840579710144922,0.8694060151367035,0.9522713584390784,173.48757008521744,1,1
4696,case69,external,-1,21,284,3,1.158582855791558,1.0276619999051317,0.2028985507246377,0.585356292897579,0.9435892554056649,191.4040487652288,0,1
4697,case69,external,-1,3,86,1,1.186338648825574,0.9860220189044612,0.17391304347826086,0.777628657347848,0.9319566726688306,82.6691251960113,0,1
4698,case69,external,-1,8,200,0,0.9953819381367818,1.027318316040196,0.18840579710144922,0.5721291372857515,0.9680384517541004,97.37674494229758,1,1
4699,case69,external,-1,23,191,4,0.9349590582746101,1.0055794656845722,0.17391304347826086,0.13267104516634678,0.9484414551635729,87.31751488638007,0,1
4700,case69,external,-1,20,259,6,1.00395933109934,0.9835199069018746,0.18840579710144922,0.2516410647710772,0.9176522094987583,117.87237215481372,0,1
4701,case69,external,-1,3,277,3,0.797030135941222,1.0290433411823763,0.13043478260869568,0.2999185341596455,0.9909280731925705,40.11763756236383,1,1
4702,case69,external,-1,4,20,5,1.1850145224654536,1.0062410898581309,0.08695652173913049,0.3668306391041435,0.9447111439498207,102.1259296995663,0,1
4703,case69,external,-1,4,297,5,0.7917508697093081,1.0258009250902624,0.1159420289855072,1.1155421253858784,0.9918524014187656,31.50024333183301,1,1
4704,case69,external,-1,7,125,6,1.1565706810841994,1.0159878026163311,0.04347826086956519,0.9124564259936752,0.9465797037198387,131.10475314910335,0,1
4705,case69,external,-1,9,2,2,1.033760695539654,1.013964984271608,0.0,0.6670632729457274,0.9282020427152422,202.95702811217237,0,1
4706,case69,external,-1,17,60,1,0.7561571853839122,1.0105835193500625,0.17391304347826086,0.505031236212282,0.952164300884167,94.58976957164985,1,1
4707,case69,external,-1,14,165,0,1.1966631407249022,1.0345551533186133,0.0,0.6684601586875051,0.9410764017289085,232.80671579379091,0,1
4708,case69,external,-1,13,289,5,0.7384741072000665,1.0026772236996946,0.04347826086956519,0.6805706584801056,0.9407242172983928,103.23327271221463,0,1
4709,case69,external,-1,2,142,4,0.8128389806871521,0.9953686127430035,0.17391304347826086,0.2761332963266991,0.9611001861653343,32.76006109965055,1,1
4710,case69,external,-1,10,304,1,0.8078194499091184,1.0077837811529824,0.05797101449275366,0.1571700355857865,0.9443427369042369,110.78669802740771,0,1
4711,case69,external,-1,14,121,5,1.2931221079715105,1.025715626060984,0.1159420289855072,0.1309342635514598,0.9356300744679351,222.68154845843355,0,1
4712,case69,external,-1,23,155,5,0.825689920275714,1.0272471740400466,0.05797101449275366,0.6919164509888623,0.9839724795404078,51.44624644624818,1,1
4713,case69,external,-1,15,222,5,1.1224933091000528,1.0341150208779033,0.02898550724637683,0.8068578285620451,0.9713546205254,110.12551458179996,1,1
4714,case69,external,-1,6,101,5,0.7867229458799772,0.9976085657410941,0.04347826086956519,0.4129812755626168,0.9587515647894176,41.87513690871513,1,1
4715,case69,external,-1,12,182,6,0.8690141701585024,0.9980954545680099,0.02898550724637683,0.4917693208659419,0.9349293195079019,109.25701896907448,0,1
4716,case69,external,-1,18,306,4,0.9930289418370182,1.022781905420478,0.14492753623188404,0.8847225997018778,0.9573728147980308,118.56787270756486,1,1
4717,case69,external,-1,3,327,2,0.7429277397607339,0.9900003901275357,0.05797101449275366,0.7655043374850335,0.953661473470819,36.28811928968449,1,1
4718,case69,external,-1,16,250,3,0.7860599562846147,0.9986678214743899,0.14492753623188404,0.4607577972403478,0.9439072987495228,81.3707986563022,0,1
4719,case69,external,-1,16,41,6,1.2059941112467467,1.032505579728483,0.05797101449275366,0.1566970841666694,0.9515307050131799,183.65820991584224,1,1
4720,case69,external,-1,5,245,0,0.7970197295203288,1.0288604370835004,0.10144927536231885,0.11313222786063776,0.9930614557304734,35.25663929693471,1,1
4721,case69,external,-1,20,148,5,0.9258891203572621,1.0152127038530767,0.02898550724637683,0.7875242788062586,0.9591782083109195,85.56081265965865,1,1
4722,case69,external,-1,15,273,1,0.954728833537158,1.001851821892124,0.0,0.8302142215172871,0.934321200422061,124.95843636387076,0,1
4723,case69,external,-1,8,102,4,0.7855448461375265,1.0231448617668972,0.08695652173913049,0.2683303622153344,0.969298168575908,79.7930958670236,1,1
4724,case69,external,-1,7,302,4,1.0522341408818177,1.0043917080449112,0.14492753623188404,0.8741142343291838,0.931400071856956,141.26815618020225,0,1
4725,case69,external,-1,11,161,1,0.8458306579412469,0.9831987135460486,0.13043478260869568,0.2270901480278016,0.9140205329070109,131.11943564028732,0,1
4726,case69,external,-1,7,293,3,1.135037007452171,1.0134815508973503,0.04347826086956519,0.4330705444720951,0.9429519854678161,136.09629431647187,0,1
4727,case69,external,-1,9,305,4,0.8640992933768766,1.0161776417794275,0.1159420289855072,0.8973085316696828,0.9386735901281661,160.14906411181445,0,1
4728,case69,external,-1,22,221,3,1.1005165402452566,0.993167664935617,0.01449275362318836,0.7905224314095307,0.9306599243377172,106.40296416549147,0,1
4729,case69,external,-1,15,340,6,0.9093089861161155,0.9902324559855168,0.14492753623188404,0.523578828576477,0.9152090138745456,153.4761831021743,0,1
4730,case69,external,-1,10,15,2,1.1747127985391213,0.9991486954484213,0.01449275362318836,0.5858327237970403,0.8748731135388134,418.2444945073696,0,1
4731,case69,external,-1,22,3,6,1.170193912978475,1.0309058642106395,0.14492753623188404,0.12502675880999986,0.9424708563154934,210.8061829548044,0,1
4732,case69,external,-1,7,98,1,0.9909795669587144,1.02305370530268,0.21739130434782605,0.24239586503735042,0.9637610617079819,100.58468480223371,1,1
4733,case69,external,-1,10,120,4,1.2141303666759236,1.0079374426141772,0.14492753623188404,0.2644291385573432,0.910395738273096,262.3367634508965,0,1
4734,case69,external,-1,13,276,0,1.1356684381419122,1.039385117861133,0.17391304347826086,0.6391017320983288,0.9610300262441803,170.72595513483913,1,1
4735,case69,external,-1,12,129,4,0.7869454208025107,0.9915714624653967,0.04347826086956519,0.35083433286921734,0.9250619941990754,119.99510522097059,0,1
4736,case69,external,-1,17,16,4,1.0444268558910956,1.0187656669422926,0.05797101449275366,0.6005574529808099,0.9403653647744891,170.73457339995446,0,1
4737,case69,external,-1,5,84,5,0.9892022672432185,1.0222785805864063,0.17391304347826086,0.23860113152678633,0.96725635263322,81.902363475046,1,1
4738,case69,external,-1,6,198,6,1.2762083586688435,1.0012475539791061,0.07246376811594202,0.6033336021716332,0.9519114761608513,68.50930793718912,1,1
4739,case69,external,-1,10,99,0,1.2993641261319315,1.0195339778152515,0.1594202898550725,0.6103887633046405,0.9081922054417173,341.4680206555254,0,1
4740,case69,external,-1,4,310,5,1.113888064130336,0.9934066978118432,0.21739130434782605,0.28069499786507657,0.939037879308534,81.03945032641268,0,1
4741,case69,external,-1,19,112,2,1.2044677593078,1.0011940863101851,0.0,0.36390209306016363,0.9067682661499165,242.1540712327921,0,1
4742,case69,external,-1,6,298,0,1.2495058483797754,1.0290338140068551,0.1159420289855072,0.30280123632396566,0.9629362942329235,118.74995979991752,1,1
4743,case69,external,-1,1,135,0,1.2108860310965803,0.9846352807286474,0.02898550724637683,0.8971459575943612,0.9149325222180748,132.0219397337063,0,1
4744,case69,external,-1,21,109,1,1.0093844630835145,1.0214693000777058,0.1159420289855072,0.7399004235319581,0.9556132263720772,121.44184045371959,1,1
4745,case69,external,-1,23,189,1,1.2847141118211656,1.0210705622015834,0.05797101449275366,0.9516694535856111,0.9500468792975999,140.21328591942512,1,1
4746,case69,external,-1,10,241,0,0.9283024678304761,0.9901603530572916,0.10144927536231885,0.47555417629682456,0.9115396582463721,166.8760383877814,0,1
4747,case69,external,-1,17,294,4,1.069140465952601,1.0001716584264302,0.21739130434782605,0.6470749880089829,0.9238590208447375,161.14031898427083,0,1
4748,case69,external,-1,6,247,4,0.7978675588011815,1.0198708367829465,0.17391304347826086,0.6678169908428668,0.9807629255811078,41.6717270862995,1,1
4749,case69,external,-1,1,335,1,1.070013535329812,1.0212204493249524,0.18840579710144922,0.9026260304932661,0.965758157021679,85.56096688285588,1,1
4750,case69,external,-1,10,47,2,0.8867676981712656,1.0137430393004583,0.07246376811594202,0.1534865205351126,0.9316648844556983,183.35995736441666,0,1
4751,case69,external,-1,7,6,3,0.8843972131010289,0.9922537498807844,0.21739130434782605,0.7519232593964991,0.9199073301229999,137.70839521622383,0,1
4752,case69,external,-1,21,125,5,0.7875555832342975,0.987172190257539,0.18840579710144922,0.9376969280178538,0.9350357234408824,74.03775212100727,0,1
4753,case69,external,-1,7,142,6,0.9987059210787714,1.0023436518232158,0.01449275362318836,0.16857631299413675,0.9460303159367177,88.29947480783689,0,1
4754,case69,external,-1,18,34,1,1.0631775927407583,0.9812480934097195,0.21739130434782605,0.4609016532531251,0.8969061462438879,193.30847993004343,0,1
4755,case69,external,-1,5,23,1,1.2328783657896891,1.0139210344033491,0.02898550724637683,0.7886064863434303,0.94972567827847,113.55008570059161,0,1
4756,case69,external,-1,9,337,2,0.8537939084678958,0.9892499993442939,0.01449275362318836,0.15719508600183252,0.9185838283573187,134.59481728601062,0,1
4757,case69,external,-1,15,203,4,1.1788642544961863,1.0104001668898042,0.04347826086956519,0.16402444441157996,0.9296765077506338,177.6119229161986,0,1
4758,case69,external,-1,15,224,1,0.83483433009662,0.9974793464552653,0.10144927536231885,0.8506735591997499,0.9424136362516576,82.50249626409139,0,1
4759,case69,external,-1,3,134,1,0.8877209696671409,1.0212713346616191,0.04347826086956519,0.7708719741091239,0.9878034758289697,31.177275619281602,1,1
4760,case69,external,-1,7,196,4,0.8499498581074427,1.0185972499136795,0.14492753623188404,0.9226116042177348,0.9686771597918283,67.55803294285833,1,1
4761,case69,external,-1,0,99,0,1.2060214006310748,0.987767891788725,0.01449275362318836,0.2342875167952411,0.9137505725090129,149.86741153206643,0,1
4762,case69,external,-1,7,206,1,1.0522169144363764,0.9891737029609908,0.07246376811594202,0.9130780301750433,0.9357134113243459,78.97271652811396,0,1
4763,case69,external,-1,13,219,0,0.8588205076297857,0.9988505871087777,0.0,0.3855851521497392,0.9434942946630307,85.81117500666745,0,1
4764,case69,external,-1,9,201,1,1.1468751898750975,1.0055566287999722,0.08695652173913049,0.19181542102534038,0.9265537248598374,168.72554118879367,0,1
4765,case69,external,-1,17,22,3,1.2773170345485245,1.0350674655532837,0.0,0.6345145711791615,0.9436418592080106,233.1058908931906,0,1
4766,case69,external,-1,7,339,5,0.7799092895069553,1.0189283590474114,0.01449275362318836,0.46293984221512374,0.9711771295446963,62.39997611213124,1,1
4767,case69,external,-1,13,264,2,1.0337163415633233,0.993481029166665,0.13043478260869568,0.8370055299453472,0.9094746046715712,192.0755074230543,0,1
4768,case69,external,-1,2,247,4,1.0323814970782752,0.9834393242769335,0.05797101449275366,1.1487464520687276,0.9401701463849442,52.935559710397705,0,1
4769,case69,external,-1,8,24,4,1.0254996022628546,0.9872628447775599,0.08695652173913049,0.43249622810494104,0.9011625665226215,202.80821249910952,0,1
4770,case69,external,-1,15,139,5,0.7880699156642991,1.0281330872435666,0.18840579710144922,1.0400893855765991,0.9767938306495064,72.93267823342764,1,1
4771,case69,external,-1,0,318,2,0.7530804511518093,0.9916514007900072,0.07246376811594202,0.211803580649403,0.9492786373903519,50.06378234091867,0,1
4772,case69,external,-1,18,170,0,1.064290101132094,1.037559481366177,0.18840579710144922,0.787446093034698,0.9745396904052074,109.83580119377437,1,1
4773,case69,external,-1,20,251,1,1.1468733512181855,1.018924565082463,0.02898550724637683,0.9312009364813362,0.9451938587039228,149.22094346377236,0,1
4774,case69,external,-1,18,81,6,1.2312109401112237,1.01868720110236,0.04347826086956519,0.593561823834808,0.9314571513743222,208.35803049071438,0,1
4775,case69,external,-1,3,244,2,0.9420770004873901,1.0273001523496301,0.02898550724637683,0.5954120994206775,0.9932457974516077,32.9180883311892,1,1
4776,case69,external,-1,15,46,4,1.045233738053228,0.991620460582375,0.08695652173913049,0.7252810460547297,0.8961249774401351,246.57008820492598,0,1
4777,case69,external,-1,16,229,1,1.276098013908595,1.0038148186480982,0.02898550724637683,0.343676887272774,0.929099713323466,154.25674255066215,0,1
4778,case69,external,-1,6,62,4,1.0009830041083745,1.0365431824859124,0.04347826086956519,0.40668085561662404,0.9768755479647769,98.40033442727652,1,1
4779,case69,external,-1,8,355,1,0.9474451278441446,0.9943979884597512,0.1159420289855072,0.7020281896595212,0.9244739115111122,135.20252238238604,0,1
4780,case69,external,-1,15,257,4,1.2402161477881366,0.9882628753871605,0.01449275362318836,0.8836033535320665,0.8943594672077595,236.92324003724727,0,1
4781,case69,external,-1,11,64,0,1.1120627747594953,1.019328986924779,0.14492753623188404,0.5369124231710446,0.9210939979666809,261.5845456862138,0,1
4782,case69,external,-1,5,217,2,0.968351853568226,1.0247326306482194,0.0,0.7574237990135536,0.987442991284225,39.55573026333813,1,1
4783,case69,external,-1,22,310,1,1.2165760091394873,1.0082304698307627,0.07246376811594202,0.15524066285828486,0.9327228911705879,158.55050125880345,0,1
4784,case69,external,-1,3,22,2,0.8247470866196221,1.0073034686929672,0.14492753623188404,0.4301066267977631,0.9641601526422992,50.61380642173985,1,1
4785,case69,external,-1,14,94,1,1.1076583770980686,1.0306643795676789,0.17391304347826086,0.34995097129427494,0.9410704504486179,220.148154480577,0,1
4786,case69,external,-1,13,98,2,0.8451926694913142,0.9892516609500646,0.1159420289855072,0.9613282191381618,0.9188292444375913,139.55470982131177,0,1
4787,case69,external,-1,16,65,3,1.1751193320829518,1.0358843053411362,0.01449275362318836,0.8934233697549792,0.9357826663033131,269.19107560614935,0,1
4788,case69,external,-1,15,168,5,1.1691318994501418,0.9816835683417375,0.14492753623188404,0.5564760556002204,0.904925648880195,159.4374999889061,0,1
4789,case69,external,-1,9,230,1,1.0257641654664278,0.9914704242333162,0.17391304347826086,0.8080925669173918,0.9212637832850142,137.49940629740314,0,1
4790,case69,external,-1,1,36,6,1.0311590680738192,1.037822963065381,0.05797101449275366,0.2504451291934675,0.9832030930347053,82.63683861019535,1,1
4791,case69,external,-1,6,353,0,1.1161214486562938,1.026620849283514,0.07246376811594202,0.1967401597359154,0.9635997072560716,112.28236712541629,1,1
4792,case69,external,-1,13,171,1,0.8750905014552911,1.0076033916407343,0.10144927536231885,0.49919983492384506,0.9424454060293905,116.48719626844517,0,1
4793,case69,external,-1,15,206,6,1.0234317068442826,1.0222544768026498,0.01449275362318836,0.18521285996931441,0.9696032370829022,78.93193520486705,1,1
4794,case69,external,-1,7,94,0,1.075733527768436,1.0123431446279394,0.21739130434782605,0.31620344166098113,0.9494423512171576,111.06391080913602,0,1
4795,case69,external,-1,7,248,3,1.2965994220233301,1.039044039774619,0.18840579710144922,0.21587254029284428,0.9585819061743222,175.51370931692244,1,1
4796,case69,external,-1,11,191,0,1.2993702056733882,1.0212044887332583,0.13043478260869568,0.2212659467985505,0.9177197063741531,287.6597256374711,0,1
4797,case69,external,-1,15,4,0,1.1130883200328519,1.0174141883164045,0.02898550724637683,0.8653218104252827,0.9154448463677298,282.29212812409446,0,1
4798,case69,external,-1,6,230,6,1.22014161801311,0.9954279731995703,0.2028985507246377,0.32736032046785307,0.9417664184926475,79.85315600446062,0,1
4799,case69,external,-1,22,138,2,1.1116112963182403,1.0191577442943114,0.1594202898550725,0.14155034586543308,0.9495522661111477,132.72421385743522,0,1
