sample_id,network,topology_id,split,converged,fold
0,case33bw,26,train,1,0
1,case33bw,23,train,1,0
2,case33bw,17,test,1,-1
3,case33bw,15,selection,1,-1
4,case33bw,41,calibration,1,-1
5,case33bw,12,selection,1,-1
6,case33bw,30,train,1,2
7,case33bw,44,selection,1,-1
8,case33bw,11,calibration,1,-1
9,case33bw,39,test,1,-1
10,case33bw,52,test,1,-1
11,case33bw,6,train,1,1
12,case33bw,11,calibration,1,-1
13,case33bw,20,selection,1,-1
14,case33bw,48,train,1,0
15,case33bw,18,train,1,0
16,case33bw,4,selection,1,-1
17,case33bw,49,train,1,0
18,case33bw,16,test,1,-1
19,case33bw,48,train,1,0
20,case33bw,9,train,1,2
21,case33bw,48,train,1,0
22,case33bw,49,train,1,0
23,case33bw,50,train,1,0
24,case33bw,4,selection,1,-1
25,case33bw,30,train,1,2
26,case33bw,47,train,1,2
27,case33bw,35,train,1,2
28,case33bw,5,test,1,-1
29,case33bw,49,train,1,0
30,case33bw,19,test,1,-1
31,case33bw,54,train,1,2
32,case33bw,19,test,1,-1
33,case33bw,20,selection,1,-1
34,case33bw,57,train,1,2
35,case33bw,53,selection,1,-1
36,case33bw,50,train,1,0
37,case33bw,23,train,1,0
38,case33bw,8,selection,1,-1
39,case33bw,52,test,1,-1
40,case33bw,52,test,1,-1
41,case33bw,26,train,1,0
42,case33bw,27,calibration,1,-1
43,case33bw,3,train,1,1
44,case33bw,32,train,1,0
45,case33bw,11,calibration,1,-1
46,case33bw,48,train,1,0
47,case33bw,5,test,1,-1
48,case33bw,15,selection,1,-1
49,case33bw,12,selection,1,-1
50,case33bw,20,selection,1,-1
51,case33bw,16,test,1,-1
52,case33bw,52,test,1,-1
53,case33bw,14,train,1,1
54,case33bw,3,train,1,1
55,case33bw,47,train,1,2
56,case33bw,41,calibration,1,-1
57,case33bw,27,calibration,1,-1
58,case33bw,1,train,1,1
59,case33bw,2,train,1,0
60,case33bw,35,train,1,2
61,case33bw,20,selection,1,-1
62,case33bw,26,train,1,0
63,case33bw,54,train,1,2
64,case33bw,5,test,1,-1
65,case33bw,51,train,1,2
66,case33bw,1,train,1,1
67,case33bw,33,calibration,1,-1
68,case33bw,41,calibration,1,-1
69,case33bw,8,selection,1,-1
70,case33bw,53,selection,1,-1
71,case33bw,50,train,1,0
72,case33bw,29,calibration,1,-1
73,case33bw,49,train,1,0
74,case33bw,41,calibration,1,-1
75,case33bw,24,train,1,2
76,case33bw,1,train,1,1
77,case33bw,53,selection,1,-1
78,case33bw,12,selection,1,-1
79,case33bw,49,train,1,0
80,case33bw,43,calibration,1,-1
81,case33bw,52,test,1,-1
82,case33bw,32,train,1,0
83,case33bw,25,test,1,-1
84,case33bw,50,train,1,0
85,case33bw,39,test,1,-1
86,case33bw,23,train,1,0
87,case33bw,31,train,1,2
88,case33bw,42,calibration,1,-1
89,case33bw,24,train,1,2
90,case33bw,58,test,1,-1
91,case33bw,30,train,1,2
92,case33bw,36,calibration,1,-1
93,case33bw,27,calibration,1,-1
94,case33bw,5,test,1,-1
95,case33bw,10,train,1,1
96,case33bw,41,calibration,1,-1
97,case33bw,32,train,1,0
98,case33bw,15,selection,1,-1
99,case33bw,41,calibration,1,-1
100,case33bw,22,test,1,-1
101,case33bw,19,test,1,-1
102,case33bw,51,train,1,2
103,case33bw,8,selection,1,-1
104,case33bw,55,train,1,1
105,case33bw,6,train,1,1
106,case33bw,45,train,1,0
107,case33bw,22,test,1,-1
108,case33bw,9,train,1,2
109,case33bw,5,test,1,-1
110,case33bw,52,test,1,-1
111,case33bw,5,test,1,-1
112,case33bw,32,train,1,0
113,case33bw,15,selection,1,-1
114,case33bw,17,test,1,-1
115,case33bw,0,train,1,0
116,case33bw,27,calibration,1,-1
117,case33bw,59,selection,1,-1
118,case33bw,15,selection,1,-1
119,case33bw,38,train,1,1
120,case33bw,48,train,1,0
121,case33bw,46,train,1,1
122,case33bw,22,test,1,-1
123,case33bw,20,selection,1,-1
124,case33bw,35,train,1,2
125,case33bw,59,selection,1,-1
126,case33bw,58,test,1,-1
127,case33bw,2,train,1,0
128,case33bw,57,train,1,2
129,case33bw,48,train,1,0
130,case33bw,20,selection,1,-1
131,case33bw,22,test,1,-1
132,case33bw,14,train,1,1
133,case33bw,56,train,1,1
134,case33bw,17,test,1,-1
135,case33bw,12,selection,1,-1
136,case33bw,51,train,1,2
137,case33bw,23,train,1,0
138,case33bw,22,test,1,-1
139,case33bw,13,train,1,1
140,case33bw,1,train,1,1
141,case33bw,19,test,1,-1
142,case33bw,49,train,1,0
143,case33bw,30,train,1,2
144,case33bw,15,selection,1,-1
145,case33bw,30,train,1,2
146,case33bw,17,test,1,-1
147,case33bw,53,selection,1,-1
148,case33bw,54,train,1,2
149,case33bw,30,train,1,2
150,case33bw,25,test,1,-1
151,case33bw,32,train,1,0
152,case33bw,17,test,1,-1
153,case33bw,12,selection,1,-1
154,case33bw,14,train,1,1
155,case33bw,36,calibration,1,-1
156,case33bw,2,train,1,0
157,case33bw,0,train,1,0
158,case33bw,33,calibration,1,-1
159,case33bw,49,train,1,0
160,case33bw,47,train,1,2
161,case33bw,34,train,1,2
162,case33bw,31,train,1,2
163,case33bw,28,calibration,1,-1
164,case33bw,3,train,1,1
165,case33bw,42,calibration,1,-1
166,case33bw,33,calibration,1,-1
167,case33bw,2,train,1,0
168,case33bw,10,train,1,1
169,case33bw,42,calibration,1,-1
170,case33bw,32,train,1,0
171,case33bw,33,calibration,1,-1
172,case33bw,2,train,1,0
173,case33bw,5,test,1,-1
174,case33bw,6,train,1,1
175,case33bw,10,train,1,1
176,case33bw,4,selection,1,-1
177,case33bw,5,test,1,-1
178,case33bw,8,selection,1,-1
179,case33bw,15,selection,1,-1
180,case33bw,34,train,1,2
181,case33bw,0,train,1,0
182,case33bw,12,selection,1,-1
183,case33bw,39,test,1,-1
184,case33bw,17,test,1,-1
185,case33bw,2,train,1,0
186,case33bw,41,calibration,1,-1
187,case33bw,22,test,1,-1
188,case33bw,34,train,1,2
189,case33bw,15,selection,1,-1
190,case33bw,6,train,1,1
191,case33bw,31,train,1,2
192,case33bw,34,train,1,2
193,case33bw,17,test,1,-1
194,case33bw,29,calibration,1,-1
195,case33bw,7,selection,1,-1
196,case33bw,27,calibration,1,-1
197,case33bw,49,train,1,0
198,case33bw,44,selection,1,-1
199,case33bw,56,train,1,1
200,case33bw,54,train,1,2
201,case33bw,33,calibration,1,-1
202,case33bw,20,selection,1,-1
203,case33bw,21,train,1,0
204,case33bw,28,calibration,1,-1
205,case33bw,1,train,1,1
206,case33bw,43,calibration,1,-1
207,case33bw,29,calibration,1,-1
208,case33bw,52,test,1,-1
209,case33bw,52,test,1,-1
210,case33bw,5,test,1,-1
211,case33bw,57,train,1,2
212,case33bw,39,test,1,-1
213,case33bw,14,train,1,1
214,case33bw,1,train,1,1
215,case33bw,26,train,1,0
216,case33bw,15,selection,1,-1
217,case33bw,47,train,1,2
218,case33bw,25,test,1,-1
219,case33bw,4,selection,1,-1
220,case33bw,52,test,1,-1
221,case33bw,49,train,1,0
222,case33bw,12,selection,1,-1
223,case33bw,42,calibration,1,-1
224,case33bw,18,train,1,0
225,case33bw,23,train,1,0
226,case33bw,53,selection,1,-1
227,case33bw,17,test,1,-1
228,case33bw,26,train,1,0
229,case33bw,17,test,1,-1
230,case33bw,45,train,1,0
231,case33bw,2,train,1,0
232,case33bw,15,selection,1,-1
233,case33bw,9,train,1,2
234,case33bw,17,test,1,-1
235,case33bw,16,test,1,-1
236,case33bw,52,test,1,-1
237,case33bw,6,train,1,1
238,case33bw,33,calibration,1,-1
239,case33bw,55,train,1,1
240,case33bw,42,calibration,1,-1
241,case33bw,47,train,1,2
242,case33bw,8,selection,1,-1
243,case33bw,1,train,1,1
244,case33bw,48,train,1,0
245,case33bw,8,selection,1,-1
246,case33bw,48,train,1,0
247,case33bw,28,calibration,1,-1
248,case33bw,58,test,1,-1
249,case33bw,51,train,1,2
250,case33bw,23,train,1,0
251,case33bw,28,calibration,1,-1
252,case33bw,33,calibration,1,-1
253,case33bw,57,train,1,2
254,case33bw,2,train,1,0
255,case33bw,32,train,1,0
256,case33bw,26,train,1,0
257,case33bw,17,test,1,-1
258,case33bw,57,train,1,2
259,case33bw,22,test,1,-1
260,case33bw,35,train,1,2
261,case33bw,16,test,1,-1
262,case33bw,5,test,0,-1
263,case33bw,23,train,1,0
264,case33bw,17,test,1,-1
265,case33bw,59,selection,1,-1
266,case33bw,5,test,1,-1
267,case33bw,6,train,1,1
268,case33bw,34,train,1,2
269,case33bw,24,train,1,2
270,case33bw,56,train,1,1
271,case33bw,59,selection,1,-1
272,case33bw,16,test,1,-1
273,case33bw,34,train,1,2
274,case33bw,58,test,1,-1
275,case33bw,44,selection,1,-1
276,case33bw,49,train,1,0
277,case33bw,7,selection,1,-1
278,case33bw,8,selection,1,-1
279,case33bw,9,train,1,2
280,case33bw,49,train,1,0
281,case33bw,54,train,1,2
282,case33bw,28,calibration,1,-1
283,case33bw,22,test,1,-1
284,case33bw,28,calibration,1,-1
285,case33bw,55,train,1,1
286,case33bw,33,calibration,1,-1
287,case33bw,10,train,1,1
288,case33bw,59,selection,1,-1
289,case33bw,40,train,1,1
290,case33bw,20,selection,1,-1
291,case33bw,46,train,1,1
292,case33bw,56,train,1,1
293,case33bw,44,selection,1,-1
294,case33bw,34,train,1,2
295,case33bw,9,train,1,2
296,case33bw,59,selection,1,-1
297,case33bw,7,selection,1,-1
298,case33bw,48,train,1,0
299,case33bw,46,train,1,1
300,case33bw,50,train,1,0
301,case33bw,24,train,1,2
302,case33bw,33,calibration,1,-1
303,case33bw,58,test,1,-1
304,case33bw,23,train,1,0
305,case33bw,0,train,1,0
306,case33bw,6,train,1,1
307,case33bw,35,train,1,2
308,case33bw,39,test,1,-1
309,case33bw,17,test,1,-1
310,case33bw,57,train,1,2
311,case33bw,41,calibration,1,-1
312,case33bw,11,calibration,1,-1
313,case33bw,38,train,1,1
314,case33bw,5,test,0,-1
315,case33bw,37,train,1,2
316,case33bw,22,test,1,-1
317,case33bw,34,train,1,2
318,case33bw,14,train,1,1
319,case33bw,2,train,1,0
320,case33bw,22,test,1,-1
321,case33bw,24,train,1,2
322,case33bw,19,test,1,-1
323,case33bw,6,train,1,1
324,case33bw,41,calibration,1,-1
325,case33bw,14,train,1,1
326,case33bw,44,selection,1,-1
327,case33bw,28,calibration,1,-1
328,case33bw,12,selection,1,-1
329,case33bw,55,train,1,1
330,case33bw,55,train,1,1
331,case33bw,0,train,1,0
332,case33bw,37,train,1,2
333,case33bw,53,selection,1,-1
334,case33bw,59,selection,1,-1
335,case33bw,39,test,1,-1
336,case33bw,22,test,1,-1
337,case33bw,9,train,1,2
338,case33bw,48,train,1,0
339,case33bw,14,train,1,1
340,case33bw,26,train,1,0
341,case33bw,7,selection,1,-1
342,case33bw,34,train,1,2
343,case33bw,49,train,1,0
344,case33bw,50,train,1,0
345,case33bw,10,train,1,1
346,case33bw,3,train,1,1
347,case33bw,40,train,1,1
348,case33bw,26,train,1,0
349,case33bw,45,train,1,0
350,case33bw,3,train,1,1
351,case33bw,45,train,1,0
352,case33bw,17,test,1,-1
353,case33bw,45,train,1,0
354,case33bw,26,train,1,0
355,case33bw,34,train,1,2
356,case33bw,19,test,1,-1
357,case33bw,40,train,1,1
358,case33bw,40,train,1,1
359,case33bw,55,train,1,1
360,case33bw,58,test,1,-1
361,case33bw,18,train,1,0
362,case33bw,26,train,1,0
363,case33bw,36,calibration,1,-1
364,case33bw,21,train,1,0
365,case33bw,6,train,1,1
366,case33bw,46,train,1,1
367,case33bw,28,calibration,1,-1
368,case33bw,50,train,1,0
369,case33bw,59,selection,1,-1
370,case33bw,25,test,1,-1
371,case33bw,21,train,1,0
372,case33bw,12,selection,1,-1
373,case33bw,15,selection,1,-1
374,case33bw,20,selection,1,-1
375,case33bw,28,calibration,1,-1
376,case33bw,52,test,1,-1
377,case33bw,27,calibration,1,-1
378,case33bw,24,train,1,2
379,case33bw,40,train,1,1
380,case33bw,36,calibration,1,-1
381,case33bw,24,train,1,2
382,case33bw,6,train,1,1
383,case33bw,39,test,1,-1
384,case33bw,15,selection,1,-1
385,case33bw,38,train,1,1
386,case33bw,36,calibration,1,-1
387,case33bw,37,train,1,2
388,case33bw,7,selection,1,-1
389,case33bw,9,train,1,2
390,case33bw,48,train,1,0
391,case33bw,34,train,1,2
392,case33bw,35,train,1,2
393,case33bw,52,test,1,-1
394,case33bw,32,train,1,0
395,case33bw,12,selection,1,-1
396,case33bw,40,train,1,1
397,case33bw,47,train,1,2
398,case33bw,50,train,1,0
399,case33bw,6,train,1,1
400,case33bw,37,train,1,2
401,case33bw,49,train,1,0
402,case33bw,46,train,1,1
403,case33bw,50,train,1,0
404,case33bw,26,train,1,0
405,case33bw,15,selection,1,-1
406,case33bw,54,train,1,2
407,case33bw,40,train,1,1
408,case33bw,31,train,1,2
409,case33bw,2,train,1,0
410,case33bw,15,selection,1,-1
411,case33bw,19,test,1,-1
412,case33bw,29,calibration,1,-1
413,case33bw,18,train,1,0
414,case33bw,32,train,1,0
415,case33bw,4,selection,1,-1
416,case33bw,17,test,1,-1
417,case33bw,25,test,1,-1
418,case33bw,25,test,1,-1
419,case33bw,45,train,1,0
420,case33bw,34,train,1,2
421,case33bw,12,selection,1,-1
422,case33bw,49,train,1,0
423,case33bw,9,train,1,2
424,case33bw,32,train,1,0
425,case33bw,35,train,1,2
426,case33bw,11,calibration,1,-1
427,case33bw,3,train,1,1
428,case33bw,11,calibration,1,-1
429,case33bw,9,train,1,2
430,case33bw,3,train,1,1
431,case33bw,17,test,1,-1
432,case33bw,44,selection,1,-1
433,case33bw,8,selection,1,-1
434,case33bw,16,test,1,-1
435,case33bw,37,train,1,2
436,case33bw,1,train,1,1
437,case33bw,9,train,1,2
438,case33bw,13,train,1,1
439,case33bw,39,test,1,-1
440,case33bw,58,test,1,-1
441,case33bw,12,selection,1,-1
442,case33bw,50,train,1,0
443,case33bw,3,train,1,1
444,case33bw,10,train,1,1
445,case33bw,48,train,1,0
446,case33bw,30,train,1,2
447,case33bw,30,train,1,2
448,case33bw,31,train,1,2
449,case33bw,32,train,1,0
450,case33bw,49,train,1,0
451,case33bw,29,calibration,1,-1
452,case33bw,47,train,1,2
453,case33bw,11,calibration,1,-1
454,case33bw,14,train,1,1
455,case33bw,24,train,1,2
456,case33bw,58,test,1,-1
457,case33bw,49,train,1,0
458,case33bw,11,calibration,1,-1
459,case33bw,28,calibration,1,-1
460,case33bw,50,train,1,0
461,case33bw,2,train,1,0
462,case33bw,24,train,1,2
463,case33bw,47,train,1,2
464,case33bw,6,train,1,1
465,case33bw,22,test,1,-1
466,case33bw,46,train,1,1
467,case33bw,36,calibration,1,-1
468,case33bw,10,train,1,1
469,case33bw,5,test,1,-1
470,case33bw,27,calibration,1,-1
471,case33bw,25,test,1,-1
472,case33bw,35,train,1,2
473,case33bw,42,calibration,1,-1
474,case33bw,14,train,1,1
475,case33bw,38,train,1,1
476,case33bw,38,train,1,1
477,case33bw,28,calibration,1,-1
478,case33bw,26,train,1,0
479,case33bw,22,test,1,-1
480,case33bw,37,train,1,2
481,case33bw,37,train,1,2
482,case33bw,31,train,1,2
483,case33bw,39,test,1,-1
484,case33bw,38,train,1,1
485,case33bw,35,train,1,2
486,case33bw,57,train,1,2
487,case33bw,26,train,1,0
488,case33bw,22,test,1,-1
489,case33bw,21,train,1,0
490,case33bw,29,calibration,1,-1
491,case33bw,11,calibration,1,-1
492,case33bw,48,train,1,0
493,case33bw,5,test,0,-1
494,case33bw,27,calibration,1,-1
495,case33bw,2,train,1,0
496,case33bw,0,train,1,0
497,case33bw,27,calibration,1,-1
498,case33bw,36,calibration,1,-1
499,case33bw,51,train,1,2
500,case33bw,54,train,1,2
501,case33bw,52,test,1,-1
502,case33bw,57,train,1,2
503,case33bw,40,train,1,1
504,case33bw,18,train,1,0
505,case33bw,40,train,1,1
506,case33bw,36,calibration,1,-1
507,case33bw,20,selection,1,-1
508,case33bw,37,train,1,2
509,case33bw,48,train,1,0
510,case33bw,35,train,1,2
511,case33bw,9,train,1,2
512,case33bw,21,train,1,0
513,case33bw,7,selection,1,-1
514,case33bw,34,train,1,2
515,case33bw,59,selection,1,-1
516,case33bw,13,train,1,1
517,case33bw,7,selection,1,-1
518,case33bw,51,train,1,2
519,case33bw,52,test,1,-1
520,case33bw,40,train,1,1
521,case33bw,23,train,1,0
522,case33bw,20,selection,1,-1
523,case33bw,21,train,1,0
524,case33bw,14,train,1,1
525,case33bw,4,selection,1,-1
526,case33bw,16,test,1,-1
527,case33bw,53,selection,1,-1
528,case33bw,44,selection,1,-1
529,case33bw,31,train,1,2
530,case33bw,29,calibration,1,-1
531,case33bw,19,test,1,-1
532,case33bw,14,train,1,1
533,case33bw,8,selection,1,-1
534,case33bw,2,train,1,0
535,case33bw,41,calibration,1,-1
536,case33bw,17,test,1,-1
537,case33bw,19,test,1,-1
538,case33bw,39,test,1,-1
539,case33bw,0,train,1,0
540,case33bw,19,test,1,-1
541,case33bw,35,train,1,2
542,case33bw,36,calibration,1,-1
543,case33bw,9,train,1,2
544,case33bw,27,calibration,1,-1
545,case33bw,8,selection,1,-1
546,case33bw,34,train,1,2
547,case33bw,0,train,1,0
548,case33bw,47,train,1,2
549,case33bw,55,train,1,1
550,case33bw,10,train,1,1
551,case33bw,54,train,1,2
552,case33bw,56,train,1,1
553,case33bw,41,calibration,1,-1
554,case33bw,6,train,1,1
555,case33bw,26,train,1,0
556,case33bw,28,calibration,1,-1
557,case33bw,9,train,1,2
558,case33bw,37,train,1,2
559,case33bw,31,train,1,2
560,case33bw,20,selection,1,-1
561,case33bw,30,train,1,2
562,case33bw,45,train,1,0
563,case33bw,27,calibration,1,-1
564,case33bw,2,train,1,0
565,case33bw,53,selection,1,-1
566,case33bw,59,selection,1,-1
567,case33bw,26,train,1,0
568,case33bw,57,train,1,2
569,case33bw,58,test,1,-1
570,case33bw,33,calibration,1,-1
571,case33bw,38,train,1,1
572,case33bw,10,train,1,1
573,case33bw,37,train,1,2
574,case33bw,26,train,1,0
575,case33bw,7,selection,1,-1
576,case33bw,44,selection,1,-1
577,case33bw,38,train,1,1
578,case33bw,44,selection,1,-1
579,case33bw,51,train,1,2
580,case33bw,7,selection,1,-1
581,case33bw,17,test,1,-1
582,case33bw,45,train,1,0
583,case33bw,27,calibration,1,-1
584,case33bw,0,train,1,0
585,case33bw,56,train,1,1
586,case33bw,36,calibration,1,-1
587,case33bw,28,calibration,1,-1
588,case33bw,9,train,1,2
589,case33bw,21,train,1,0
590,case33bw,4,selection,1,-1
591,case33bw,36,calibration,1,-1
592,case33bw,5,test,1,-1
593,case33bw,24,train,1,2
594,case33bw,11,calibration,1,-1
595,case33bw,10,train,1,1
596,case33bw,44,selection,1,-1
597,case33bw,29,calibration,1,-1
598,case33bw,11,calibration,1,-1
599,case33bw,46,train,1,1
600,case33bw,47,train,1,2
601,case33bw,15,selection,1,-1
602,case33bw,19,test,1,-1
603,case33bw,15,selection,1,-1
604,case33bw,29,calibration,1,-1
605,case33bw,34,train,1,2
606,case33bw,46,train,1,1
607,case33bw,9,train,1,2
608,case33bw,56,train,1,1
609,case33bw,57,train,1,2
610,case33bw,45,train,1,0
611,case33bw,27,calibration,1,-1
612,case33bw,57,train,1,2
613,case33bw,26,train,1,0
614,case33bw,27,calibration,1,-1
615,case33bw,59,selection,1,-1
616,case33bw,43,calibration,1,-1
617,case33bw,7,selection,1,-1
618,case33bw,28,calibration,1,-1
619,case33bw,39,test,1,-1
620,case33bw,7,selection,1,-1
621,case33bw,49,train,1,0
622,case33bw,48,train,1,0
623,case33bw,28,calibration,1,-1
624,case33bw,40,train,1,1
625,case33bw,31,train,1,2
626,case33bw,32,train,1,0
627,case33bw,28,calibration,1,-1
628,case33bw,15,selection,1,-1
629,case33bw,29,calibration,1,-1
630,case33bw,51,train,1,2
631,case33bw,23,train,1,0
632,case33bw,21,train,1,0
633,case33bw,10,train,1,1
634,case33bw,37,train,1,2
635,case33bw,46,train,1,1
636,case33bw,17,test,1,-1
637,case33bw,56,train,1,1
638,case33bw,44,selection,1,-1
639,case33bw,10,train,1,1
640,case33bw,59,selection,1,-1
641,case33bw,30,train,1,2
642,case33bw,0,train,1,0
643,case33bw,44,selection,1,-1
644,case33bw,47,train,1,2
645,case33bw,24,train,1,2
646,case33bw,22,test,1,-1
647,case33bw,9,train,1,2
648,case33bw,59,selection,1,-1
649,case33bw,16,test,1,-1
650,case33bw,7,selection,1,-1
651,case33bw,12,selection,1,-1
652,case33bw,34,train,1,2
653,case33bw,59,selection,1,-1
654,case33bw,47,train,1,2
655,case33bw,27,calibration,1,-1
656,case33bw,21,train,1,0
657,case33bw,55,train,1,1
658,case33bw,22,test,1,-1
659,case33bw,21,train,1,0
660,case33bw,55,train,1,1
661,case33bw,12,selection,1,-1
662,case33bw,39,test,1,-1
663,case33bw,15,selection,1,-1
664,case33bw,44,selection,1,-1
665,case33bw,55,train,1,1
666,case33bw,2,train,1,0
667,case33bw,3,train,1,1
668,case33bw,44,selection,1,-1
669,case33bw,24,train,1,2
670,case33bw,33,calibration,1,-1
671,case33bw,18,train,1,0
672,case33bw,45,train,1,0
673,case33bw,47,train,1,2
674,case33bw,36,calibration,1,-1
675,case33bw,32,train,1,0
676,case33bw,16,test,1,-1
677,case33bw,25,test,1,-1
678,case33bw,36,calibration,1,-1
679,case33bw,49,train,1,0
680,case33bw,33,calibration,1,-1
681,case33bw,36,calibration,1,-1
682,case33bw,56,train,1,1
683,case33bw,53,selection,1,-1
684,case33bw,11,calibration,1,-1
685,case33bw,18,train,1,0
686,case33bw,18,train,1,0
687,case33bw,55,train,1,1
688,case33bw,54,train,1,2
689,case33bw,47,train,1,2
690,case33bw,17,test,1,-1
691,case33bw,4,selection,1,-1
692,case33bw,45,train,1,0
693,case33bw,54,train,1,2
694,case33bw,16,test,1,-1
695,case33bw,24,train,1,2
696,case33bw,54,train,1,2
697,case33bw,28,calibration,1,-1
698,case33bw,45,train,1,0
699,case33bw,34,train,1,2
700,case33bw,12,selection,1,-1
701,case33bw,33,calibration,1,-1
702,case33bw,55,train,1,1
703,case33bw,7,selection,1,-1
704,case33bw,0,train,1,0
705,case33bw,3,train,1,1
706,case33bw,37,train,1,2
707,case33bw,7,selection,1,-1
708,case33bw,5,test,1,-1
709,case33bw,48,train,1,0
710,case33bw,42,calibration,1,-1
711,case33bw,52,test,1,-1
712,case33bw,52,test,1,-1
713,case33bw,19,test,1,-1
714,case33bw,1,train,1,1
715,case33bw,3,train,1,1
716,case33bw,3,train,1,1
717,case33bw,19,test,1,-1
718,case33bw,39,test,1,-1
719,case33bw,15,selection,1,-1
720,case33bw,33,calibration,1,-1
721,case33bw,17,test,1,-1
722,case33bw,11,calibration,1,-1
723,case33bw,7,selection,1,-1
724,case33bw,3,train,1,1
725,case33bw,1,train,1,1
726,case33bw,48,train,1,0
727,case33bw,31,train,1,2
728,case33bw,36,calibration,1,-1
729,case33bw,16,test,1,-1
730,case33bw,5,test,1,-1
731,case33bw,34,train,1,2
732,case33bw,25,test,1,-1
733,case33bw,24,train,1,2
734,case33bw,24,train,1,2
735,case33bw,16,test,1,-1
736,case33bw,25,test,1,-1
737,case33bw,49,train,1,0
738,case33bw,45,train,1,0
739,case33bw,4,selection,1,-1
740,case33bw,48,train,1,0
741,case33bw,57,train,1,2
742,case33bw,43,calibration,1,-1
743,case33bw,29,calibration,1,-1
744,case33bw,27,calibration,1,-1
745,case33bw,52,test,1,-1
746,case33bw,53,selection,1,-1
747,case33bw,41,calibration,1,-1
748,case33bw,48,train,1,0
749,case33bw,41,calibration,1,-1
750,case33bw,24,train,1,2
751,case33bw,55,train,1,1
752,case33bw,47,train,1,2
753,case33bw,4,selection,1,-1
754,case33bw,24,train,1,2
755,case33bw,30,train,1,2
756,case33bw,37,train,1,2
757,case33bw,5,test,1,-1
758,case33bw,3,train,1,1
759,case33bw,9,train,1,2
760,case33bw,31,train,1,2
761,case33bw,33,calibration,1,-1
762,case33bw,5,test,1,-1
763,case33bw,12,selection,1,-1
764,case33bw,47,train,1,2
765,case33bw,34,train,1,2
766,case33bw,44,selection,1,-1
767,case33bw,16,test,1,-1
768,case33bw,22,test,1,-1
769,case33bw,55,train,1,1
770,case33bw,5,test,1,-1
771,case33bw,33,calibration,1,-1
772,case33bw,52,test,1,-1
773,case33bw,35,train,1,2
774,case33bw,10,train,1,1
775,case33bw,47,train,1,2
776,case33bw,5,test,0,-1
777,case33bw,36,calibration,1,-1
778,case33bw,30,train,1,2
779,case33bw,14,train,1,1
780,case33bw,11,calibration,1,-1
781,case33bw,31,train,1,2
782,case33bw,53,selection,1,-1
783,case33bw,18,train,1,0
784,case33bw,34,train,1,2
785,case33bw,1,train,1,1
786,case33bw,24,train,1,2
787,case33bw,15,selection,1,-1
788,case33bw,37,train,1,2
789,case33bw,1,train,1,1
790,case33bw,39,test,1,-1
791,case33bw,29,calibration,1,-1
792,case33bw,26,train,1,0
793,case33bw,23,train,1,0
794,case33bw,0,train,1,0
795,case33bw,50,train,1,0
796,case33bw,12,selection,1,-1
797,case33bw,22,test,1,-1
798,case33bw,52,test,1,-1
799,case33bw,45,train,1,0
800,case33bw,48,train,1,0
801,case33bw,2,train,1,0
802,case33bw,40,train,1,1
803,case33bw,52,test,1,-1
804,case33bw,53,selection,1,-1
805,case33bw,48,train,1,0
806,case33bw,19,test,1,-1
807,case33bw,38,train,1,1
808,case33bw,34,train,1,2
809,case33bw,38,train,1,1
810,case33bw,3,train,1,1
811,case33bw,18,train,1,0
812,case33bw,58,test,1,-1
813,case33bw,1,train,1,1
814,case33bw,23,train,1,0
815,case33bw,10,train,1,1
816,case33bw,44,selection,1,-1
817,case33bw,26,train,1,0
818,case33bw,11,calibration,1,-1
819,case33bw,55,train,1,1
820,case33bw,14,train,1,1
821,case33bw,38,train,1,1
822,case33bw,45,train,1,0
823,case33bw,15,selection,1,-1
824,case33bw,1,train,1,1
825,case33bw,54,train,1,2
826,case33bw,22,test,1,-1
827,case33bw,53,selection,1,-1
828,case33bw,53,selection,1,-1
829,case33bw,28,calibration,1,-1
830,case33bw,27,calibration,1,-1
831,case33bw,43,calibration,1,-1
832,case33bw,42,calibration,1,-1
833,case33bw,42,calibration,1,-1
834,case33bw,52,test,1,-1
835,case33bw,2,train,1,0
836,case33bw,44,selection,1,-1
837,case33bw,16,test,1,-1
838,case33bw,44,selection,1,-1
839,case33bw,45,train,1,0
840,case33bw,54,train,1,2
841,case33bw,12,selection,1,-1
842,case33bw,0,train,1,0
843,case33bw,3,train,1,1
844,case33bw,7,selection,1,-1
845,case33bw,3,train,1,1
846,case33bw,3,train,1,1
847,case33bw,19,test,1,-1
848,case33bw,20,selection,1,-1
849,case33bw,4,selection,1,-1
850,case33bw,54,train,1,2
851,case33bw,23,train,1,0
852,case33bw,40,train,1,1
853,case33bw,14,train,1,1
854,case33bw,36,calibration,1,-1
855,case33bw,29,calibration,1,-1
856,case33bw,9,train,1,2
857,case33bw,12,selection,1,-1
858,case33bw,11,calibration,1,-1
859,case33bw,54,train,1,2
860,case33bw,2,train,1,0
861,case33bw,2,train,1,0
862,case33bw,14,train,1,1
863,case33bw,42,calibration,1,-1
864,case33bw,28,calibration,1,-1
865,case33bw,23,train,1,0
866,case33bw,55,train,1,1
867,case33bw,52,test,1,-1
868,case33bw,2,train,1,0
869,case33bw,27,calibration,1,-1
870,case33bw,17,test,1,-1
871,case33bw,58,test,1,-1
872,case33bw,41,calibration,1,-1
873,case33bw,12,selection,1,-1
874,case33bw,17,test,1,-1
875,case33bw,17,test,1,-1
876,case33bw,13,train,1,1
877,case33bw,33,calibration,1,-1
878,case33bw,3,train,1,1
879,case33bw,8,selection,1,-1
880,case33bw,45,train,1,0
881,case33bw,27,calibration,1,-1
882,case33bw,9,train,1,2
883,case33bw,8,selection,1,-1
884,case33bw,50,train,1,0
885,case33bw,4,selection,1,-1
886,case33bw,40,train,1,1
887,case33bw,2,train,1,0
888,case33bw,49,train,1,0
889,case33bw,23,train,1,0
890,case33bw,26,train,1,0
891,case33bw,14,train,1,1
892,case33bw,49,train,1,0
893,case33bw,35,train,1,2
894,case33bw,58,test,1,-1
895,case33bw,40,train,1,1
896,case33bw,53,selection,1,-1
897,case33bw,50,train,1,0
898,case33bw,53,selection,1,-1
899,case33bw,19,test,1,-1
900,case33bw,8,selection,1,-1
901,case33bw,40,train,1,1
902,case33bw,52,test,1,-1
903,case33bw,38,train,1,1
904,case33bw,39,test,1,-1
905,case33bw,38,train,1,1
906,case33bw,58,test,1,-1
907,case33bw,25,test,1,-1
908,case33bw,48,train,1,0
909,case33bw,4,selection,1,-1
910,case33bw,11,calibration,1,-1
911,case33bw,19,test,1,-1
912,case33bw,20,selection,1,-1
913,case33bw,20,selection,1,-1
914,case33bw,52,test,1,-1
915,case33bw,33,calibration,1,-1
916,case33bw,53,selection,1,-1
917,case33bw,43,calibration,1,-1
918,case33bw,11,calibration,1,-1
919,case33bw,17,test,1,-1
920,case33bw,18,train,1,0
921,case33bw,51,train,1,2
922,case33bw,18,train,1,0
923,case33bw,45,train,1,0
924,case33bw,23,train,1,0
925,case33bw,54,train,1,2
926,case33bw,22,test,1,-1
927,case33bw,34,train,1,2
928,case33bw,47,train,1,2
929,case33bw,43,calibration,1,-1
930,case33bw,25,test,1,-1
931,case33bw,4,selection,1,-1
932,case33bw,25,test,1,-1
933,case33bw,4,selection,1,-1
934,case33bw,37,train,1,2
935,case33bw,30,train,1,2
936,case33bw,26,train,1,0
937,case33bw,18,train,1,0
938,case33bw,16,test,1,-1
939,case33bw,46,train,1,1
940,case33bw,38,train,1,1
941,case33bw,17,test,1,-1
942,case33bw,52,test,1,-1
943,case33bw,6,train,1,1
944,case33bw,53,selection,1,-1
945,case33bw,29,calibration,1,-1
946,case33bw,17,test,1,-1
947,case33bw,25,test,1,-1
948,case33bw,26,train,1,0
949,case33bw,10,train,1,1
950,case33bw,15,selection,1,-1
951,case33bw,52,test,1,-1
952,case33bw,26,train,1,0
953,case33bw,26,train,1,0
954,case33bw,20,selection,1,-1
955,case33bw,26,train,1,0
956,case33bw,19,test,1,-1
957,case33bw,39,test,1,-1
958,case33bw,11,calibration,1,-1
959,case33bw,15,selection,1,-1
960,case33bw,42,calibration,1,-1
961,case33bw,44,selection,1,-1
962,case33bw,59,selection,1,-1
963,case33bw,21,train,1,0
964,case33bw,5,test,1,-1
965,case33bw,26,train,1,0
966,case33bw,21,train,1,0
967,case33bw,28,calibration,1,-1
968,case33bw,25,test,1,-1
969,case33bw,17,test,1,-1
970,case33bw,37,train,1,2
971,case33bw,1,train,1,1
972,case33bw,0,train,1,0
973,case33bw,29,calibration,1,-1
974,case33bw,51,train,1,2
975,case33bw,18,train,1,0
976,case33bw,30,train,1,2
977,case33bw,59,selection,1,-1
978,case33bw,11,calibration,1,-1
979,case33bw,51,train,1,2
980,case33bw,21,train,1,0
981,case33bw,7,selection,1,-1
982,case33bw,33,calibration,1,-1
983,case33bw,31,train,1,2
984,case33bw,57,train,1,2
985,case33bw,22,test,1,-1
986,case33bw,26,train,1,0
987,case33bw,9,train,1,2
988,case33bw,8,selection,1,-1
989,case33bw,57,train,1,2
990,case33bw,6,train,1,1
991,case33bw,5,test,1,-1
992,case33bw,13,train,1,1
993,case33bw,19,test,1,-1
994,case33bw,14,train,1,1
995,case33bw,22,test,1,-1
996,case33bw,34,train,1,2
997,case33bw,30,train,1,2
998,case33bw,28,calibration,1,-1
999,case33bw,43,calibration,1,-1
1000,case33bw,40,train,1,1
1001,case33bw,32,train,1,0
1002,case33bw,29,calibration,1,-1
1003,case33bw,8,selection,1,-1
1004,case33bw,24,train,1,2
1005,case33bw,50,train,1,0
1006,case33bw,1,train,1,1
1007,case33bw,25,test,1,-1
1008,case33bw,22,test,1,-1
1009,case33bw,52,test,1,-1
1010,case33bw,41,calibration,1,-1
1011,case33bw,9,train,1,2
1012,case33bw,20,selection,1,-1
1013,case33bw,6,train,1,1
1014,case33bw,21,train,1,0
1015,case33bw,33,calibration,1,-1
1016,case33bw,9,train,1,2
1017,case33bw,31,train,1,2
1018,case33bw,15,selection,1,-1
1019,case33bw,9,train,1,2
1020,case33bw,56,train,1,1
1021,case33bw,24,train,1,2
1022,case33bw,46,train,1,1
1023,case33bw,40,train,1,1
1024,case33bw,53,selection,1,-1
1025,case33bw,20,selection,1,-1
1026,case33bw,13,train,1,1
1027,case33bw,12,selection,1,-1
1028,case33bw,54,train,1,2
1029,case33bw,54,train,1,2
1030,case33bw,43,calibration,1,-1
1031,case33bw,39,test,1,-1
1032,case33bw,37,train,1,2
1033,case33bw,9,train,1,2
1034,case33bw,27,calibration,1,-1
1035,case33bw,0,train,1,0
1036,case33bw,59,selection,1,-1
1037,case33bw,55,train,1,1
1038,case33bw,19,test,1,-1
1039,case33bw,57,train,1,2
1040,case33bw,6,train,1,1
1041,case33bw,30,train,1,2
1042,case33bw,9,train,1,2
1043,case33bw,10,train,1,1
1044,case33bw,3,train,1,1
1045,case33bw,3,train,1,1
1046,case33bw,6,train,1,1
1047,case33bw,31,train,1,2
1048,case33bw,8,selection,1,-1
1049,case33bw,3,train,1,1
1050,case33bw,20,selection,1,-1
1051,case33bw,52,test,1,-1
1052,case33bw,46,train,1,1
1053,case33bw,2,train,1,0
1054,case33bw,28,calibration,1,-1
1055,case33bw,15,selection,1,-1
1056,case33bw,13,train,1,1
1057,case33bw,54,train,1,2
1058,case33bw,14,train,1,1
1059,case33bw,46,train,1,1
1060,case33bw,13,train,1,1
1061,case33bw,39,test,1,-1
1062,case33bw,37,train,1,2
1063,case33bw,35,train,1,2
1064,case33bw,27,calibration,1,-1
1065,case33bw,57,train,1,2
1066,case33bw,3,train,1,1
1067,case33bw,21,train,1,0
1068,case33bw,19,test,1,-1
1069,case33bw,50,train,1,0
1070,case33bw,20,selection,1,-1
1071,case33bw,32,train,1,0
1072,case33bw,18,train,1,0
1073,case33bw,10,train,1,1
1074,case33bw,17,test,1,-1
1075,case33bw,6,train,1,1
1076,case33bw,26,train,1,0
1077,case33bw,37,train,1,2
1078,case33bw,15,selection,1,-1
1079,case33bw,58,test,1,-1
1080,case33bw,3,train,1,1
1081,case33bw,8,selection,1,-1
1082,case33bw,41,calibration,1,-1
1083,case33bw,43,calibration,1,-1
1084,case33bw,41,calibration,1,-1
1085,case33bw,38,train,1,1
1086,case33bw,58,test,1,-1
1087,case33bw,44,selection,1,-1
1088,case33bw,20,selection,1,-1
1089,case33bw,32,train,1,0
1090,case33bw,49,train,1,0
1091,case33bw,37,train,1,2
1092,case33bw,27,calibration,1,-1
1093,case33bw,51,train,1,2
1094,case33bw,3,train,1,1
1095,case33bw,24,train,1,2
1096,case33bw,43,calibration,1,-1
1097,case33bw,48,train,1,0
1098,case33bw,16,test,1,-1
1099,case33bw,49,train,1,0
1100,case33bw,1,train,1,1
1101,case33bw,21,train,1,0
1102,case33bw,45,train,1,0
1103,case33bw,8,selection,1,-1
1104,case33bw,0,train,1,0
1105,case33bw,1,train,1,1
1106,case33bw,8,selection,1,-1
1107,case33bw,45,train,1,0
1108,case33bw,3,train,1,1
1109,case33bw,29,calibration,1,-1
1110,case33bw,32,train,1,0
1111,case33bw,40,train,1,1
1112,case33bw,47,train,1,2
1113,case33bw,32,train,1,0
1114,case33bw,1,train,1,1
1115,case33bw,12,selection,1,-1
1116,case33bw,22,test,1,-1
1117,case33bw,51,train,1,2
1118,case33bw,44,selection,1,-1
1119,case33bw,48,train,1,0
1120,case33bw,54,train,1,2
1121,case33bw,21,train,1,0
1122,case33bw,31,train,1,2
1123,case33bw,46,train,1,1
1124,case33bw,26,train,1,0
1125,case33bw,36,calibration,1,-1
1126,case33bw,59,selection,1,-1
1127,case33bw,52,test,1,-1
1128,case33bw,58,test,1,-1
1129,case33bw,42,calibration,1,-1
1130,case33bw,10,train,1,1
1131,case33bw,13,train,1,1
1132,case33bw,48,train,1,0
1133,case33bw,10,train,1,1
1134,case33bw,37,train,1,2
1135,case33bw,52,test,1,-1
1136,case33bw,54,train,1,2
1137,case33bw,26,train,1,0
1138,case33bw,58,test,1,-1
1139,case33bw,8,selection,1,-1
1140,case33bw,0,train,1,0
1141,case33bw,20,selection,1,-1
1142,case33bw,3,train,1,1
1143,case33bw,2,train,1,0
1144,case33bw,6,train,1,1
1145,case33bw,34,train,1,2
1146,case33bw,18,train,1,0
1147,case33bw,26,train,1,0
1148,case33bw,29,calibration,1,-1
1149,case33bw,44,selection,1,-1
1150,case33bw,9,train,1,2
1151,case33bw,50,train,1,0
1152,case33bw,39,test,1,-1
1153,case33bw,26,train,1,0
1154,case33bw,25,test,1,-1
1155,case33bw,14,train,1,1
1156,case33bw,31,train,1,2
1157,case33bw,30,train,1,2
1158,case33bw,36,calibration,1,-1
1159,case33bw,40,train,1,1
1160,case33bw,32,train,1,0
1161,case33bw,30,train,1,2
1162,case33bw,21,train,1,0
1163,case33bw,1,train,1,1
1164,case33bw,53,selection,1,-1
1165,case33bw,55,train,1,1
1166,case33bw,10,train,1,1
1167,case33bw,9,train,1,2
1168,case33bw,26,train,1,0
1169,case33bw,19,test,1,-1
1170,case33bw,43,calibration,1,-1
1171,case33bw,14,train,1,1
1172,case33bw,38,train,1,1
1173,case33bw,43,calibration,1,-1
1174,case33bw,32,train,1,0
1175,case33bw,29,calibration,1,-1
1176,case33bw,41,calibration,1,-1
1177,case33bw,10,train,1,1
1178,case33bw,54,train,1,2
1179,case33bw,24,train,1,2
1180,case33bw,49,train,1,0
1181,case33bw,44,selection,1,-1
1182,case33bw,12,selection,1,-1
1183,case33bw,29,calibration,1,-1
1184,case33bw,36,calibration,1,-1
1185,case33bw,16,test,1,-1
1186,case33bw,22,test,1,-1
1187,case33bw,42,calibration,1,-1
1188,case33bw,38,train,1,1
1189,case33bw,22,test,1,-1
1190,case33bw,22,test,1,-1
1191,case33bw,34,train,1,2
1192,case33bw,44,selection,1,-1
1193,case33bw,55,train,1,1
1194,case33bw,50,train,1,0
1195,case33bw,40,train,1,1
1196,case33bw,10,train,1,1
1197,case33bw,32,train,1,0
1198,case33bw,57,train,1,2
1199,case33bw,18,train,1,0
1200,case33bw,1,train,1,1
1201,case33bw,31,train,1,2
1202,case33bw,37,train,1,2
1203,case33bw,2,train,1,0
1204,case33bw,1,train,1,1
1205,case33bw,7,selection,1,-1
1206,case33bw,13,train,1,1
1207,case33bw,11,calibration,1,-1
1208,case33bw,24,train,1,2
1209,case33bw,42,calibration,1,-1
1210,case33bw,1,train,1,1
1211,case33bw,20,selection,1,-1
1212,case33bw,41,calibration,1,-1
1213,case33bw,11,calibration,1,-1
1214,case33bw,8,selection,1,-1
1215,case33bw,37,train,1,2
1216,case33bw,51,train,1,2
1217,case33bw,26,train,1,0
1218,case33bw,11,calibration,1,-1
1219,case33bw,25,test,1,-1
1220,case33bw,42,calibration,1,-1
1221,case33bw,48,train,1,0
1222,case33bw,26,train,1,0
1223,case33bw,41,calibration,1,-1
1224,case33bw,6,train,1,1
1225,case33bw,9,train,1,2
1226,case33bw,6,train,1,1
1227,case33bw,2,train,1,0
1228,case33bw,41,calibration,1,-1
1229,case33bw,37,train,1,2
1230,case33bw,56,train,1,1
1231,case33bw,18,train,1,0
1232,case33bw,40,train,1,1
1233,case33bw,53,selection,1,-1
1234,case33bw,10,train,1,1
1235,case33bw,0,train,1,0
1236,case33bw,3,train,1,1
1237,case33bw,21,train,1,0
1238,case33bw,11,calibration,1,-1
1239,case33bw,11,calibration,1,-1
1240,case33bw,7,selection,1,-1
1241,case33bw,6,train,1,1
1242,case33bw,19,test,1,-1
1243,case33bw,40,train,1,1
1244,case33bw,53,selection,1,-1
1245,case33bw,24,train,1,2
1246,case33bw,9,train,1,2
1247,case33bw,56,train,1,1
1248,case33bw,23,train,1,0
1249,case33bw,32,train,1,0
1250,case33bw,9,train,1,2
1251,case33bw,15,selection,1,-1
1252,case33bw,23,train,1,0
1253,case33bw,29,calibration,1,-1
1254,case33bw,59,selection,1,-1
1255,case33bw,45,train,1,0
1256,case33bw,53,selection,1,-1
1257,case33bw,19,test,1,-1
1258,case33bw,32,train,1,0
1259,case33bw,48,train,1,0
1260,case33bw,53,selection,1,-1
1261,case33bw,35,train,1,2
1262,case33bw,26,train,1,0
1263,case33bw,30,train,1,2
1264,case33bw,5,test,1,-1
1265,case33bw,6,train,1,1
1266,case33bw,31,train,1,2
1267,case33bw,10,train,1,1
1268,case33bw,11,calibration,1,-1
1269,case33bw,34,train,1,2
1270,case33bw,19,test,1,-1
1271,case33bw,26,train,1,0
1272,case33bw,52,test,1,-1
1273,case33bw,59,selection,1,-1
1274,case33bw,54,train,1,2
1275,case33bw,46,train,1,1
1276,case33bw,49,train,1,0
1277,case33bw,36,calibration,1,-1
1278,case33bw,42,calibration,1,-1
1279,case33bw,17,test,1,-1
1280,case33bw,4,selection,1,-1
1281,case33bw,56,train,1,1
1282,case33bw,22,test,1,-1
1283,case33bw,58,test,1,-1
1284,case33bw,8,selection,1,-1
1285,case33bw,45,train,1,0
1286,case33bw,22,test,1,-1
1287,case33bw,46,train,1,1
1288,case33bw,6,train,1,1
1289,case33bw,45,train,1,0
1290,case33bw,20,selection,1,-1
1291,case33bw,42,calibration,1,-1
1292,case33bw,15,selection,1,-1
1293,case33bw,5,test,1,-1
1294,case33bw,33,calibration,1,-1
1295,case33bw,55,train,1,1
1296,case33bw,34,train,1,2
1297,case33bw,11,calibration,1,-1
1298,case33bw,38,train,1,1
1299,case33bw,34,train,1,2
1300,case33bw,48,train,1,0
1301,case33bw,13,train,1,1
1302,case33bw,33,calibration,1,-1
1303,case33bw,27,calibration,1,-1
1304,case33bw,29,calibration,1,-1
1305,case33bw,38,train,1,1
1306,case33bw,36,calibration,1,-1
1307,case33bw,46,train,1,1
1308,case33bw,11,calibration,1,-1
1309,case33bw,26,train,1,0
1310,case33bw,6,train,1,1
1311,case33bw,45,train,1,0
1312,case33bw,3,train,1,1
1313,case33bw,24,train,1,2
1314,case33bw,3,train,1,1
1315,case33bw,22,test,1,-1
1316,case33bw,35,train,1,2
1317,case33bw,26,train,1,0
1318,case33bw,50,train,1,0
1319,case33bw,51,train,1,2
1320,case33bw,52,test,1,-1
1321,case33bw,34,train,1,2
1322,case33bw,32,train,1,0
1323,case33bw,43,calibration,1,-1
1324,case33bw,22,test,1,-1
1325,case33bw,5,test,1,-1
1326,case33bw,28,calibration,1,-1
1327,case33bw,19,test,1,-1
1328,case33bw,39,test,1,-1
1329,case33bw,58,test,1,-1
1330,case33bw,15,selection,1,-1
1331,case33bw,50,train,1,0
1332,case33bw,8,selection,1,-1
1333,case33bw,23,train,1,0
1334,case33bw,14,train,1,1
1335,case33bw,12,selection,1,-1
1336,case33bw,14,train,1,1
1337,case33bw,42,calibration,1,-1
1338,case33bw,27,calibration,1,-1
1339,case33bw,24,train,1,2
1340,case33bw,35,train,1,2
1341,case33bw,17,test,1,-1
1342,case33bw,24,train,1,2
1343,case33bw,35,train,1,2
1344,case33bw,27,calibration,1,-1
1345,case33bw,7,selection,1,-1
1346,case33bw,53,selection,1,-1
1347,case33bw,3,train,1,1
1348,case33bw,10,train,1,1
1349,case33bw,59,selection,1,-1
1350,case33bw,24,train,1,2
1351,case33bw,59,selection,1,-1
1352,case33bw,31,train,1,2
1353,case33bw,8,selection,1,-1
1354,case33bw,39,test,1,-1
1355,case33bw,37,train,1,2
1356,case33bw,14,train,1,1
1357,case33bw,15,selection,1,-1
1358,case33bw,35,train,1,2
1359,case33bw,36,calibration,1,-1
1360,case33bw,44,selection,1,-1
1361,case33bw,44,selection,1,-1
1362,case33bw,15,selection,1,-1
1363,case33bw,38,train,1,1
1364,case33bw,41,calibration,1,-1
1365,case33bw,54,train,1,2
1366,case33bw,51,train,1,2
1367,case33bw,17,test,1,-1
1368,case33bw,23,train,1,0
1369,case33bw,25,test,1,-1
1370,case33bw,28,calibration,1,-1
1371,case33bw,48,train,1,0
1372,case33bw,50,train,1,0
1373,case33bw,18,train,1,0
1374,case33bw,12,selection,1,-1
1375,case33bw,27,calibration,1,-1
1376,case33bw,49,train,1,0
1377,case33bw,9,train,1,2
1378,case33bw,45,train,1,0
1379,case33bw,15,selection,1,-1
1380,case33bw,10,train,1,1
1381,case33bw,25,test,1,-1
1382,case33bw,54,train,1,2
1383,case33bw,22,test,1,-1
1384,case33bw,13,train,1,1
1385,case33bw,1,train,1,1
1386,case33bw,1,train,1,1
1387,case33bw,46,train,1,1
1388,case33bw,47,train,1,2
1389,case33bw,20,selection,1,-1
1390,case33bw,25,test,1,-1
1391,case33bw,36,calibration,1,-1
1392,case33bw,16,test,1,-1
1393,case33bw,32,train,1,0
1394,case33bw,14,train,1,1
1395,case33bw,36,calibration,1,-1
1396,case33bw,8,selection,1,-1
1397,case33bw,50,train,1,0
1398,case33bw,52,test,1,-1
1399,case33bw,58,test,1,-1
1400,case33bw,11,calibration,1,-1
1401,case33bw,24,train,1,2
1402,case33bw,20,selection,1,-1
1403,case33bw,40,train,1,1
1404,case33bw,59,selection,1,-1
1405,case33bw,24,train,1,2
1406,case33bw,7,selection,1,-1
1407,case33bw,54,train,1,2
1408,case33bw,47,train,1,2
1409,case33bw,6,train,1,1
1410,case33bw,15,selection,1,-1
1411,case33bw,58,test,1,-1
1412,case33bw,40,train,1,1
1413,case33bw,24,train,1,2
1414,case33bw,25,test,1,-1
1415,case33bw,32,train,1,0
1416,case33bw,21,train,1,0
1417,case33bw,59,selection,1,-1
1418,case33bw,30,train,1,2
1419,case33bw,27,calibration,1,-1
1420,case33bw,47,train,1,2
1421,case33bw,53,selection,1,-1
1422,case33bw,15,selection,1,-1
1423,case33bw,24,train,1,2
1424,case33bw,2,train,1,0
1425,case33bw,36,calibration,1,-1
1426,case33bw,4,selection,1,-1
1427,case33bw,43,calibration,1,-1
1428,case33bw,59,selection,1,-1
1429,case33bw,44,selection,1,-1
1430,case33bw,58,test,1,-1
1431,case33bw,39,test,1,-1
1432,case33bw,45,train,1,0
1433,case33bw,56,train,1,1
1434,case33bw,8,selection,1,-1
1435,case33bw,59,selection,1,-1
1436,case33bw,59,selection,1,-1
1437,case33bw,10,train,1,1
1438,case33bw,47,train,1,2
1439,case33bw,16,test,1,-1
1440,case33bw,20,selection,1,-1
1441,case33bw,19,test,1,-1
1442,case33bw,28,calibration,1,-1
1443,case33bw,54,train,1,2
1444,case33bw,58,test,1,-1
1445,case33bw,27,calibration,1,-1
1446,case33bw,0,train,1,0
1447,case33bw,19,test,1,-1
1448,case33bw,2,train,1,0
1449,case33bw,18,train,1,0
1450,case33bw,59,selection,1,-1
1451,case33bw,29,calibration,1,-1
1452,case33bw,58,test,1,-1
1453,case33bw,28,calibration,1,-1
1454,case33bw,30,train,1,2
1455,case33bw,27,calibration,1,-1
1456,case33bw,19,test,1,-1
1457,case33bw,35,train,1,2
1458,case33bw,7,selection,1,-1
1459,case33bw,19,test,1,-1
1460,case33bw,9,train,1,2
1461,case33bw,25,test,1,-1
1462,case33bw,4,selection,1,-1
1463,case33bw,3,train,1,1
1464,case33bw,59,selection,1,-1
1465,case33bw,20,selection,1,-1
1466,case33bw,2,train,1,0
1467,case33bw,51,train,1,2
1468,case33bw,42,calibration,1,-1
1469,case33bw,26,train,1,0
1470,case33bw,52,test,1,-1
1471,case33bw,11,calibration,1,-1
1472,case33bw,3,train,1,1
1473,case33bw,36,calibration,1,-1
1474,case33bw,46,train,1,1
1475,case33bw,14,train,1,1
1476,case33bw,41,calibration,1,-1
1477,case33bw,51,train,1,2
1478,case33bw,28,calibration,1,-1
1479,case33bw,39,test,1,-1
1480,case33bw,42,calibration,1,-1
1481,case33bw,0,train,1,0
1482,case33bw,11,calibration,1,-1
1483,case33bw,16,test,1,-1
1484,case33bw,28,calibration,1,-1
1485,case33bw,44,selection,1,-1
1486,case33bw,50,train,1,0
1487,case33bw,13,train,1,1
1488,case33bw,46,train,1,1
1489,case33bw,33,calibration,1,-1
1490,case33bw,45,train,1,0
1491,case33bw,6,train,1,1
1492,case33bw,41,calibration,1,-1
1493,case33bw,21,train,1,0
1494,case33bw,58,test,1,-1
1495,case33bw,56,train,1,1
1496,case33bw,9,train,1,2
1497,case33bw,19,test,1,-1
1498,case33bw,55,train,1,1
1499,case33bw,16,test,1,-1
1500,case33bw,2,train,1,0
1501,case33bw,14,train,1,1
1502,case33bw,7,selection,1,-1
1503,case33bw,38,train,1,1
1504,case33bw,57,train,1,2
1505,case33bw,46,train,1,1
1506,case33bw,0,train,1,0
1507,case33bw,15,selection,1,-1
1508,case33bw,59,selection,1,-1
1509,case33bw,17,test,1,-1
1510,case33bw,2,train,1,0
1511,case33bw,26,train,1,0
1512,case33bw,27,calibration,1,-1
1513,case33bw,25,test,1,-1
1514,case33bw,43,calibration,1,-1
1515,case33bw,52,test,1,-1
1516,case33bw,21,train,1,0
1517,case33bw,2,train,1,0
1518,case33bw,19,test,1,-1
1519,case33bw,1,train,1,1
1520,case33bw,58,test,1,-1
1521,case33bw,54,train,1,2
1522,case33bw,58,test,1,-1
1523,case33bw,36,calibration,1,-1
1524,case33bw,20,selection,1,-1
1525,case33bw,44,selection,1,-1
1526,case33bw,0,train,1,0
1527,case33bw,41,calibration,1,-1
1528,case33bw,20,selection,1,-1
1529,case33bw,14,train,1,1
1530,case33bw,14,train,1,1
1531,case33bw,22,test,1,-1
1532,case33bw,8,selection,1,-1
1533,case33bw,32,train,1,0
1534,case33bw,32,train,1,0
1535,case33bw,31,train,1,2
1536,case33bw,25,test,1,-1
1537,case33bw,6,train,1,1
1538,case33bw,40,train,1,1
1539,case33bw,41,calibration,1,-1
1540,case33bw,55,train,1,1
1541,case33bw,38,train,1,1
1542,case33bw,6,train,1,1
1543,case33bw,6,train,1,1
1544,case33bw,7,selection,1,-1
1545,case33bw,59,selection,1,-1
1546,case33bw,0,train,1,0
1547,case33bw,28,calibration,1,-1
1548,case33bw,39,test,1,-1
1549,case33bw,47,train,1,2
1550,case33bw,49,train,1,0
1551,case33bw,34,train,1,2
1552,case33bw,40,train,1,1
1553,case33bw,46,train,1,1
1554,case33bw,31,train,1,2
1555,case33bw,15,selection,1,-1
1556,case33bw,42,calibration,1,-1
1557,case33bw,34,train,1,2
1558,case33bw,53,selection,1,-1
1559,case33bw,31,train,1,2
1560,case33bw,29,calibration,1,-1
1561,case33bw,22,test,1,-1
1562,case33bw,7,selection,1,-1
1563,case33bw,48,train,1,0
1564,case33bw,34,train,1,2
1565,case33bw,57,train,1,2
1566,case33bw,49,train,1,0
1567,case33bw,28,calibration,1,-1
1568,case33bw,6,train,1,1
1569,case33bw,56,train,1,1
1570,case33bw,4,selection,1,-1
1571,case33bw,7,selection,1,-1
1572,case33bw,10,train,1,1
1573,case33bw,39,test,1,-1
1574,case33bw,51,train,1,2
1575,case33bw,51,train,1,2
1576,case33bw,24,train,1,2
1577,case33bw,54,train,1,2
1578,case33bw,24,train,1,2
1579,case33bw,16,test,1,-1
1580,case33bw,42,calibration,1,-1
1581,case33bw,48,train,1,0
1582,case33bw,51,train,1,2
1583,case33bw,2,train,1,0
1584,case33bw,50,train,1,0
1585,case33bw,31,train,1,2
1586,case33bw,17,test,1,-1
1587,case33bw,57,train,1,2
1588,case33bw,2,train,1,0
1589,case33bw,33,calibration,1,-1
1590,case33bw,10,train,1,1
1591,case33bw,30,train,1,2
1592,case33bw,26,train,1,0
1593,case33bw,45,train,1,0
1594,case33bw,4,selection,1,-1
1595,case33bw,39,test,1,-1
1596,case33bw,22,test,1,-1
1597,case33bw,40,train,1,1
1598,case33bw,50,train,1,0
1599,case33bw,31,train,1,2
1600,case33bw,10,train,1,1
1601,case33bw,57,train,1,2
1602,case33bw,5,test,1,-1
1603,case33bw,46,train,1,1
1604,case33bw,28,calibration,1,-1
1605,case33bw,35,train,1,2
1606,case33bw,10,train,1,1
1607,case33bw,27,calibration,1,-1
1608,case33bw,45,train,1,0
1609,case33bw,15,selection,1,-1
1610,case33bw,44,selection,1,-1
1611,case33bw,16,test,1,-1
1612,case33bw,56,train,1,1
1613,case33bw,17,test,1,-1
1614,case33bw,10,train,1,1
1615,case33bw,36,calibration,1,-1
1616,case33bw,4,selection,1,-1
1617,case33bw,2,train,1,0
1618,case33bw,6,train,1,1
1619,case33bw,26,train,1,0
1620,case33bw,54,train,1,2
1621,case33bw,57,train,1,2
1622,case33bw,31,train,1,2
1623,case33bw,53,selection,1,-1
1624,case33bw,34,train,1,2
1625,case33bw,42,calibration,1,-1
1626,case33bw,54,train,1,2
1627,case33bw,42,calibration,1,-1
1628,case33bw,20,selection,1,-1
1629,case33bw,50,train,1,0
1630,case33bw,13,train,1,1
1631,case33bw,37,train,1,2
1632,case33bw,45,train,1,0
1633,case33bw,38,train,1,1
1634,case33bw,57,train,1,2
1635,case33bw,38,train,1,1
1636,case33bw,25,test,1,-1
1637,case33bw,25,test,1,-1
1638,case33bw,9,train,1,2
1639,case33bw,33,calibration,1,-1
1640,case33bw,51,train,1,2
1641,case33bw,6,train,1,1
1642,case33bw,28,calibration,1,-1
1643,case33bw,35,train,1,2
1644,case33bw,17,test,1,-1
1645,case33bw,41,calibration,1,-1
1646,case33bw,53,selection,1,-1
1647,case33bw,39,test,1,-1
1648,case33bw,8,selection,1,-1
1649,case33bw,57,train,1,2
1650,case33bw,55,train,1,1
1651,case33bw,12,selection,1,-1
1652,case33bw,27,calibration,1,-1
1653,case33bw,49,train,1,0
1654,case33bw,23,train,1,0
1655,case33bw,37,train,1,2
1656,case33bw,54,train,1,2
1657,case33bw,55,train,1,1
1658,case33bw,1,train,1,1
1659,case33bw,38,train,1,1
1660,case33bw,30,train,1,2
1661,case33bw,54,train,1,2
1662,case33bw,42,calibration,1,-1
1663,case33bw,47,train,1,2
1664,case33bw,3,train,1,1
1665,case33bw,51,train,1,2
1666,case33bw,9,train,1,2
1667,case33bw,55,train,1,1
1668,case33bw,18,train,1,0
1669,case33bw,39,test,1,-1
1670,case33bw,35,train,1,2
1671,case33bw,11,calibration,1,-1
1672,case33bw,50,train,1,0
1673,case33bw,19,test,1,-1
1674,case33bw,34,train,1,2
1675,case33bw,29,calibration,1,-1
1676,case33bw,22,test,1,-1
1677,case33bw,42,calibration,1,-1
1678,case33bw,54,train,1,2
1679,case33bw,48,train,1,0
1680,case33bw,13,train,1,1
1681,case33bw,29,calibration,1,-1
1682,case33bw,40,train,1,1
1683,case33bw,54,train,1,2
1684,case33bw,44,selection,1,-1
1685,case33bw,3,train,1,1
1686,case33bw,20,selection,1,-1
1687,case33bw,56,train,1,1
1688,case33bw,23,train,1,0
1689,case33bw,35,train,1,2
1690,case33bw,49,train,1,0
1691,case33bw,28,calibration,1,-1
1692,case33bw,16,test,1,-1
1693,case33bw,7,selection,1,-1
1694,case33bw,21,train,1,0
1695,case33bw,41,calibration,1,-1
1696,case33bw,49,train,1,0
1697,case33bw,4,selection,1,-1
1698,case33bw,18,train,1,0
1699,case33bw,46,train,1,1
1700,case33bw,36,calibration,1,-1
1701,case33bw,13,train,1,1
1702,case33bw,14,train,1,1
1703,case33bw,8,selection,1,-1
1704,case33bw,25,test,1,-1
1705,case33bw,50,train,1,0
1706,case33bw,42,calibration,1,-1
1707,case33bw,16,test,1,-1
1708,case33bw,0,train,1,0
1709,case33bw,16,test,1,-1
1710,case33bw,38,train,1,1
1711,case33bw,37,train,1,2
1712,case33bw,48,train,1,0
1713,case33bw,0,train,1,0
1714,case33bw,4,selection,1,-1
1715,case33bw,47,train,1,2
1716,case33bw,15,selection,1,-1
1717,case33bw,9,train,1,2
1718,case33bw,31,train,1,2
1719,case33bw,23,train,1,0
1720,case33bw,45,train,1,0
1721,case33bw,30,train,1,2
1722,case33bw,39,test,1,-1
1723,case33bw,57,train,1,2
1724,case33bw,29,calibration,1,-1
1725,case33bw,6,train,1,1
1726,case33bw,43,calibration,1,-1
1727,case33bw,44,selection,1,-1
1728,case33bw,55,train,1,1
1729,case33bw,11,calibration,1,-1
1730,case33bw,56,train,1,1
1731,case33bw,50,train,1,0
1732,case33bw,26,train,1,0
1733,case33bw,42,calibration,1,-1
1734,case33bw,16,test,1,-1
1735,case33bw,35,train,1,2
1736,case33bw,39,test,1,-1
1737,case33bw,14,train,1,1
1738,case33bw,8,selection,1,-1
1739,case33bw,27,calibration,1,-1
1740,case33bw,45,train,1,0
1741,case33bw,43,calibration,1,-1
1742,case33bw,10,train,1,1
1743,case33bw,36,calibration,1,-1
1744,case33bw,49,train,1,0
1745,case33bw,19,test,1,-1
1746,case33bw,19,test,1,-1
1747,case33bw,24,train,1,2
1748,case33bw,43,calibration,1,-1
1749,case33bw,32,train,1,0
1750,case33bw,2,train,1,0
1751,case33bw,38,train,1,1
1752,case33bw,59,selection,1,-1
1753,case33bw,25,test,1,-1
1754,case33bw,6,train,1,1
1755,case33bw,19,test,1,-1
1756,case33bw,23,train,1,0
1757,case33bw,29,calibration,1,-1
1758,case33bw,41,calibration,1,-1
1759,case33bw,48,train,1,0
1760,case33bw,16,test,1,-1
1761,case33bw,55,train,1,1
1762,case33bw,20,selection,1,-1
1763,case33bw,48,train,1,0
1764,case33bw,58,test,1,-1
1765,case33bw,2,train,1,0
1766,case33bw,5,test,1,-1
1767,case33bw,40,train,1,1
1768,case33bw,57,train,1,2
1769,case33bw,48,train,1,0
1770,case33bw,45,train,1,0
1771,case33bw,15,selection,1,-1
1772,case33bw,19,test,1,-1
1773,case33bw,35,train,1,2
1774,case33bw,11,calibration,1,-1
1775,case33bw,17,test,1,-1
1776,case33bw,6,train,1,1
1777,case33bw,25,test,1,-1
1778,case33bw,12,selection,1,-1
1779,case33bw,3,train,1,1
1780,case33bw,52,test,1,-1
1781,case33bw,11,calibration,1,-1
1782,case33bw,15,selection,1,-1
1783,case33bw,12,selection,1,-1
1784,case33bw,59,selection,1,-1
1785,case33bw,16,test,1,-1
1786,case33bw,38,train,1,1
1787,case33bw,6,train,1,1
1788,case33bw,48,train,1,0
1789,case33bw,6,train,1,1
1790,case33bw,41,calibration,1,-1
1791,case33bw,44,selection,1,-1
1792,case33bw,25,test,1,-1
1793,case33bw,30,train,1,2
1794,case33bw,57,train,1,2
1795,case33bw,38,train,1,1
1796,case33bw,49,train,1,0
1797,case33bw,6,train,1,1
1798,case33bw,39,test,1,-1
1799,case33bw,53,selection,1,-1
1800,case33bw,37,train,1,2
1801,case33bw,49,train,1,0
1802,case33bw,33,calibration,1,-1
1803,case33bw,56,train,1,1
1804,case33bw,4,selection,1,-1
1805,case33bw,2,train,1,0
1806,case33bw,8,selection,1,-1
1807,case33bw,50,train,1,0
1808,case33bw,50,train,1,0
1809,case33bw,12,selection,1,-1
1810,case33bw,55,train,1,1
1811,case33bw,55,train,1,1
1812,case33bw,41,calibration,1,-1
1813,case33bw,32,train,1,0
1814,case33bw,2,train,1,0
1815,case33bw,51,train,1,2
1816,case33bw,21,train,1,0
1817,case33bw,20,selection,1,-1
1818,case33bw,16,test,1,-1
1819,case33bw,8,selection,1,-1
1820,case33bw,35,train,1,2
1821,case33bw,11,calibration,1,-1
1822,case33bw,30,train,1,2
1823,case33bw,10,train,1,1
1824,case33bw,45,train,1,0
1825,case33bw,54,train,1,2
1826,case33bw,29,calibration,1,-1
1827,case33bw,21,train,1,0
1828,case33bw,13,train,1,1
1829,case33bw,34,train,1,2
1830,case33bw,5,test,1,-1
1831,case33bw,28,calibration,1,-1
1832,case33bw,24,train,1,2
1833,case33bw,47,train,1,2
1834,case33bw,8,selection,1,-1
1835,case33bw,56,train,1,1
1836,case33bw,22,test,1,-1
1837,case33bw,13,train,1,1
1838,case33bw,51,train,1,2
1839,case33bw,35,train,1,2
1840,case33bw,41,calibration,1,-1
1841,case33bw,44,selection,1,-1
1842,case33bw,23,train,1,0
1843,case33bw,42,calibration,1,-1
1844,case33bw,27,calibration,1,-1
1845,case33bw,17,test,1,-1
1846,case33bw,22,test,1,-1
1847,case33bw,45,train,1,0
1848,case33bw,28,calibration,1,-1
1849,case33bw,33,calibration,1,-1
1850,case33bw,56,train,1,1
1851,case33bw,24,train,1,2
1852,case33bw,17,test,1,-1
1853,case33bw,25,test,1,-1
1854,case33bw,44,selection,1,-1
1855,case33bw,1,train,1,1
1856,case33bw,39,test,1,-1
1857,case33bw,47,train,1,2
1858,case33bw,10,train,1,1
1859,case33bw,1,train,1,1
1860,case33bw,30,train,1,2
1861,case33bw,52,test,1,-1
1862,case33bw,59,selection,1,-1
1863,case33bw,16,test,1,-1
1864,case33bw,18,train,1,0
1865,case33bw,49,train,1,0
1866,case33bw,12,selection,1,-1
1867,case33bw,46,train,1,1
1868,case33bw,43,calibration,1,-1
1869,case33bw,13,train,1,1
1870,case33bw,56,train,1,1
1871,case33bw,38,train,1,1
1872,case33bw,19,test,1,-1
1873,case33bw,52,test,1,-1
1874,case33bw,18,train,1,0
1875,case33bw,42,calibration,1,-1
1876,case33bw,17,test,1,-1
1877,case33bw,28,calibration,1,-1
1878,case33bw,46,train,1,1
1879,case33bw,15,selection,1,-1
1880,case33bw,52,test,1,-1
1881,case33bw,15,selection,1,-1
1882,case33bw,2,train,1,0
1883,case33bw,49,train,1,0
1884,case33bw,17,test,1,-1
1885,case33bw,41,calibration,1,-1
1886,case33bw,13,train,1,1
1887,case33bw,59,selection,1,-1
1888,case33bw,15,selection,1,-1
1889,case33bw,8,selection,1,-1
1890,case33bw,27,calibration,1,-1
1891,case33bw,31,train,1,2
1892,case33bw,59,selection,1,-1
1893,case33bw,53,selection,1,-1
1894,case33bw,38,train,1,1
1895,case33bw,49,train,1,0
1896,case33bw,37,train,1,2
1897,case33bw,34,train,1,2
1898,case33bw,51,train,1,2
1899,case33bw,1,train,1,1
1900,case33bw,21,train,1,0
1901,case33bw,3,train,1,1
1902,case33bw,39,test,1,-1
1903,case33bw,30,train,1,2
1904,case33bw,6,train,1,1
1905,case33bw,11,calibration,1,-1
1906,case33bw,20,selection,1,-1
1907,case33bw,26,train,1,0
1908,case33bw,16,test,1,-1
1909,case33bw,13,train,1,1
1910,case33bw,33,calibration,1,-1
1911,case33bw,17,test,1,-1
1912,case33bw,15,selection,1,-1
1913,case33bw,40,train,1,1
1914,case33bw,26,train,1,0
1915,case33bw,40,train,1,1
1916,case33bw,0,train,1,0
1917,case33bw,24,train,1,2
1918,case33bw,27,calibration,1,-1
1919,case33bw,14,train,1,1
1920,case33bw,4,selection,1,-1
1921,case33bw,3,train,1,1
1922,case33bw,32,train,1,0
1923,case33bw,56,train,1,1
1924,case33bw,50,train,1,0
1925,case33bw,40,train,1,1
1926,case33bw,9,train,1,2
1927,case33bw,59,selection,1,-1
1928,case33bw,59,selection,1,-1
1929,case33bw,20,selection,1,-1
1930,case33bw,4,selection,1,-1
1931,case33bw,45,train,1,0
1932,case33bw,10,train,1,1
1933,case33bw,6,train,1,1
1934,case33bw,45,train,1,0
1935,case33bw,27,calibration,1,-1
1936,case33bw,56,train,1,1
1937,case33bw,29,calibration,1,-1
1938,case33bw,17,test,1,-1
1939,case33bw,54,train,1,2
1940,case33bw,29,calibration,1,-1
1941,case33bw,56,train,1,1
1942,case33bw,45,train,1,0
1943,case33bw,48,train,1,0
1944,case33bw,53,selection,1,-1
1945,case33bw,29,calibration,1,-1
1946,case33bw,19,test,1,-1
1947,case33bw,18,train,1,0
1948,case33bw,15,selection,1,-1
1949,case33bw,5,test,1,-1
1950,case33bw,33,calibration,1,-1
1951,case33bw,29,calibration,1,-1
1952,case33bw,31,train,1,2
1953,case33bw,51,train,1,2
1954,case33bw,8,selection,1,-1
1955,case33bw,45,train,1,0
1956,case33bw,17,test,1,-1
1957,case33bw,4,selection,1,-1
1958,case33bw,23,train,1,0
1959,case33bw,26,train,1,0
1960,case33bw,36,calibration,1,-1
1961,case33bw,42,calibration,1,-1
1962,case33bw,4,selection,1,-1
1963,case33bw,13,train,1,1
1964,case33bw,34,train,1,2
1965,case33bw,21,train,1,0
1966,case33bw,25,test,1,-1
1967,case33bw,32,train,1,0
1968,case33bw,5,test,1,-1
1969,case33bw,1,train,1,1
1970,case33bw,13,train,1,1
1971,case33bw,56,train,1,1
1972,case33bw,39,test,1,-1
1973,case33bw,4,selection,1,-1
1974,case33bw,50,train,1,0
1975,case33bw,6,train,1,1
1976,case33bw,24,train,1,2
1977,case33bw,37,train,1,2
1978,case33bw,7,selection,1,-1
1979,case33bw,14,train,1,1
1980,case33bw,41,calibration,1,-1
1981,case33bw,27,calibration,1,-1
1982,case33bw,13,train,1,1
1983,case33bw,56,train,1,1
1984,case33bw,13,train,1,1
1985,case33bw,18,train,1,0
1986,case33bw,40,train,1,1
1987,case33bw,56,train,1,1
1988,case33bw,41,calibration,1,-1
1989,case33bw,31,train,1,2
1990,case33bw,39,test,1,-1
1991,case33bw,48,train,1,0
1992,case33bw,46,train,1,1
1993,case33bw,8,selection,1,-1
1994,case33bw,12,selection,1,-1
1995,case33bw,41,calibration,1,-1
1996,case33bw,29,calibration,1,-1
1997,case33bw,40,train,1,1
1998,case33bw,37,train,1,2
1999,case33bw,8,selection,1,-1
2000,case33bw,32,train,1,0
2001,case33bw,13,train,1,1
2002,case33bw,54,train,1,2
2003,case33bw,41,calibration,1,-1
2004,case33bw,31,train,1,2
2005,case33bw,17,test,1,-1
2006,case33bw,19,test,1,-1
2007,case33bw,14,train,1,1
2008,case33bw,59,selection,1,-1
2009,case33bw,16,test,1,-1
2010,case33bw,6,train,1,1
2011,case33bw,40,train,1,1
2012,case33bw,58,test,1,-1
2013,case33bw,9,train,1,2
2014,case33bw,51,train,1,2
2015,case33bw,26,train,1,0
2016,case33bw,6,train,1,1
2017,case33bw,15,selection,1,-1
2018,case33bw,5,test,1,-1
2019,case33bw,46,train,1,1
2020,case33bw,17,test,1,-1
2021,case33bw,1,train,1,1
2022,case33bw,33,calibration,1,-1
2023,case33bw,53,selection,1,-1
2024,case33bw,6,train,1,1
2025,case33bw,41,calibration,1,-1
2026,case33bw,52,test,1,-1
2027,case33bw,27,calibration,1,-1
2028,case33bw,47,train,1,2
2029,case33bw,9,train,1,2
2030,case33bw,45,train,1,0
2031,case33bw,41,calibration,1,-1
2032,case33bw,56,train,1,1
2033,case33bw,3,train,1,1
2034,case33bw,17,test,1,-1
2035,case33bw,10,train,1,1
2036,case33bw,57,train,1,2
2037,case33bw,18,train,1,0
2038,case33bw,40,train,1,1
2039,case33bw,9,train,1,2
2040,case33bw,32,train,1,0
2041,case33bw,52,test,1,-1
2042,case33bw,48,train,1,0
2043,case33bw,17,test,1,-1
2044,case33bw,0,train,1,0
2045,case33bw,53,selection,1,-1
2046,case33bw,9,train,1,2
2047,case33bw,11,calibration,1,-1
2048,case33bw,55,train,1,1
2049,case33bw,6,train,1,1
2050,case33bw,32,train,1,0
2051,case33bw,19,test,1,-1
2052,case33bw,57,train,1,2
2053,case33bw,40,train,1,1
2054,case33bw,20,selection,1,-1
2055,case33bw,8,selection,1,-1
2056,case33bw,51,train,1,2
2057,case33bw,54,train,1,2
2058,case33bw,9,train,1,2
2059,case33bw,15,selection,1,-1
2060,case33bw,1,train,1,1
2061,case33bw,34,train,1,2
2062,case33bw,8,selection,1,-1
2063,case33bw,9,train,1,2
2064,case33bw,14,train,1,1
2065,case33bw,1,train,1,1
2066,case33bw,45,train,1,0
2067,case33bw,0,train,1,0
2068,case33bw,21,train,1,0
2069,case33bw,5,test,1,-1
2070,case33bw,26,train,1,0
2071,case33bw,34,train,1,2
2072,case33bw,25,test,1,-1
2073,case33bw,40,train,1,1
2074,case33bw,45,train,1,0
2075,case33bw,46,train,1,1
2076,case33bw,58,test,1,-1
2077,case33bw,32,train,1,0
2078,case33bw,32,train,1,0
2079,case33bw,26,train,1,0
2080,case33bw,53,selection,1,-1
2081,case33bw,15,selection,1,-1
2082,case33bw,2,train,1,0
2083,case33bw,55,train,1,1
2084,case33bw,34,train,1,2
2085,case33bw,19,test,1,-1
2086,case33bw,31,train,1,2
2087,case33bw,44,selection,1,-1
2088,case33bw,8,selection,1,-1
2089,case33bw,12,selection,1,-1
2090,case33bw,19,test,1,-1
2091,case33bw,20,selection,1,-1
2092,case33bw,21,train,1,0
2093,case33bw,2,train,1,0
2094,case33bw,44,selection,1,-1
2095,case33bw,20,selection,1,-1
2096,case33bw,3,train,1,1
2097,case33bw,41,calibration,1,-1
2098,case33bw,43,calibration,1,-1
2099,case33bw,35,train,1,2
2100,case33bw,23,train,1,0
2101,case33bw,12,selection,1,-1
2102,case33bw,17,test,1,-1
2103,case33bw,56,train,1,1
2104,case33bw,37,train,1,2
2105,case33bw,29,calibration,1,-1
2106,case33bw,0,train,1,0
2107,case33bw,16,test,1,-1
2108,case33bw,4,selection,1,-1
2109,case33bw,43,calibration,1,-1
2110,case33bw,3,train,1,1
2111,case33bw,29,calibration,1,-1
2112,case33bw,17,test,1,-1
2113,case33bw,27,calibration,1,-1
2114,case33bw,52,test,1,-1
2115,case33bw,27,calibration,1,-1
2116,case33bw,19,test,1,-1
2117,case33bw,43,calibration,1,-1
2118,case33bw,0,train,1,0
2119,case33bw,45,train,1,0
2120,case33bw,57,train,1,2
2121,case33bw,51,train,1,2
2122,case33bw,47,train,1,2
2123,case33bw,10,train,1,1
2124,case33bw,48,train,1,0
2125,case33bw,51,train,1,2
2126,case33bw,59,selection,1,-1
2127,case33bw,40,train,1,1
2128,case33bw,17,test,1,-1
2129,case33bw,8,selection,1,-1
2130,case33bw,49,train,1,0
2131,case33bw,7,selection,1,-1
2132,case33bw,12,selection,1,-1
2133,case33bw,22,test,1,-1
2134,case33bw,44,selection,1,-1
2135,case33bw,10,train,1,1
2136,case33bw,51,train,1,2
2137,case33bw,56,train,1,1
2138,case33bw,39,test,1,-1
2139,case33bw,6,train,1,1
2140,case33bw,36,calibration,1,-1
2141,case33bw,1,train,1,1
2142,case33bw,47,train,1,2
2143,case33bw,37,train,1,2
2144,case33bw,51,train,1,2
2145,case33bw,22,test,1,-1
2146,case33bw,49,train,1,0
2147,case33bw,33,calibration,1,-1
2148,case33bw,41,calibration,1,-1
2149,case33bw,54,train,1,2
2150,case33bw,27,calibration,1,-1
2151,case33bw,19,test,1,-1
2152,case33bw,21,train,1,0
2153,case33bw,1,train,1,1
2154,case33bw,36,calibration,1,-1
2155,case33bw,5,test,1,-1
2156,case33bw,43,calibration,1,-1
2157,case33bw,49,train,1,0
2158,case33bw,29,calibration,1,-1
2159,case33bw,7,selection,1,-1
2160,case33bw,12,selection,1,-1
2161,case33bw,48,train,1,0
2162,case33bw,52,test,1,-1
2163,case33bw,46,train,1,1
2164,case33bw,35,train,1,2
2165,case33bw,50,train,1,0
2166,case33bw,42,calibration,1,-1
2167,case33bw,57,train,1,2
2168,case33bw,58,test,1,-1
2169,case33bw,58,test,1,-1
2170,case33bw,59,selection,1,-1
2171,case33bw,51,train,1,2
2172,case33bw,12,selection,1,-1
2173,case33bw,10,train,1,1
2174,case33bw,15,selection,1,-1
2175,case33bw,12,selection,1,-1
2176,case33bw,48,train,1,0
2177,case33bw,27,calibration,1,-1
2178,case33bw,22,test,1,-1
2179,case33bw,51,train,1,2
2180,case33bw,17,test,1,-1
2181,case33bw,50,train,1,0
2182,case33bw,38,train,1,1
2183,case33bw,45,train,1,0
2184,case33bw,35,train,1,2
2185,case33bw,42,calibration,1,-1
2186,case33bw,52,test,1,-1
2187,case33bw,58,test,1,-1
2188,case33bw,15,selection,1,-1
2189,case33bw,59,selection,1,-1
2190,case33bw,40,train,1,1
2191,case33bw,3,train,1,1
2192,case33bw,31,train,1,2
2193,case33bw,22,test,1,-1
2194,case33bw,1,train,1,1
2195,case33bw,55,train,1,1
2196,case33bw,26,train,1,0
2197,case33bw,45,train,1,0
2198,case33bw,13,train,1,1
2199,case33bw,49,train,1,0
2200,case33bw,57,train,1,2
2201,case33bw,32,train,1,0
2202,case33bw,15,selection,1,-1
2203,case33bw,52,test,1,-1
2204,case33bw,57,train,1,2
2205,case33bw,43,calibration,1,-1
2206,case33bw,9,train,1,2
2207,case33bw,47,train,1,2
2208,case33bw,22,test,1,-1
2209,case33bw,30,train,1,2
2210,case33bw,16,test,1,-1
2211,case33bw,8,selection,1,-1
2212,case33bw,16,test,1,-1
2213,case33bw,27,calibration,1,-1
2214,case33bw,15,selection,1,-1
2215,case33bw,54,train,1,2
2216,case33bw,4,selection,1,-1
2217,case33bw,31,train,1,2
2218,case33bw,28,calibration,1,-1
2219,case33bw,15,selection,1,-1
2220,case33bw,1,train,1,1
2221,case33bw,27,calibration,1,-1
2222,case33bw,52,test,1,-1
2223,case33bw,54,train,1,2
2224,case33bw,30,train,1,2
2225,case33bw,25,test,1,-1
2226,case33bw,39,test,1,-1
2227,case33bw,52,test,1,-1
2228,case33bw,50,train,1,0
2229,case33bw,59,selection,1,-1
2230,case33bw,43,calibration,1,-1
2231,case33bw,0,train,1,0
2232,case33bw,54,train,1,2
2233,case33bw,20,selection,1,-1
2234,case33bw,44,selection,1,-1
2235,case33bw,40,train,1,1
2236,case33bw,30,train,1,2
2237,case33bw,33,calibration,1,-1
2238,case33bw,19,test,1,-1
2239,case33bw,20,selection,1,-1
2240,case33bw,43,calibration,1,-1
2241,case33bw,46,train,1,1
2242,case33bw,50,train,1,0
2243,case33bw,46,train,1,1
2244,case33bw,51,train,1,2
2245,case33bw,12,selection,1,-1
2246,case33bw,54,train,1,2
2247,case33bw,34,train,1,2
2248,case33bw,22,test,1,-1
2249,case33bw,11,calibration,1,-1
2250,case33bw,53,selection,1,-1
2251,case33bw,45,train,1,0
2252,case33bw,20,selection,1,-1
2253,case33bw,33,calibration,1,-1
2254,case33bw,53,selection,1,-1
2255,case33bw,0,train,1,0
2256,case33bw,13,train,1,1
2257,case33bw,57,train,1,2
2258,case33bw,24,train,1,2
2259,case33bw,49,train,1,0
2260,case33bw,47,train,1,2
2261,case33bw,46,train,1,1
2262,case33bw,28,calibration,1,-1
2263,case33bw,46,train,1,1
2264,case33bw,36,calibration,1,-1
2265,case33bw,27,calibration,1,-1
2266,case33bw,34,train,1,2
2267,case33bw,44,selection,1,-1
2268,case33bw,51,train,1,2
2269,case33bw,19,test,1,-1
2270,case33bw,46,train,1,1
2271,case33bw,21,train,1,0
2272,case33bw,29,calibration,1,-1
2273,case33bw,20,selection,1,-1
2274,case33bw,56,train,1,1
2275,case33bw,54,train,1,2
2276,case33bw,16,test,1,-1
2277,case33bw,19,test,1,-1
2278,case33bw,1,train,1,1
2279,case33bw,44,selection,1,-1
2280,case33bw,14,train,1,1
2281,case33bw,1,train,1,1
2282,case33bw,38,train,1,1
2283,case33bw,57,train,1,2
2284,case33bw,59,selection,1,-1
2285,case33bw,7,selection,1,-1
2286,case33bw,41,calibration,1,-1
2287,case33bw,29,calibration,1,-1
2288,case33bw,9,train,1,2
2289,case33bw,21,train,1,0
2290,case33bw,6,train,1,1
2291,case33bw,19,test,1,-1
2292,case33bw,29,calibration,1,-1
2293,case33bw,20,selection,1,-1
2294,case33bw,58,test,1,-1
2295,case33bw,16,test,1,-1
2296,case33bw,11,calibration,1,-1
2297,case33bw,49,train,1,0
2298,case33bw,4,selection,1,-1
2299,case33bw,40,train,1,1
2300,case33bw,50,train,1,0
2301,case33bw,6,train,1,1
2302,case33bw,38,train,1,1
2303,case33bw,16,test,1,-1
2304,case33bw,35,train,1,2
2305,case33bw,18,train,1,0
2306,case33bw,17,test,1,-1
2307,case33bw,39,test,1,-1
2308,case33bw,35,train,1,2
2309,case33bw,33,calibration,1,-1
2310,case33bw,4,selection,1,-1
2311,case33bw,39,test,1,-1
2312,case33bw,56,train,1,1
2313,case33bw,7,selection,1,-1
2314,case33bw,26,train,1,0
2315,case33bw,41,calibration,1,-1
2316,case33bw,38,train,1,1
2317,case33bw,49,train,1,0
2318,case33bw,49,train,1,0
2319,case33bw,45,train,1,0
2320,case33bw,11,calibration,1,-1
2321,case33bw,11,calibration,1,-1
2322,case33bw,7,selection,1,-1
2323,case33bw,55,train,1,1
2324,case33bw,11,calibration,1,-1
2325,case33bw,53,selection,1,-1
2326,case33bw,34,train,1,2
2327,case33bw,33,calibration,1,-1
2328,case33bw,56,train,1,1
2329,case33bw,47,train,1,2
2330,case33bw,48,train,1,0
2331,case33bw,26,train,1,0
2332,case33bw,53,selection,1,-1
2333,case33bw,54,train,1,2
2334,case33bw,51,train,1,2
2335,case33bw,13,train,1,1
2336,case33bw,50,train,1,0
2337,case33bw,38,train,1,1
2338,case33bw,10,train,1,1
2339,case33bw,43,calibration,1,-1
2340,case33bw,24,train,1,2
2341,case33bw,23,train,1,0
2342,case33bw,9,train,1,2
2343,case33bw,36,calibration,1,-1
2344,case33bw,54,train,1,2
2345,case33bw,56,train,1,1
2346,case33bw,28,calibration,1,-1
2347,case33bw,42,calibration,1,-1
2348,case33bw,31,train,1,2
2349,case33bw,3,train,1,1
2350,case33bw,25,test,1,-1
2351,case33bw,40,train,1,1
2352,case33bw,27,calibration,1,-1
2353,case33bw,7,selection,1,-1
2354,case33bw,15,selection,1,-1
2355,case33bw,3,train,1,1
2356,case33bw,52,test,1,-1
2357,case33bw,30,train,1,2
2358,case33bw,0,train,1,0
2359,case33bw,56,train,1,1
2360,case33bw,21,train,1,0
2361,case33bw,53,selection,1,-1
2362,case33bw,35,train,1,2
2363,case33bw,20,selection,1,-1
2364,case33bw,49,train,1,0
2365,case33bw,16,test,1,-1
2366,case33bw,7,selection,1,-1
2367,case33bw,41,calibration,1,-1
2368,case33bw,58,test,1,-1
2369,case33bw,43,calibration,1,-1
2370,case33bw,12,selection,1,-1
2371,case33bw,2,train,1,0
2372,case33bw,15,selection,1,-1
2373,case33bw,1,train,1,1
2374,case33bw,28,calibration,1,-1
2375,case33bw,39,test,1,-1
2376,case33bw,5,test,0,-1
2377,case33bw,47,train,1,2
2378,case33bw,33,calibration,1,-1
2379,case33bw,6,train,1,1
2380,case33bw,5,test,1,-1
2381,case33bw,35,train,1,2
2382,case33bw,33,calibration,1,-1
2383,case33bw,12,selection,1,-1
2384,case33bw,38,train,1,1
2385,case33bw,44,selection,1,-1
2386,case33bw,6,train,1,1
2387,case33bw,41,calibration,1,-1
2388,case33bw,59,selection,1,-1
2389,case33bw,7,selection,1,-1
2390,case33bw,21,train,1,0
2391,case33bw,23,train,1,0
2392,case33bw,58,test,1,-1
2393,case33bw,49,train,1,0
2394,case33bw,39,test,1,-1
2395,case33bw,56,train,1,1
2396,case33bw,56,train,1,1
2397,case33bw,53,selection,1,-1
2398,case33bw,3,train,1,1
2399,case33bw,4,selection,1,-1
2400,case33bw,44,selection,1,-1
2401,case33bw,59,selection,1,-1
2402,case33bw,29,calibration,1,-1
2403,case33bw,53,selection,1,-1
2404,case33bw,33,calibration,1,-1
2405,case33bw,45,train,1,0
2406,case33bw,10,train,1,1
2407,case33bw,29,calibration,1,-1
2408,case33bw,7,selection,1,-1
2409,case33bw,35,train,1,2
2410,case33bw,56,train,1,1
2411,case33bw,41,calibration,1,-1
2412,case33bw,16,test,1,-1
2413,case33bw,57,train,1,2
2414,case33bw,11,calibration,1,-1
2415,case33bw,57,train,1,2
2416,case33bw,31,train,1,2
2417,case33bw,59,selection,1,-1
2418,case33bw,30,train,1,2
2419,case33bw,6,train,1,1
2420,case33bw,33,calibration,1,-1
2421,case33bw,0,train,1,0
2422,case33bw,59,selection,1,-1
2423,case33bw,41,calibration,1,-1
2424,case33bw,50,train,1,0
2425,case33bw,53,selection,1,-1
2426,case33bw,17,test,1,-1
2427,case33bw,43,calibration,1,-1
2428,case33bw,14,train,1,1
2429,case33bw,41,calibration,1,-1
2430,case33bw,52,test,1,-1
2431,case33bw,8,selection,1,-1
2432,case33bw,30,train,1,2
2433,case33bw,27,calibration,1,-1
2434,case33bw,31,train,1,2
2435,case33bw,54,train,1,2
2436,case33bw,43,calibration,1,-1
2437,case33bw,36,calibration,1,-1
2438,case33bw,36,calibration,1,-1
2439,case33bw,14,train,1,1
2440,case33bw,45,train,1,0
2441,case33bw,30,train,1,2
2442,case33bw,25,test,1,-1
2443,case33bw,21,train,1,0
2444,case33bw,31,train,1,2
2445,case33bw,58,test,1,-1
2446,case33bw,8,selection,1,-1
2447,case33bw,48,train,1,0
2448,case33bw,50,train,1,0
2449,case33bw,52,test,1,-1
2450,case33bw,32,train,1,0
2451,case33bw,10,train,1,1
2452,case33bw,10,train,1,1
2453,case33bw,49,train,1,0
2454,case33bw,15,selection,1,-1
2455,case33bw,26,train,1,0
2456,case33bw,58,test,1,-1
2457,case33bw,30,train,1,2
2458,case33bw,52,test,1,-1
2459,case33bw,23,train,1,0
2460,case33bw,37,train,1,2
2461,case33bw,35,train,1,2
2462,case33bw,23,train,1,0
2463,case33bw,15,selection,1,-1
2464,case33bw,19,test,1,-1
2465,case33bw,44,selection,1,-1
2466,case33bw,55,train,1,1
2467,case33bw,9,train,1,2
2468,case33bw,41,calibration,1,-1
2469,case33bw,16,test,1,-1
2470,case33bw,59,selection,1,-1
2471,case33bw,20,selection,1,-1
2472,case33bw,15,selection,1,-1
2473,case33bw,47,train,1,2
2474,case33bw,25,test,1,-1
2475,case33bw,52,test,1,-1
2476,case33bw,28,calibration,1,-1
2477,case33bw,41,calibration,1,-1
2478,case33bw,31,train,1,2
2479,case33bw,21,train,1,0
2480,case33bw,34,train,1,2
2481,case33bw,16,test,1,-1
2482,case33bw,9,train,1,2
2483,case33bw,33,calibration,1,-1
2484,case33bw,5,test,1,-1
2485,case33bw,43,calibration,1,-1
2486,case33bw,40,train,1,1
2487,case33bw,32,train,1,0
2488,case33bw,46,train,1,1
2489,case33bw,17,test,1,-1
2490,case33bw,46,train,1,1
2491,case33bw,44,selection,1,-1
2492,case33bw,27,calibration,1,-1
2493,case33bw,47,train,1,2
2494,case33bw,41,calibration,1,-1
2495,case33bw,24,train,1,2
2496,case33bw,37,train,1,2
2497,case33bw,20,selection,1,-1
2498,case33bw,35,train,1,2
2499,case33bw,28,calibration,1,-1
2500,case33bw,59,selection,1,-1
2501,case33bw,42,calibration,1,-1
2502,case33bw,14,train,1,1
2503,case33bw,7,selection,1,-1
2504,case33bw,2,train,1,0
2505,case33bw,43,calibration,1,-1
2506,case33bw,28,calibration,1,-1
2507,case33bw,26,train,1,0
2508,case33bw,16,test,1,-1
2509,case33bw,53,selection,1,-1
2510,case33bw,27,calibration,1,-1
2511,case33bw,47,train,1,2
2512,case33bw,47,train,1,2
2513,case33bw,15,selection,1,-1
2514,case33bw,42,calibration,1,-1
2515,case33bw,52,test,1,-1
2516,case33bw,53,selection,1,-1
2517,case33bw,14,train,1,1
2518,case33bw,23,train,1,0
2519,case33bw,52,test,1,-1
2520,case33bw,5,test,0,-1
2521,case33bw,16,test,1,-1
2522,case33bw,48,train,1,0
2523,case33bw,13,train,1,1
2524,case33bw,38,train,1,1
2525,case33bw,45,train,1,0
2526,case33bw,3,train,1,1
2527,case33bw,48,train,1,0
2528,case33bw,40,train,1,1
2529,case33bw,27,calibration,1,-1
2530,case33bw,10,train,1,1
2531,case33bw,16,test,1,-1
2532,case33bw,36,calibration,1,-1
2533,case33bw,51,train,1,2
2534,case33bw,8,selection,1,-1
2535,case33bw,52,test,1,-1
2536,case33bw,41,calibration,1,-1
2537,case33bw,31,train,1,2
2538,case33bw,23,train,1,0
2539,case33bw,42,calibration,1,-1
2540,case33bw,18,train,1,0
2541,case33bw,45,train,1,0
2542,case33bw,22,test,1,-1
2543,case33bw,19,test,1,-1
2544,case33bw,20,selection,1,-1
2545,case33bw,43,calibration,1,-1
2546,case33bw,55,train,1,1
2547,case33bw,50,train,1,0
2548,case33bw,8,selection,1,-1
2549,case33bw,43,calibration,1,-1
2550,case33bw,41,calibration,1,-1
2551,case33bw,29,calibration,1,-1
2552,case33bw,35,train,1,2
2553,case33bw,32,train,1,0
2554,case33bw,5,test,1,-1
2555,case33bw,4,selection,1,-1
2556,case33bw,47,train,1,2
2557,case33bw,1,train,1,1
2558,case33bw,10,train,1,1
2559,case33bw,23,train,1,0
2560,case33bw,40,train,1,1
2561,case33bw,26,train,1,0
2562,case33bw,13,train,1,1
2563,case33bw,54,train,1,2
2564,case33bw,52,test,1,-1
2565,case33bw,26,train,1,0
2566,case33bw,48,train,1,0
2567,case33bw,55,train,1,1
2568,case33bw,6,train,1,1
2569,case33bw,40,train,1,1
2570,case33bw,2,train,1,0
2571,case33bw,26,train,1,0
2572,case33bw,6,train,1,1
2573,case33bw,52,test,1,-1
2574,case33bw,16,test,1,-1
2575,case33bw,32,train,1,0
2576,case33bw,43,calibration,1,-1
2577,case33bw,15,selection,1,-1
2578,case33bw,39,test,1,-1
2579,case33bw,34,train,1,2
2580,case33bw,55,train,1,1
2581,case33bw,25,test,1,-1
2582,case33bw,25,test,1,-1
2583,case33bw,46,train,1,1
2584,case33bw,48,train,1,0
2585,case33bw,38,train,1,1
2586,case33bw,56,train,1,1
2587,case33bw,5,test,1,-1
2588,case33bw,17,test,1,-1
2589,case33bw,2,train,1,0
2590,case33bw,35,train,1,2
2591,case33bw,11,calibration,1,-1
2592,case33bw,37,train,1,2
2593,case33bw,34,train,1,2
2594,case33bw,41,calibration,1,-1
2595,case33bw,4,selection,1,-1
2596,case33bw,1,train,1,1
2597,case33bw,24,train,1,2
2598,case33bw,11,calibration,1,-1
2599,case33bw,33,calibration,1,-1
2600,case33bw,36,calibration,1,-1
2601,case33bw,49,train,1,0
2602,case33bw,56,train,1,1
2603,case33bw,47,train,1,2
2604,case33bw,32,train,1,0
2605,case33bw,6,train,1,1
2606,case33bw,8,selection,1,-1
2607,case33bw,58,test,1,-1
2608,case33bw,30,train,1,2
2609,case33bw,19,test,1,-1
2610,case33bw,8,selection,1,-1
2611,case33bw,37,train,1,2
2612,case33bw,31,train,1,2
2613,case33bw,8,selection,1,-1
2614,case33bw,20,selection,1,-1
2615,case33bw,37,train,1,2
2616,case33bw,11,calibration,1,-1
2617,case33bw,19,test,1,-1
2618,case33bw,31,train,1,2
2619,case33bw,40,train,1,1
2620,case33bw,36,calibration,1,-1
2621,case33bw,2,train,1,0
2622,case33bw,20,selection,1,-1
2623,case33bw,3,train,1,1
2624,case33bw,26,train,1,0
2625,case33bw,16,test,1,-1
2626,case33bw,1,train,1,1
2627,case33bw,46,train,1,1
2628,case33bw,4,selection,1,-1
2629,case33bw,32,train,1,0
2630,case33bw,21,train,1,0
2631,case33bw,48,train,1,0
2632,case33bw,44,selection,1,-1
2633,case33bw,1,train,1,1
2634,case33bw,8,selection,1,-1
2635,case33bw,17,test,1,-1
2636,case33bw,46,train,1,1
2637,case33bw,52,test,1,-1
2638,case33bw,48,train,1,0
2639,case33bw,8,selection,1,-1
2640,case33bw,34,train,1,2
2641,case33bw,16,test,1,-1
2642,case33bw,27,calibration,1,-1
2643,case33bw,42,calibration,1,-1
2644,case33bw,25,test,1,-1
2645,case33bw,54,train,1,2
2646,case33bw,15,selection,1,-1
2647,case33bw,44,selection,1,-1
2648,case33bw,27,calibration,1,-1
2649,case33bw,32,train,1,0
2650,case33bw,6,train,1,1
2651,case33bw,19,test,1,-1
2652,case33bw,30,train,1,2
2653,case33bw,49,train,1,0
2654,case33bw,25,test,1,-1
2655,case33bw,36,calibration,1,-1
2656,case33bw,39,test,1,-1
2657,case33bw,9,train,1,2
2658,case33bw,6,train,1,1
2659,case33bw,31,train,1,2
2660,case33bw,14,train,1,1
2661,case33bw,59,selection,1,-1
2662,case33bw,33,calibration,1,-1
2663,case33bw,56,train,1,1
2664,case33bw,26,train,1,0
2665,case33bw,20,selection,1,-1
2666,case33bw,10,train,1,1
2667,case33bw,37,train,1,2
2668,case33bw,27,calibration,1,-1
2669,case33bw,0,train,1,0
2670,case33bw,28,calibration,1,-1
2671,case33bw,28,calibration,1,-1
2672,case33bw,36,calibration,1,-1
2673,case33bw,58,test,1,-1
2674,case33bw,29,calibration,1,-1
2675,case33bw,56,train,1,1
2676,case33bw,59,selection,1,-1
2677,case33bw,40,train,1,1
2678,case33bw,43,calibration,1,-1
2679,case33bw,14,train,1,1
2680,case33bw,9,train,1,2
2681,case33bw,56,train,1,1
2682,case33bw,36,calibration,1,-1
2683,case33bw,53,selection,1,-1
2684,case33bw,54,train,1,2
2685,case33bw,19,test,1,-1
2686,case33bw,22,test,1,-1
2687,case33bw,1,train,1,1
2688,case33bw,1,train,1,1
2689,case33bw,12,selection,1,-1
2690,case33bw,0,train,1,0
2691,case33bw,15,selection,1,-1
2692,case33bw,27,calibration,1,-1
2693,case33bw,20,selection,1,-1
2694,case33bw,27,calibration,1,-1
2695,case33bw,30,train,1,2
2696,case33bw,10,train,1,1
2697,case33bw,14,train,1,1
2698,case33bw,30,train,1,2
2699,case33bw,2,train,1,0
2700,case33bw,12,selection,1,-1
2701,case33bw,19,test,1,-1
2702,case33bw,36,calibration,1,-1
2703,case33bw,12,selection,1,-1
2704,case33bw,52,test,1,-1
2705,case33bw,59,selection,1,-1
2706,case33bw,6,train,1,1
2707,case33bw,49,train,1,0
2708,case33bw,8,selection,1,-1
2709,case33bw,21,train,1,0
2710,case33bw,1,train,1,1
2711,case33bw,20,selection,1,-1
2712,case33bw,35,train,1,2
2713,case33bw,4,selection,1,-1
2714,case33bw,30,train,1,2
2715,case33bw,30,train,1,2
2716,case33bw,39,test,1,-1
2717,case33bw,52,test,1,-1
2718,case33bw,0,train,1,0
2719,case33bw,5,test,1,-1
2720,case33bw,8,selection,1,-1
2721,case33bw,15,selection,1,-1
2722,case33bw,10,train,1,1
2723,case33bw,11,calibration,1,-1
2724,case33bw,14,train,1,1
2725,case33bw,30,train,1,2
2726,case33bw,35,train,1,2
2727,case33bw,58,test,1,-1
2728,case33bw,46,train,1,1
2729,case33bw,22,test,1,-1
2730,case33bw,53,selection,1,-1
2731,case33bw,7,selection,1,-1
2732,case33bw,0,train,1,0
2733,case33bw,8,selection,1,-1
2734,case33bw,21,train,1,0
2735,case33bw,20,selection,1,-1
2736,case33bw,10,train,1,1
2737,case33bw,54,train,1,2
2738,case33bw,26,train,1,0
2739,case33bw,24,train,1,2
2740,case33bw,12,selection,1,-1
2741,case33bw,27,calibration,1,-1
2742,case33bw,52,test,1,-1
2743,case33bw,13,train,1,1
2744,case33bw,26,train,1,0
2745,case33bw,30,train,1,2
2746,case33bw,1,train,1,1
2747,case33bw,30,train,1,2
2748,case33bw,31,train,1,2
2749,case33bw,47,train,1,2
2750,case33bw,52,test,1,-1
2751,case33bw,38,train,1,1
2752,case33bw,7,selection,1,-1
2753,case33bw,44,selection,1,-1
2754,case33bw,53,selection,1,-1
2755,case33bw,36,calibration,1,-1
2756,case33bw,30,train,1,2
2757,case33bw,11,calibration,1,-1
2758,case33bw,26,train,1,0
2759,case33bw,6,train,1,1
2760,case33bw,44,selection,1,-1
2761,case33bw,54,train,1,2
2762,case33bw,31,train,1,2
2763,case33bw,0,train,1,0
2764,case33bw,36,calibration,1,-1
2765,case33bw,31,train,1,2
2766,case33bw,54,train,1,2
2767,case33bw,6,train,1,1
2768,case33bw,27,calibration,1,-1
2769,case33bw,45,train,1,0
2770,case33bw,27,calibration,1,-1
2771,case33bw,38,train,1,1
2772,case33bw,55,train,1,1
2773,case33bw,36,calibration,1,-1
2774,case33bw,51,train,1,2
2775,case33bw,26,train,1,0
2776,case33bw,18,train,1,0
2777,case33bw,29,calibration,1,-1
2778,case33bw,47,train,1,2
2779,case33bw,58,test,1,-1
2780,case33bw,35,train,1,2
2781,case33bw,9,train,1,2
2782,case33bw,43,calibration,1,-1
2783,case33bw,12,selection,1,-1
2784,case33bw,22,test,1,-1
2785,case33bw,40,train,1,1
2786,case33bw,19,test,1,-1
2787,case33bw,34,train,1,2
2788,case33bw,7,selection,1,-1
2789,case33bw,21,train,1,0
2790,case33bw,36,calibration,1,-1
2791,case33bw,35,train,1,2
2792,case33bw,40,train,1,1
2793,case33bw,9,train,1,2
2794,case33bw,21,train,1,0
2795,case33bw,15,selection,1,-1
2796,case33bw,0,train,1,0
2797,case33bw,19,test,1,-1
2798,case33bw,17,test,1,-1
2799,case33bw,26,train,1,0
2800,case33bw,24,train,1,2
2801,case33bw,0,train,1,0
2802,case33bw,20,selection,1,-1
2803,case33bw,46,train,1,1
2804,case33bw,38,train,1,1
2805,case33bw,24,train,1,2
2806,case33bw,2,train,1,0
2807,case33bw,38,train,1,1
2808,case33bw,11,calibration,1,-1
2809,case33bw,30,train,1,2
2810,case33bw,5,test,1,-1
2811,case33bw,53,selection,1,-1
2812,case33bw,20,selection,1,-1
2813,case33bw,37,train,1,2
2814,case33bw,48,train,1,0
2815,case33bw,49,train,1,0
2816,case33bw,15,selection,1,-1
2817,case33bw,59,selection,1,-1
2818,case33bw,1,train,1,1
2819,case33bw,45,train,1,0
2820,case33bw,29,calibration,1,-1
2821,case33bw,30,train,1,2
2822,case33bw,16,test,1,-1
2823,case33bw,28,calibration,1,-1
2824,case33bw,45,train,1,0
2825,case33bw,42,calibration,1,-1
2826,case33bw,33,calibration,1,-1
2827,case33bw,54,train,1,2
2828,case33bw,49,train,1,0
2829,case33bw,1,train,1,1
2830,case33bw,41,calibration,1,-1
2831,case33bw,5,test,1,-1
2832,case33bw,9,train,1,2
2833,case33bw,24,train,1,2
2834,case33bw,8,selection,1,-1
2835,case33bw,38,train,1,1
2836,case33bw,11,calibration,1,-1
2837,case33bw,30,train,1,2
2838,case33bw,40,train,1,1
2839,case33bw,56,train,1,1
2840,case33bw,10,train,1,1
2841,case33bw,10,train,1,1
2842,case33bw,51,train,1,2
2843,case33bw,3,train,1,1
2844,case33bw,0,train,1,0
2845,case33bw,41,calibration,1,-1
2846,case33bw,39,test,1,-1
2847,case33bw,35,train,1,2
2848,case33bw,8,selection,1,-1
2849,case33bw,16,test,1,-1
2850,case33bw,25,test,1,-1
2851,case33bw,14,train,1,1
2852,case33bw,50,train,1,0
2853,case33bw,23,train,1,0
2854,case33bw,18,train,1,0
2855,case33bw,41,calibration,1,-1
2856,case33bw,55,train,1,1
2857,case33bw,30,train,1,2
2858,case33bw,9,train,1,2
2859,case33bw,37,train,1,2
2860,case33bw,52,test,1,-1
2861,case33bw,39,test,1,-1
2862,case33bw,49,train,1,0
2863,case33bw,13,train,1,1
2864,case33bw,13,train,1,1
2865,case33bw,43,calibration,1,-1
2866,case33bw,47,train,1,2
2867,case33bw,11,calibration,1,-1
2868,case33bw,51,train,1,2
2869,case33bw,13,train,1,1
2870,case33bw,8,selection,1,-1
2871,case33bw,30,train,1,2
2872,case33bw,5,test,1,-1
2873,case33bw,38,train,1,1
2874,case33bw,1,train,1,1
2875,case33bw,32,train,1,0
2876,case33bw,3,train,1,1
2877,case33bw,10,train,1,1
2878,case33bw,46,train,1,1
2879,case33bw,4,selection,1,-1
2880,case33bw,22,test,1,-1
2881,case33bw,30,train,1,2
2882,case33bw,57,train,1,2
2883,case33bw,43,calibration,1,-1
2884,case33bw,57,train,1,2
2885,case33bw,21,train,1,0
2886,case33bw,59,selection,1,-1
2887,case33bw,36,calibration,1,-1
2888,case33bw,50,train,1,0
2889,case33bw,26,train,1,0
2890,case33bw,34,train,1,2
2891,case33bw,33,calibration,1,-1
2892,case33bw,4,selection,1,-1
2893,case33bw,33,calibration,1,-1
2894,case33bw,24,train,1,2
2895,case33bw,4,selection,1,-1
2896,case33bw,19,test,1,-1
2897,case33bw,57,train,1,2
2898,case33bw,1,train,1,1
2899,case33bw,5,test,1,-1
2900,case33bw,39,test,1,-1
2901,case33bw,37,train,1,2
2902,case33bw,31,train,1,2
2903,case33bw,39,test,1,-1
2904,case33bw,28,calibration,1,-1
2905,case33bw,33,calibration,1,-1
2906,case33bw,39,test,1,-1
2907,case33bw,25,test,1,-1
2908,case33bw,45,train,1,0
2909,case33bw,59,selection,1,-1
2910,case33bw,55,train,1,1
2911,case33bw,24,train,1,2
2912,case33bw,8,selection,1,-1
2913,case33bw,8,selection,1,-1
2914,case33bw,17,test,1,-1
2915,case33bw,59,selection,1,-1
2916,case33bw,8,selection,1,-1
2917,case33bw,38,train,1,1
2918,case33bw,13,train,1,1
2919,case33bw,3,train,1,1
2920,case33bw,59,selection,1,-1
2921,case33bw,21,train,1,0
2922,case33bw,54,train,1,2
2923,case33bw,52,test,1,-1
2924,case33bw,45,train,1,0
2925,case33bw,27,calibration,1,-1
2926,case33bw,57,train,1,2
2927,case33bw,9,train,1,2
2928,case33bw,50,train,1,0
2929,case33bw,37,train,1,2
2930,case33bw,20,selection,1,-1
2931,case33bw,50,train,1,0
2932,case33bw,3,train,1,1
2933,case33bw,14,train,1,1
2934,case33bw,0,train,1,0
2935,case33bw,40,train,1,1
2936,case33bw,2,train,1,0
2937,case33bw,21,train,1,0
2938,case33bw,5,test,0,-1
2939,case33bw,42,calibration,1,-1
2940,case33bw,6,train,1,1
2941,case33bw,8,selection,1,-1
2942,case33bw,53,selection,1,-1
2943,case33bw,6,train,1,1
2944,case33bw,16,test,1,-1
2945,case33bw,13,train,1,1
2946,case33bw,44,selection,1,-1
2947,case33bw,17,test,1,-1
2948,case33bw,18,train,1,0
2949,case33bw,58,test,1,-1
2950,case33bw,55,train,1,1
2951,case33bw,54,train,1,2
2952,case33bw,54,train,1,2
2953,case33bw,15,selection,1,-1
2954,case33bw,59,selection,1,-1
2955,case33bw,17,test,1,-1
2956,case33bw,59,selection,1,-1
2957,case33bw,55,train,1,1
2958,case33bw,52,test,1,-1
2959,case33bw,47,train,1,2
2960,case33bw,15,selection,1,-1
2961,case33bw,54,train,1,2
2962,case33bw,46,train,1,1
2963,case33bw,43,calibration,1,-1
2964,case33bw,27,calibration,1,-1
2965,case33bw,37,train,1,2
2966,case33bw,10,train,1,1
2967,case33bw,2,train,1,0
2968,case33bw,2,train,1,0
2969,case33bw,18,train,1,0
2970,case33bw,24,train,1,2
2971,case33bw,4,selection,1,-1
2972,case33bw,42,calibration,1,-1
2973,case33bw,2,train,1,0
2974,case33bw,56,train,1,1
2975,case33bw,2,train,1,0
2976,case33bw,4,selection,1,-1
2977,case33bw,35,train,1,2
2978,case33bw,59,selection,1,-1
2979,case33bw,8,selection,1,-1
2980,case33bw,26,train,1,0
2981,case33bw,59,selection,1,-1
2982,case33bw,40,train,1,1
2983,case33bw,16,test,1,-1
2984,case33bw,46,train,1,1
2985,case33bw,49,train,1,0
2986,case33bw,7,selection,1,-1
2987,case33bw,31,train,1,2
2988,case33bw,32,train,1,0
2989,case33bw,43,calibration,1,-1
2990,case33bw,58,test,1,-1
2991,case33bw,52,test,1,-1
2992,case33bw,23,train,1,0
2993,case33bw,31,train,1,2
2994,case33bw,47,train,1,2
2995,case33bw,49,train,1,0
2996,case33bw,26,train,1,0
2997,case33bw,7,selection,1,-1
2998,case33bw,25,test,1,-1
2999,case33bw,9,train,1,2
3000,case33bw,13,train,1,1
3001,case33bw,51,train,1,2
3002,case33bw,49,train,1,0
3003,case33bw,56,train,1,1
3004,case33bw,58,test,1,-1
3005,case33bw,57,train,1,2
3006,case33bw,38,train,1,1
3007,case33bw,37,train,1,2
3008,case33bw,59,selection,1,-1
3009,case33bw,51,train,1,2
3010,case33bw,30,train,1,2
3011,case33bw,30,train,1,2
3012,case33bw,42,calibration,1,-1
3013,case33bw,17,test,1,-1
3014,case33bw,19,test,1,-1
3015,case33bw,18,train,1,0
3016,case33bw,37,train,1,2
3017,case33bw,57,train,1,2
3018,case33bw,21,train,1,0
3019,case33bw,59,selection,1,-1
3020,case33bw,21,train,1,0
3021,case33bw,59,selection,1,-1
3022,case33bw,51,train,1,2
3023,case33bw,4,selection,1,-1
3024,case33bw,52,test,1,-1
3025,case33bw,14,train,1,1
3026,case33bw,23,train,1,0
3027,case33bw,16,test,1,-1
3028,case33bw,18,train,1,0
3029,case33bw,1,train,1,1
3030,case33bw,24,train,1,2
3031,case33bw,40,train,1,1
3032,case33bw,48,train,1,0
3033,case33bw,52,test,1,-1
3034,case33bw,42,calibration,1,-1
3035,case33bw,24,train,1,2
3036,case33bw,41,calibration,1,-1
3037,case33bw,25,test,1,-1
3038,case33bw,11,calibration,1,-1
3039,case33bw,10,train,1,1
3040,case33bw,51,train,1,2
3041,case33bw,36,calibration,1,-1
3042,case33bw,17,test,1,-1
3043,case33bw,49,train,1,0
3044,case33bw,28,calibration,1,-1
3045,case33bw,41,calibration,1,-1
3046,case33bw,49,train,1,0
3047,case33bw,26,train,1,0
3048,case33bw,1,train,1,1
3049,case33bw,43,calibration,1,-1
3050,case33bw,42,calibration,1,-1
3051,case33bw,52,test,1,-1
3052,case33bw,21,train,1,0
3053,case33bw,55,train,1,1
3054,case33bw,8,selection,1,-1
3055,case33bw,22,test,1,-1
3056,case33bw,17,test,1,-1
3057,case33bw,42,calibration,1,-1
3058,case33bw,32,train,1,0
3059,case33bw,21,train,1,0
3060,case33bw,23,train,1,0
3061,case33bw,37,train,1,2
3062,case33bw,16,test,1,-1
3063,case33bw,39,test,1,-1
3064,case33bw,55,train,1,1
3065,case33bw,25,test,1,-1
3066,case33bw,20,selection,1,-1
3067,case33bw,9,train,1,2
3068,case33bw,30,train,1,2
3069,case33bw,22,test,1,-1
3070,case33bw,27,calibration,1,-1
3071,case33bw,53,selection,1,-1
3072,case33bw,21,train,1,0
3073,case33bw,13,train,1,1
3074,case33bw,59,selection,1,-1
3075,case33bw,55,train,1,1
3076,case33bw,42,calibration,1,-1
3077,case33bw,59,selection,1,-1
3078,case33bw,41,calibration,1,-1
3079,case33bw,14,train,1,1
3080,case33bw,44,selection,1,-1
3081,case33bw,23,train,1,0
3082,case33bw,9,train,1,2
3083,case33bw,25,test,1,-1
3084,case33bw,44,selection,1,-1
3085,case33bw,53,selection,1,-1
3086,case33bw,44,selection,1,-1
3087,case33bw,30,train,1,2
3088,case33bw,21,train,1,0
3089,case33bw,59,selection,1,-1
3090,case33bw,44,selection,1,-1
3091,case33bw,30,train,1,2
3092,case33bw,13,train,1,1
3093,case33bw,15,selection,1,-1
3094,case33bw,43,calibration,1,-1
3095,case33bw,27,calibration,1,-1
3096,case33bw,4,selection,1,-1
3097,case33bw,26,train,1,0
3098,case33bw,56,train,1,1
3099,case33bw,20,selection,1,-1
3100,case33bw,20,selection,1,-1
3101,case33bw,57,train,1,2
3102,case33bw,9,train,1,2
3103,case33bw,56,train,1,1
3104,case33bw,45,train,1,0
3105,case33bw,11,calibration,1,-1
3106,case33bw,40,train,1,1
3107,case33bw,41,calibration,1,-1
3108,case33bw,39,test,1,-1
3109,case33bw,46,train,1,1
3110,case33bw,9,train,1,2
3111,case33bw,30,train,1,2
3112,case33bw,16,test,1,-1
3113,case33bw,9,train,1,2
3114,case33bw,26,train,1,0
3115,case33bw,36,calibration,1,-1
3116,case33bw,21,train,1,0
3117,case33bw,44,selection,1,-1
3118,case33bw,53,selection,1,-1
3119,case33bw,43,calibration,1,-1
3120,case33bw,33,calibration,1,-1
3121,case33bw,32,train,1,0
3122,case33bw,41,calibration,1,-1
3123,case33bw,20,selection,1,-1
3124,case33bw,10,train,1,1
3125,case33bw,40,train,1,1
3126,case33bw,29,calibration,1,-1
3127,case33bw,50,train,1,0
3128,case33bw,25,test,1,-1
3129,case33bw,8,selection,1,-1
3130,case33bw,47,train,1,2
3131,case33bw,14,train,1,1
3132,case33bw,8,selection,1,-1
3133,case33bw,25,test,1,-1
3134,case33bw,45,train,1,0
3135,case33bw,49,train,1,0
3136,case33bw,18,train,1,0
3137,case33bw,7,selection,1,-1
3138,case33bw,34,train,1,2
3139,case33bw,18,train,1,0
3140,case33bw,36,calibration,1,-1
3141,case33bw,34,train,1,2
3142,case33bw,13,train,1,1
3143,case33bw,40,train,1,1
3144,case33bw,11,calibration,1,-1
3145,case33bw,33,calibration,1,-1
3146,case33bw,53,selection,1,-1
3147,case33bw,10,train,1,1
3148,case33bw,5,test,1,-1
3149,case33bw,52,test,1,-1
3150,case33bw,31,train,1,2
3151,case33bw,48,train,1,0
3152,case33bw,31,train,1,2
3153,case33bw,9,train,1,2
3154,case33bw,0,train,1,0
3155,case33bw,20,selection,1,-1
3156,case33bw,52,test,1,-1
3157,case33bw,19,test,1,-1
3158,case33bw,24,train,1,2
3159,case33bw,18,train,1,0
3160,case33bw,17,test,1,-1
3161,case33bw,6,train,1,1
3162,case33bw,16,test,1,-1
3163,case33bw,48,train,1,0
3164,case33bw,14,train,1,1
3165,case33bw,5,test,0,-1
3166,case33bw,28,calibration,1,-1
3167,case33bw,12,selection,1,-1
3168,case33bw,43,calibration,1,-1
3169,case33bw,51,train,1,2
3170,case33bw,56,train,1,1
3171,case33bw,14,train,1,1
3172,case33bw,4,selection,1,-1
3173,case33bw,30,train,1,2
3174,case33bw,33,calibration,1,-1
3175,case33bw,59,selection,1,-1
3176,case33bw,51,train,1,2
3177,case33bw,2,train,1,0
3178,case33bw,40,train,1,1
3179,case33bw,36,calibration,1,-1
3180,case33bw,11,calibration,1,-1
3181,case33bw,17,test,1,-1
3182,case33bw,32,train,1,0
3183,case33bw,58,test,1,-1
3184,case33bw,28,calibration,1,-1
3185,case33bw,10,train,1,1
3186,case33bw,18,train,1,0
3187,case33bw,37,train,1,2
3188,case33bw,55,train,1,1
3189,case33bw,54,train,1,2
3190,case33bw,11,calibration,1,-1
3191,case33bw,7,selection,1,-1
3192,case33bw,41,calibration,1,-1
3193,case33bw,47,train,1,2
3194,case33bw,4,selection,1,-1
3195,case33bw,47,train,1,2
3196,case33bw,2,train,1,0
3197,case33bw,16,test,1,-1
3198,case33bw,46,train,1,1
3199,case33bw,53,selection,1,-1
3200,case33bw,26,train,1,0
3201,case33bw,49,train,1,0
3202,case33bw,59,selection,1,-1
3203,case33bw,31,train,1,2
3204,case33bw,13,train,1,1
3205,case33bw,11,calibration,1,-1
3206,case33bw,8,selection,1,-1
3207,case33bw,36,calibration,1,-1
3208,case33bw,23,train,1,0
3209,case33bw,45,train,1,0
3210,case33bw,59,selection,1,-1
3211,case33bw,33,calibration,1,-1
3212,case33bw,16,test,1,-1
3213,case33bw,51,train,1,2
3214,case33bw,20,selection,1,-1
3215,case33bw,36,calibration,1,-1
3216,case33bw,49,train,1,0
3217,case33bw,54,train,1,2
3218,case33bw,51,train,1,2
3219,case33bw,45,train,1,0
3220,case33bw,55,train,1,1
3221,case33bw,32,train,1,0
3222,case33bw,50,train,1,0
3223,case33bw,33,calibration,1,-1
3224,case33bw,8,selection,1,-1
3225,case33bw,35,train,1,2
3226,case33bw,54,train,1,2
3227,case33bw,51,train,1,2
3228,case33bw,0,train,1,0
3229,case33bw,3,train,1,1
3230,case33bw,20,selection,1,-1
3231,case33bw,43,calibration,1,-1
3232,case33bw,47,train,1,2
3233,case33bw,3,train,1,1
3234,case33bw,8,selection,1,-1
3235,case33bw,39,test,1,-1
3236,case33bw,33,calibration,1,-1
3237,case33bw,23,train,1,0
3238,case33bw,27,calibration,1,-1
3239,case33bw,21,train,1,0
3240,case33bw,6,train,1,1
3241,case33bw,55,train,1,1
3242,case33bw,21,train,1,0
3243,case33bw,52,test,1,-1
3244,case33bw,37,train,1,2
3245,case33bw,6,train,1,1
3246,case33bw,29,calibration,1,-1
3247,case33bw,50,train,1,0
3248,case33bw,32,train,1,0
3249,case33bw,53,selection,1,-1
3250,case33bw,42,calibration,1,-1
3251,case33bw,33,calibration,1,-1
3252,case33bw,14,train,1,1
3253,case33bw,4,selection,1,-1
3254,case33bw,33,calibration,1,-1
3255,case33bw,41,calibration,1,-1
3256,case33bw,11,calibration,1,-1
3257,case33bw,31,train,1,2
3258,case33bw,23,train,1,0
3259,case33bw,23,train,1,0
3260,case33bw,7,selection,1,-1
3261,case33bw,57,train,1,2
3262,case33bw,58,test,1,-1
3263,case33bw,50,train,1,0
3264,case33bw,9,train,1,2
3265,case33bw,42,calibration,1,-1
3266,case33bw,0,train,1,0
3267,case33bw,49,train,1,0
3268,case33bw,45,train,1,0
3269,case33bw,21,train,1,0
3270,case33bw,2,train,1,0
3271,case33bw,42,calibration,1,-1
3272,case33bw,33,calibration,1,-1
3273,case33bw,37,train,1,2
3274,case33bw,55,train,1,1
3275,case33bw,0,train,1,0
3276,case33bw,33,calibration,1,-1
3277,case33bw,36,calibration,1,-1
3278,case33bw,5,test,1,-1
3279,case33bw,16,test,1,-1
3280,case33bw,46,train,1,1
3281,case33bw,46,train,1,1
3282,case33bw,49,train,1,0
3283,case33bw,39,test,1,-1
3284,case33bw,57,train,1,2
3285,case33bw,41,calibration,1,-1
3286,case33bw,6,train,1,1
3287,case33bw,45,train,1,0
3288,case33bw,36,calibration,1,-1
3289,case33bw,23,train,1,0
3290,case33bw,17,test,1,-1
3291,case33bw,9,train,1,2
3292,case33bw,9,train,1,2
3293,case33bw,48,train,1,0
3294,case33bw,21,train,1,0
3295,case33bw,18,train,1,0
3296,case33bw,0,train,1,0
3297,case33bw,35,train,1,2
3298,case33bw,34,train,1,2
3299,case33bw,47,train,1,2
3300,case33bw,12,selection,1,-1
3301,case33bw,14,train,1,1
3302,case33bw,34,train,1,2
3303,case33bw,58,test,1,-1
3304,case33bw,27,calibration,1,-1
3305,case33bw,51,train,1,2
3306,case33bw,18,train,1,0
3307,case33bw,59,selection,1,-1
3308,case33bw,38,train,1,1
3309,case33bw,29,calibration,1,-1
3310,case33bw,5,test,1,-1
3311,case33bw,32,train,1,0
3312,case33bw,28,calibration,1,-1
3313,case33bw,52,test,1,-1
3314,case33bw,32,train,1,0
3315,case33bw,9,train,1,2
3316,case33bw,25,test,1,-1
3317,case33bw,46,train,1,1
3318,case33bw,27,calibration,1,-1
3319,case33bw,35,train,1,2
3320,case33bw,57,train,1,2
3321,case33bw,30,train,1,2
3322,case33bw,30,train,1,2
3323,case33bw,50,train,1,0
3324,case33bw,57,train,1,2
3325,case33bw,18,train,1,0
3326,case33bw,16,test,1,-1
3327,case33bw,51,train,1,2
3328,case33bw,5,test,1,-1
3329,case33bw,17,test,1,-1
3330,case33bw,6,train,1,1
3331,case33bw,3,train,1,1
3332,case33bw,11,calibration,1,-1
3333,case33bw,58,test,1,-1
3334,case33bw,39,test,1,-1
3335,case33bw,53,selection,1,-1
3336,case33bw,22,test,1,-1
3337,case33bw,4,selection,1,-1
3338,case33bw,12,selection,1,-1
3339,case33bw,57,train,1,2
3340,case33bw,10,train,1,1
3341,case33bw,21,train,1,0
3342,case33bw,3,train,1,1
3343,case33bw,1,train,1,1
3344,case33bw,54,train,1,2
3345,case33bw,23,train,1,0
3346,case33bw,29,calibration,1,-1
3347,case33bw,38,train,1,1
3348,case33bw,20,selection,1,-1
3349,case33bw,53,selection,1,-1
3350,case33bw,22,test,1,-1
3351,case33bw,9,train,1,2
3352,case33bw,24,train,1,2
3353,case33bw,52,test,1,-1
3354,case33bw,17,test,1,-1
3355,case33bw,54,train,1,2
3356,case33bw,58,test,1,-1
3357,case33bw,36,calibration,1,-1
3358,case33bw,19,test,1,-1
3359,case33bw,23,train,1,0
3360,case33bw,39,test,1,-1
3361,case33bw,36,calibration,1,-1
3362,case33bw,58,test,1,-1
3363,case33bw,2,train,1,0
3364,case33bw,26,train,1,0
3365,case33bw,18,train,1,0
3366,case33bw,2,train,1,0
3367,case33bw,51,train,1,2
3368,case33bw,49,train,1,0
3369,case33bw,26,train,1,0
3370,case33bw,19,test,1,-1
3371,case33bw,9,train,1,2
3372,case33bw,43,calibration,1,-1
3373,case33bw,1,train,1,1
3374,case33bw,53,selection,1,-1
3375,case33bw,25,test,1,-1
3376,case33bw,47,train,1,2
3377,case33bw,4,selection,1,-1
3378,case33bw,33,calibration,1,-1
3379,case33bw,57,train,1,2
3380,case33bw,16,test,1,-1
3381,case33bw,26,train,1,0
3382,case33bw,7,selection,1,-1
3383,case33bw,11,calibration,1,-1
3384,case33bw,51,train,1,2
3385,case33bw,15,selection,1,-1
3386,case33bw,28,calibration,1,-1
3387,case33bw,4,selection,1,-1
3388,case33bw,1,train,1,1
3389,case33bw,8,selection,1,-1
3390,case33bw,46,train,1,1
3391,case33bw,15,selection,1,-1
3392,case33bw,57,train,1,2
3393,case33bw,55,train,1,1
3394,case33bw,35,train,1,2
3395,case33bw,55,train,1,1
3396,case33bw,7,selection,1,-1
3397,case33bw,20,selection,1,-1
3398,case33bw,3,train,1,1
3399,case33bw,18,train,1,0
3400,case33bw,52,test,1,-1
3401,case33bw,12,selection,1,-1
3402,case33bw,23,train,1,0
3403,case33bw,54,train,1,2
3404,case33bw,8,selection,1,-1
3405,case33bw,54,train,1,2
3406,case33bw,26,train,1,0
3407,case33bw,36,calibration,1,-1
3408,case33bw,43,calibration,1,-1
3409,case33bw,8,selection,1,-1
3410,case33bw,30,train,1,2
3411,case33bw,33,calibration,1,-1
3412,case33bw,15,selection,1,-1
3413,case33bw,0,train,1,0
3414,case33bw,45,train,1,0
3415,case33bw,12,selection,1,-1
3416,case33bw,44,selection,1,-1
3417,case33bw,10,train,1,1
3418,case33bw,42,calibration,1,-1
3419,case33bw,18,train,1,0
3420,case33bw,51,train,1,2
3421,case33bw,2,train,1,0
3422,case33bw,33,calibration,1,-1
3423,case33bw,38,train,1,1
3424,case33bw,37,train,1,2
3425,case33bw,51,train,1,2
3426,case33bw,0,train,1,0
3427,case33bw,39,test,1,-1
3428,case33bw,19,test,1,-1
3429,case33bw,19,test,1,-1
3430,case33bw,23,train,1,0
3431,case33bw,17,test,1,-1
3432,case33bw,25,test,1,-1
3433,case33bw,37,train,1,2
3434,case33bw,0,train,1,0
3435,case33bw,8,selection,1,-1
3436,case33bw,47,train,1,2
3437,case33bw,3,train,1,1
3438,case33bw,17,test,1,-1
3439,case33bw,26,train,1,0
3440,case33bw,59,selection,1,-1
3441,case33bw,42,calibration,1,-1
3442,case33bw,43,calibration,1,-1
3443,case33bw,20,selection,1,-1
3444,case33bw,23,train,1,0
3445,case33bw,53,selection,1,-1
3446,case33bw,16,test,1,-1
3447,case33bw,44,selection,1,-1
3448,case33bw,35,train,1,2
3449,case33bw,41,calibration,1,-1
3450,case33bw,58,test,1,-1
3451,case33bw,6,train,1,1
3452,case33bw,19,test,1,-1
3453,case33bw,48,train,1,0
3454,case33bw,24,train,1,2
3455,case33bw,22,test,1,-1
3456,case33bw,4,selection,1,-1
3457,case33bw,58,test,1,-1
3458,case33bw,18,train,1,0
3459,case33bw,8,selection,1,-1
3460,case33bw,7,selection,1,-1
3461,case33bw,58,test,1,-1
3462,case33bw,29,calibration,1,-1
3463,case33bw,42,calibration,1,-1
3464,case33bw,44,selection,1,-1
3465,case33bw,24,train,1,2
3466,case33bw,23,train,1,0
3467,case33bw,36,calibration,1,-1
3468,case33bw,56,train,1,1
3469,case33bw,15,selection,1,-1
3470,case33bw,1,train,1,1
3471,case33bw,58,test,1,-1
3472,case33bw,12,selection,1,-1
3473,case33bw,3,train,1,1
3474,case33bw,16,test,1,-1
3475,case33bw,8,selection,1,-1
3476,case33bw,54,train,1,2
3477,case33bw,57,train,1,2
3478,case33bw,37,train,1,2
3479,case33bw,36,calibration,1,-1
3480,case33bw,34,train,1,2
3481,case33bw,15,selection,1,-1
3482,case33bw,11,calibration,1,-1
3483,case33bw,24,train,1,2
3484,case33bw,58,test,1,-1
3485,case33bw,2,train,1,0
3486,case33bw,50,train,1,0
3487,case33bw,0,train,1,0
3488,case33bw,22,test,1,-1
3489,case33bw,10,train,1,1
3490,case33bw,53,selection,1,-1
3491,case33bw,28,calibration,1,-1
3492,case33bw,8,selection,1,-1
3493,case33bw,17,test,1,-1
3494,case33bw,29,calibration,1,-1
3495,case33bw,44,selection,1,-1
3496,case33bw,21,train,1,0
3497,case33bw,46,train,1,1
3498,case33bw,38,train,1,1
3499,case33bw,14,train,1,1
3500,case33bw,50,train,1,0
3501,case33bw,12,selection,1,-1
3502,case33bw,38,train,1,1
3503,case33bw,59,selection,1,-1
3504,case33bw,47,train,1,2
3505,case33bw,32,train,1,0
3506,case33bw,28,calibration,1,-1
3507,case33bw,33,calibration,1,-1
3508,case33bw,55,train,1,1
3509,case33bw,17,test,1,-1
3510,case33bw,48,train,1,0
3511,case33bw,47,train,1,2
3512,case33bw,23,train,1,0
3513,case33bw,16,test,1,-1
3514,case33bw,32,train,1,0
3515,case33bw,52,test,1,-1
3516,case33bw,32,train,1,0
3517,case33bw,27,calibration,1,-1
3518,case33bw,43,calibration,1,-1
3519,case33bw,50,train,1,0
3520,case33bw,42,calibration,1,-1
3521,case33bw,2,train,1,0
3522,case33bw,36,calibration,1,-1
3523,case33bw,24,train,1,2
3524,case33bw,41,calibration,1,-1
3525,case33bw,10,train,1,1
3526,case33bw,19,test,1,-1
3527,case33bw,54,train,1,2
3528,case33bw,23,train,1,0
3529,case33bw,10,train,1,1
3530,case33bw,29,calibration,1,-1
3531,case33bw,40,train,1,1
3532,case33bw,35,train,1,2
3533,case33bw,38,train,1,1
3534,case33bw,58,test,1,-1
3535,case33bw,54,train,1,2
3536,case33bw,12,selection,1,-1
3537,case33bw,19,test,1,-1
3538,case33bw,51,train,1,2
3539,case33bw,32,train,1,0
3540,case33bw,44,selection,1,-1
3541,case33bw,1,train,1,1
3542,case33bw,45,train,1,0
3543,case33bw,57,train,1,2
3544,case33bw,35,train,1,2
3545,case33bw,0,train,1,0
3546,case33bw,43,calibration,1,-1
3547,case33bw,43,calibration,1,-1
3548,case33bw,3,train,1,1
3549,case33bw,11,calibration,1,-1
3550,case33bw,35,train,1,2
3551,case33bw,13,train,1,1
3552,case33bw,59,selection,1,-1
3553,case33bw,47,train,1,2
3554,case33bw,10,train,1,1
3555,case33bw,25,test,1,-1
3556,case33bw,16,test,1,-1
3557,case33bw,19,test,1,-1
3558,case33bw,54,train,1,2
3559,case33bw,57,train,1,2
3560,case33bw,10,train,1,1
3561,case33bw,5,test,0,-1
3562,case33bw,17,test,1,-1
3563,case33bw,37,train,1,2
3564,case33bw,5,test,1,-1
3565,case33bw,10,train,1,1
3566,case33bw,58,test,1,-1
3567,case33bw,51,train,1,2
3568,case33bw,28,calibration,1,-1
3569,case33bw,33,calibration,1,-1
3570,case33bw,13,train,1,1
3571,case33bw,5,test,1,-1
3572,case33bw,19,test,1,-1
3573,case33bw,18,train,1,0
3574,case33bw,22,test,1,-1
3575,case33bw,33,calibration,1,-1
3576,case33bw,27,calibration,1,-1
3577,case33bw,44,selection,1,-1
3578,case33bw,7,selection,1,-1
3579,case33bw,0,train,1,0
3580,case33bw,26,train,1,0
3581,case33bw,50,train,1,0
3582,case33bw,55,train,1,1
3583,case33bw,8,selection,1,-1
3584,case33bw,1,train,1,1
3585,case33bw,12,selection,1,-1
3586,case33bw,39,test,1,-1
3587,case33bw,32,train,1,0
3588,case33bw,39,test,1,-1
3589,case33bw,44,selection,1,-1
3590,case33bw,36,calibration,1,-1
3591,case33bw,6,train,1,1
3592,case33bw,12,selection,1,-1
3593,case33bw,43,calibration,1,-1
3594,case33bw,44,selection,1,-1
3595,case33bw,5,test,1,-1
3596,case33bw,47,train,1,2
3597,case33bw,39,test,1,-1
3598,case33bw,55,train,1,1
3599,case33bw,23,train,1,0
3600,case33bw,4,selection,1,-1
3601,case33bw,53,selection,1,-1
3602,case33bw,56,train,1,1
3603,case33bw,47,train,1,2
3604,case33bw,17,test,1,-1
3605,case33bw,14,train,1,1
3606,case33bw,13,train,1,1
3607,case33bw,54,train,1,2
3608,case33bw,32,train,1,0
3609,case33bw,44,selection,1,-1
3610,case33bw,44,selection,1,-1
3611,case33bw,19,test,1,-1
3612,case33bw,2,train,1,0
3613,case33bw,52,test,1,-1
3614,case33bw,42,calibration,1,-1
3615,case33bw,24,train,1,2
3616,case33bw,45,train,1,0
3617,case33bw,42,calibration,1,-1
3618,case33bw,35,train,1,2
3619,case33bw,17,test,1,-1
3620,case33bw,59,selection,1,-1
3621,case33bw,31,train,1,2
3622,case33bw,22,test,1,-1
3623,case33bw,29,calibration,1,-1
3624,case33bw,38,train,1,1
3625,case33bw,0,train,1,0
3626,case33bw,36,calibration,1,-1
3627,case33bw,24,train,1,2
3628,case33bw,51,train,1,2
3629,case33bw,17,test,1,-1
3630,case33bw,11,calibration,1,-1
3631,case33bw,57,train,1,2
3632,case33bw,35,train,1,2
3633,case33bw,58,test,1,-1
3634,case33bw,9,train,1,2
3635,case33bw,57,train,1,2
3636,case33bw,6,train,1,1
3637,case33bw,32,train,1,0
3638,case33bw,1,train,1,1
3639,case33bw,15,selection,1,-1
3640,case33bw,41,calibration,1,-1
3641,case33bw,26,train,1,0
3642,case33bw,29,calibration,1,-1
3643,case33bw,33,calibration,1,-1
3644,case33bw,7,selection,1,-1
3645,case33bw,26,train,1,0
3646,case33bw,49,train,1,0
3647,case33bw,32,train,1,0
3648,case33bw,5,test,1,-1
3649,case33bw,4,selection,1,-1
3650,case33bw,29,calibration,1,-1
3651,case33bw,5,test,0,-1
3652,case33bw,10,train,1,1
3653,case33bw,39,test,1,-1
3654,case33bw,28,calibration,1,-1
3655,case33bw,4,selection,1,-1
3656,case33bw,38,train,1,1
3657,case33bw,59,selection,1,-1
3658,case33bw,35,train,1,2
3659,case33bw,59,selection,1,-1
3660,case33bw,37,train,1,2
3661,case33bw,23,train,1,0
3662,case33bw,38,train,1,1
3663,case33bw,47,train,1,2
3664,case33bw,26,train,1,0
3665,case33bw,4,selection,1,-1
3666,case33bw,19,test,1,-1
3667,case33bw,7,selection,1,-1
3668,case33bw,42,calibration,1,-1
3669,case33bw,43,calibration,1,-1
3670,case33bw,13,train,1,1
3671,case33bw,41,calibration,1,-1
3672,case33bw,2,train,1,0
3673,case33bw,47,train,1,2
3674,case33bw,1,train,1,1
3675,case33bw,56,train,1,1
3676,case33bw,31,train,1,2
3677,case33bw,1,train,1,1
3678,case33bw,30,train,1,2
3679,case33bw,38,train,1,1
3680,case33bw,46,train,1,1
3681,case33bw,13,train,1,1
3682,case33bw,5,test,1,-1
3683,case33bw,56,train,1,1
3684,case33bw,46,train,1,1
3685,case33bw,50,train,1,0
3686,case33bw,33,calibration,1,-1
3687,case33bw,24,train,1,2
3688,case33bw,45,train,1,0
3689,case33bw,56,train,1,1
3690,case33bw,28,calibration,1,-1
3691,case33bw,22,test,1,-1
3692,case33bw,32,train,1,0
3693,case33bw,15,selection,1,-1
3694,case33bw,45,train,1,0
3695,case33bw,49,train,1,0
3696,case33bw,56,train,1,1
3697,case33bw,2,train,1,0
3698,case33bw,6,train,1,1
3699,case33bw,10,train,1,1
3700,case33bw,10,train,1,1
3701,case33bw,22,test,1,-1
3702,case33bw,37,train,1,2
3703,case33bw,59,selection,1,-1
3704,case33bw,5,test,1,-1
3705,case33bw,56,train,1,1
3706,case33bw,59,selection,1,-1
3707,case33bw,39,test,1,-1
3708,case33bw,21,train,1,0
3709,case33bw,55,train,1,1
3710,case33bw,38,train,1,1
3711,case33bw,19,test,1,-1
3712,case33bw,14,train,1,1
3713,case33bw,9,train,1,2
3714,case33bw,23,train,1,0
3715,case33bw,51,train,1,2
3716,case33bw,36,calibration,1,-1
3717,case33bw,6,train,1,1
3718,case33bw,5,test,0,-1
3719,case33bw,18,train,1,0
3720,case33bw,59,selection,1,-1
3721,case33bw,49,train,1,0
3722,case33bw,55,train,1,1
3723,case33bw,5,test,0,-1
3724,case33bw,2,train,1,0
3725,case33bw,30,train,1,2
3726,case33bw,43,calibration,1,-1
3727,case33bw,29,calibration,1,-1
3728,case33bw,59,selection,1,-1
3729,case33bw,46,train,1,1
3730,case33bw,1,train,1,1
3731,case33bw,5,test,1,-1
3732,case33bw,50,train,1,0
3733,case33bw,23,train,1,0
3734,case33bw,0,train,1,0
3735,case33bw,10,train,1,1
3736,case33bw,54,train,1,2
3737,case33bw,37,train,1,2
3738,case33bw,58,test,1,-1
3739,case33bw,10,train,1,1
3740,case33bw,54,train,1,2
3741,case33bw,0,train,1,0
3742,case33bw,53,selection,1,-1
3743,case33bw,56,train,1,1
3744,case33bw,6,train,1,1
3745,case33bw,25,test,1,-1
3746,case33bw,26,train,1,0
3747,case33bw,9,train,1,2
3748,case33bw,29,calibration,1,-1
3749,case33bw,57,train,1,2
3750,case33bw,30,train,1,2
3751,case33bw,29,calibration,1,-1
3752,case33bw,13,train,1,1
3753,case33bw,6,train,1,1
3754,case33bw,42,calibration,1,-1
3755,case33bw,18,train,1,0
3756,case33bw,14,train,1,1
3757,case33bw,4,selection,1,-1
3758,case33bw,7,selection,1,-1
3759,case33bw,0,train,1,0
3760,case33bw,55,train,1,1
3761,case33bw,37,train,1,2
3762,case33bw,49,train,1,0
3763,case33bw,20,selection,1,-1
3764,case33bw,23,train,1,0
3765,case33bw,52,test,1,-1
3766,case33bw,59,selection,1,-1
3767,case33bw,5,test,1,-1
3768,case33bw,52,test,1,-1
3769,case33bw,43,calibration,1,-1
3770,case33bw,57,train,1,2
3771,case33bw,40,train,1,1
3772,case33bw,31,train,1,2
3773,case33bw,16,test,1,-1
3774,case33bw,25,test,1,-1
3775,case33bw,33,calibration,1,-1
3776,case33bw,46,train,1,1
3777,case33bw,20,selection,1,-1
3778,case33bw,4,selection,1,-1
3779,case33bw,8,selection,1,-1
3780,case33bw,14,train,1,1
3781,case33bw,21,train,1,0
3782,case33bw,57,train,1,2
3783,case33bw,38,train,1,1
3784,case33bw,23,train,1,0
3785,case33bw,14,train,1,1
3786,case33bw,30,train,1,2
3787,case33bw,28,calibration,1,-1
3788,case33bw,45,train,1,0
3789,case33bw,6,train,1,1
3790,case33bw,25,test,1,-1
3791,case33bw,19,test,1,-1
3792,case33bw,29,calibration,1,-1
3793,case33bw,46,train,1,1
3794,case33bw,57,train,1,2
3795,case33bw,22,test,1,-1
3796,case33bw,47,train,1,2
3797,case33bw,37,train,1,2
3798,case33bw,1,train,1,1
3799,case33bw,32,train,1,0
3800,case33bw,37,train,1,2
3801,case33bw,7,selection,1,-1
3802,case33bw,40,train,1,1
3803,case33bw,36,calibration,1,-1
3804,case33bw,7,selection,1,-1
3805,case33bw,55,train,1,1
3806,case33bw,51,train,1,2
3807,case33bw,9,train,1,2
3808,case33bw,38,train,1,1
3809,case33bw,18,train,1,0
3810,case33bw,35,train,1,2
3811,case33bw,59,selection,1,-1
3812,case33bw,13,train,1,1
3813,case33bw,37,train,1,2
3814,case33bw,46,train,1,1
3815,case33bw,4,selection,1,-1
3816,case33bw,46,train,1,1
3817,case33bw,6,train,1,1
3818,case33bw,16,test,1,-1
3819,case33bw,6,train,1,1
3820,case33bw,19,test,1,-1
3821,case33bw,42,calibration,1,-1
3822,case33bw,6,train,1,1
3823,case33bw,13,train,1,1
3824,case33bw,56,train,1,1
3825,case33bw,7,selection,1,-1
3826,case33bw,5,test,1,-1
3827,case33bw,1,train,1,1
3828,case33bw,18,train,1,0
3829,case33bw,52,test,1,-1
3830,case33bw,53,selection,1,-1
3831,case33bw,52,test,1,-1
3832,case33bw,8,selection,1,-1
3833,case33bw,55,train,1,1
3834,case33bw,42,calibration,1,-1
3835,case33bw,31,train,1,2
3836,case33bw,18,train,1,0
3837,case33bw,33,calibration,1,-1
3838,case33bw,18,train,1,0
3839,case33bw,1,train,1,1
3840,case33bw,37,train,1,2
3841,case33bw,54,train,1,2
3842,case33bw,51,train,1,2
3843,case33bw,25,test,1,-1
3844,case33bw,55,train,1,1
3845,case33bw,59,selection,1,-1
3846,case33bw,36,calibration,1,-1
3847,case33bw,40,train,1,1
3848,case33bw,32,train,1,0
3849,case33bw,34,train,1,2
3850,case33bw,11,calibration,1,-1
3851,case33bw,30,train,1,2
3852,case33bw,6,train,1,1
3853,case33bw,35,train,1,2
3854,case33bw,5,test,1,-1
3855,case33bw,0,train,1,0
3856,case33bw,40,train,1,1
3857,case33bw,37,train,1,2
3858,case33bw,30,train,1,2
3859,case33bw,43,calibration,1,-1
3860,case33bw,5,test,0,-1
3861,case33bw,20,selection,1,-1
3862,case33bw,51,train,1,2
3863,case33bw,54,train,1,2
3864,case33bw,59,selection,1,-1
3865,case33bw,23,train,1,0
3866,case33bw,30,train,1,2
3867,case33bw,17,test,1,-1
3868,case33bw,24,train,1,2
3869,case33bw,53,selection,1,-1
3870,case33bw,9,train,1,2
3871,case33bw,34,train,1,2
3872,case33bw,47,train,1,2
3873,case33bw,38,train,1,1
3874,case33bw,33,calibration,1,-1
3875,case33bw,23,train,1,0
3876,case33bw,59,selection,1,-1
3877,case33bw,12,selection,1,-1
3878,case33bw,48,train,1,0
3879,case33bw,38,train,1,1
3880,case33bw,13,train,1,1
3881,case33bw,44,selection,1,-1
3882,case33bw,33,calibration,1,-1
3883,case33bw,41,calibration,1,-1
3884,case33bw,45,train,1,0
3885,case33bw,56,train,1,1
3886,case33bw,32,train,1,0
3887,case33bw,40,train,1,1
3888,case33bw,50,train,1,0
3889,case33bw,59,selection,1,-1
3890,case33bw,54,train,1,2
3891,case33bw,54,train,1,2
3892,case33bw,39,test,1,-1
3893,case33bw,42,calibration,1,-1
3894,case33bw,2,train,1,0
3895,case33bw,21,train,1,0
3896,case33bw,23,train,1,0
3897,case33bw,40,train,1,1
3898,case33bw,31,train,1,2
3899,case33bw,16,test,1,-1
3900,case33bw,5,test,1,-1
3901,case33bw,19,test,1,-1
3902,case33bw,59,selection,1,-1
3903,case33bw,35,train,1,2
3904,case33bw,33,calibration,1,-1
3905,case33bw,35,train,1,2
3906,case33bw,40,train,1,1
3907,case33bw,11,calibration,1,-1
3908,case33bw,2,train,1,0
3909,case33bw,28,calibration,1,-1
3910,case33bw,21,train,1,0
3911,case33bw,28,calibration,1,-1
3912,case33bw,24,train,1,2
3913,case33bw,44,selection,1,-1
3914,case33bw,8,selection,1,-1
3915,case33bw,40,train,1,1
3916,case33bw,20,selection,1,-1
3917,case33bw,44,selection,1,-1
3918,case33bw,52,test,1,-1
3919,case33bw,12,selection,1,-1
3920,case33bw,39,test,1,-1
3921,case33bw,10,train,1,1
3922,case33bw,20,selection,1,-1
3923,case33bw,7,selection,1,-1
3924,case33bw,28,calibration,1,-1
3925,case33bw,8,selection,1,-1
3926,case33bw,54,train,1,2
3927,case33bw,56,train,1,1
3928,case33bw,43,calibration,1,-1
3929,case33bw,20,selection,1,-1
3930,case33bw,0,train,1,0
3931,case33bw,11,calibration,1,-1
3932,case33bw,46,train,1,1
3933,case33bw,0,train,1,0
3934,case33bw,0,train,1,0
3935,case33bw,38,train,1,1
3936,case33bw,39,test,1,-1
3937,case33bw,50,train,1,0
3938,case33bw,20,selection,1,-1
3939,case33bw,41,calibration,1,-1
3940,case33bw,57,train,1,2
3941,case33bw,59,selection,1,-1
3942,case33bw,53,selection,1,-1
3943,case33bw,59,selection,1,-1
3944,case33bw,51,train,1,2
3945,case33bw,21,train,1,0
3946,case33bw,9,train,1,2
3947,case33bw,20,selection,1,-1
3948,case33bw,44,selection,1,-1
3949,case33bw,14,train,1,1
3950,case33bw,27,calibration,1,-1
3951,case33bw,45,train,1,0
3952,case33bw,28,calibration,1,-1
3953,case33bw,3,train,1,1
3954,case33bw,28,calibration,1,-1
3955,case33bw,9,train,1,2
3956,case33bw,38,train,1,1
3957,case33bw,6,train,1,1
3958,case33bw,50,train,1,0
3959,case33bw,5,test,1,-1
3960,case33bw,27,calibration,1,-1
3961,case33bw,40,train,1,1
3962,case33bw,15,selection,1,-1
3963,case33bw,9,train,1,2
3964,case33bw,2,train,1,0
3965,case33bw,31,train,1,2
3966,case33bw,55,train,1,1
3967,case33bw,53,selection,1,-1
3968,case33bw,22,test,1,-1
3969,case33bw,36,calibration,1,-1
3970,case33bw,4,selection,1,-1
3971,case33bw,22,test,1,-1
3972,case33bw,14,train,1,1
3973,case33bw,49,train,1,0
3974,case33bw,55,train,1,1
3975,case33bw,4,selection,1,-1
3976,case33bw,58,test,1,-1
3977,case33bw,56,train,1,1
3978,case33bw,28,calibration,1,-1
3979,case33bw,48,train,1,0
3980,case33bw,36,calibration,1,-1
3981,case33bw,11,calibration,1,-1
3982,case33bw,59,selection,1,-1
3983,case33bw,46,train,1,1
3984,case33bw,41,calibration,1,-1
3985,case33bw,50,train,1,0
3986,case33bw,44,selection,1,-1
3987,case33bw,56,train,1,1
3988,case33bw,4,selection,1,-1
3989,case33bw,13,train,1,1
3990,case33bw,29,calibration,1,-1
3991,case33bw,43,calibration,1,-1
3992,case33bw,43,calibration,1,-1
3993,case33bw,8,selection,1,-1
3994,case33bw,54,train,1,2
3995,case33bw,41,calibration,1,-1
3996,case33bw,51,train,1,2
3997,case33bw,53,selection,1,-1
3998,case33bw,51,train,1,2
3999,case33bw,27,calibration,1,-1
4000,case69,-1,external,1,-1
4001,case69,-1,external,1,-1
4002,case69,-1,external,1,-1
4003,case69,-1,external,1,-1
4004,case69,-1,external,1,-1
4005,case69,-1,external,1,-1
4006,case69,-1,external,1,-1
4007,case69,-1,external,1,-1
4008,case69,-1,external,1,-1
4009,case69,-1,external,1,-1
4010,case69,-1,external,1,-1
4011,case69,-1,external,1,-1
4012,case69,-1,external,1,-1
4013,case69,-1,external,1,-1
4014,case69,-1,external,1,-1
4015,case69,-1,external,1,-1
4016,case69,-1,external,1,-1
4017,case69,-1,external,1,-1
4018,case69,-1,external,1,-1
4019,case69,-1,external,1,-1
4020,case69,-1,external,1,-1
4021,case69,-1,external,1,-1
4022,case69,-1,external,1,-1
4023,case69,-1,external,1,-1
4024,case69,-1,external,1,-1
4025,case69,-1,external,1,-1
4026,case69,-1,external,1,-1
4027,case69,-1,external,1,-1
4028,case69,-1,external,1,-1
4029,case69,-1,external,1,-1
4030,case69,-1,external,1,-1
4031,case69,-1,external,1,-1
4032,case69,-1,external,1,-1
4033,case69,-1,external,1,-1
4034,case69,-1,external,1,-1
4035,case69,-1,external,1,-1
4036,case69,-1,external,1,-1
4037,case69,-1,external,1,-1
4038,case69,-1,external,1,-1
4039,case69,-1,external,1,-1
4040,case69,-1,external,1,-1
4041,case69,-1,external,1,-1
4042,case69,-1,external,1,-1
4043,case69,-1,external,1,-1
4044,case69,-1,external,1,-1
4045,case69,-1,external,1,-1
4046,case69,-1,external,1,-1
4047,case69,-1,external,1,-1
4048,case69,-1,external,1,-1
4049,case69,-1,external,1,-1
4050,case69,-1,external,1,-1
4051,case69,-1,external,1,-1
4052,case69,-1,external,1,-1
4053,case69,-1,external,1,-1
4054,case69,-1,external,1,-1
4055,case69,-1,external,1,-1
4056,case69,-1,external,1,-1
4057,case69,-1,external,1,-1
4058,case69,-1,external,1,-1
4059,case69,-1,external,1,-1
4060,case69,-1,external,1,-1
4061,case69,-1,external,1,-1
4062,case69,-1,external,1,-1
4063,case69,-1,external,1,-1
4064,case69,-1,external,1,-1
4065,case69,-1,external,1,-1
4066,case69,-1,external,1,-1
4067,case69,-1,external,1,-1
4068,case69,-1,external,1,-1
4069,case69,-1,external,1,-1
4070,case69,-1,external,1,-1
4071,case69,-1,external,1,-1
4072,case69,-1,external,1,-1
4073,case69,-1,external,1,-1
4074,case69,-1,external,1,-1
4075,case69,-1,external,1,-1
4076,case69,-1,external,1,-1
4077,case69,-1,external,1,-1
4078,case69,-1,external,1,-1
4079,case69,-1,external,1,-1
4080,case69,-1,external,1,-1
4081,case69,-1,external,1,-1
4082,case69,-1,external,1,-1
4083,case69,-1,external,1,-1
4084,case69,-1,external,1,-1
4085,case69,-1,external,1,-1
4086,case69,-1,external,1,-1
4087,case69,-1,external,1,-1
4088,case69,-1,external,1,-1
4089,case69,-1,external,1,-1
4090,case69,-1,external,1,-1
4091,case69,-1,external,1,-1
4092,case69,-1,external,1,-1
4093,case69,-1,external,1,-1
4094,case69,-1,external,1,-1
4095,case69,-1,external,1,-1
4096,case69,-1,external,1,-1
4097,case69,-1,external,1,-1
4098,case69,-1,external,1,-1
4099,case69,-1,external,1,-1
4100,case69,-1,external,1,-1
4101,case69,-1,external,1,-1
4102,case69,-1,external,1,-1
4103,case69,-1,external,1,-1
4104,case69,-1,external,1,-1
4105,case69,-1,external,1,-1
4106,case69,-1,external,1,-1
4107,case69,-1,external,1,-1
4108,case69,-1,external,1,-1
4109,case69,-1,external,1,-1
4110,case69,-1,external,1,-1
4111,case69,-1,external,1,-1
4112,case69,-1,external,1,-1
4113,case69,-1,external,1,-1
4114,case69,-1,external,1,-1
4115,case69,-1,external,1,-1
4116,case69,-1,external,1,-1
4117,case69,-1,external,1,-1
4118,case69,-1,external,1,-1
4119,case69,-1,external,1,-1
4120,case69,-1,external,1,-1
4121,case69,-1,external,1,-1
4122,case69,-1,external,1,-1
4123,case69,-1,external,1,-1
4124,case69,-1,external,1,-1
4125,case69,-1,external,1,-1
4126,case69,-1,external,1,-1
4127,case69,-1,external,1,-1
4128,case69,-1,external,1,-1
4129,case69,-1,external,1,-1
4130,case69,-1,external,1,-1
4131,case69,-1,external,1,-1
4132,case69,-1,external,1,-1
4133,case69,-1,external,1,-1
4134,case69,-1,external,1,-1
4135,case69,-1,external,1,-1
4136,case69,-1,external,1,-1
4137,case69,-1,external,1,-1
4138,case69,-1,external,1,-1
4139,case69,-1,external,1,-1
4140,case69,-1,external,1,-1
4141,case69,-1,external,1,-1
4142,case69,-1,external,1,-1
4143,case69,-1,external,1,-1
4144,case69,-1,external,1,-1
4145,case69,-1,external,1,-1
4146,case69,-1,external,1,-1
4147,case69,-1,external,1,-1
4148,case69,-1,external,1,-1
4149,case69,-1,external,1,-1
4150,case69,-1,external,1,-1
4151,case69,-1,external,1,-1
4152,case69,-1,external,1,-1
4153,case69,-1,external,1,-1
4154,case69,-1,external,1,-1
4155,case69,-1,external,1,-1
4156,case69,-1,external,1,-1
4157,case69,-1,external,1,-1
4158,case69,-1,external,1,-1
4159,case69,-1,external,1,-1
4160,case69,-1,external,1,-1
4161,case69,-1,external,1,-1
4162,case69,-1,external,1,-1
4163,case69,-1,external,1,-1
4164,case69,-1,external,1,-1
4165,case69,-1,external,1,-1
4166,case69,-1,external,1,-1
4167,case69,-1,external,1,-1
4168,case69,-1,external,1,-1
4169,case69,-1,external,1,-1
4170,case69,-1,external,1,-1
4171,case69,-1,external,1,-1
4172,case69,-1,external,1,-1
4173,case69,-1,external,1,-1
4174,case69,-1,external,1,-1
4175,case69,-1,external,1,-1
4176,case69,-1,external,1,-1
4177,case69,-1,external,1,-1
4178,case69,-1,external,1,-1
4179,case69,-1,external,1,-1
4180,case69,-1,external,1,-1
4181,case69,-1,external,1,-1
4182,case69,-1,external,1,-1
4183,case69,-1,external,1,-1
4184,case69,-1,external,1,-1
4185,case69,-1,external,1,-1
4186,case69,-1,external,1,-1
4187,case69,-1,external,1,-1
4188,case69,-1,external,1,-1
4189,case69,-1,external,1,-1
4190,case69,-1,external,1,-1
4191,case69,-1,external,1,-1
4192,case69,-1,external,1,-1
4193,case69,-1,external,1,-1
4194,case69,-1,external,1,-1
4195,case69,-1,external,1,-1
4196,case69,-1,external,1,-1
4197,case69,-1,external,1,-1
4198,case69,-1,external,1,-1
4199,case69,-1,external,1,-1
4200,case69,-1,external,1,-1
4201,case69,-1,external,1,-1
4202,case69,-1,external,1,-1
4203,case69,-1,external,1,-1
4204,case69,-1,external,1,-1
4205,case69,-1,external,1,-1
4206,case69,-1,external,1,-1
4207,case69,-1,external,1,-1
4208,case69,-1,external,1,-1
4209,case69,-1,external,1,-1
4210,case69,-1,external,1,-1
4211,case69,-1,external,1,-1
4212,case69,-1,external,1,-1
4213,case69,-1,external,1,-1
4214,case69,-1,external,1,-1
4215,case69,-1,external,1,-1
4216,case69,-1,external,1,-1
4217,case69,-1,external,1,-1
4218,case69,-1,external,1,-1
4219,case69,-1,external,1,-1
4220,case69,-1,external,1,-1
4221,case69,-1,external,1,-1
4222,case69,-1,external,1,-1
4223,case69,-1,external,1,-1
4224,case69,-1,external,1,-1
4225,case69,-1,external,1,-1
4226,case69,-1,external,1,-1
4227,case69,-1,external,1,-1
4228,case69,-1,external,1,-1
4229,case69,-1,external,1,-1
4230,case69,-1,external,1,-1
4231,case69,-1,external,1,-1
4232,case69,-1,external,1,-1
4233,case69,-1,external,1,-1
4234,case69,-1,external,1,-1
4235,case69,-1,external,1,-1
4236,case69,-1,external,1,-1
4237,case69,-1,external,1,-1
4238,case69,-1,external,1,-1
4239,case69,-1,external,1,-1
4240,case69,-1,external,1,-1
4241,case69,-1,external,1,-1
4242,case69,-1,external,1,-1
4243,case69,-1,external,1,-1
4244,case69,-1,external,1,-1
4245,case69,-1,external,1,-1
4246,case69,-1,external,1,-1
4247,case69,-1,external,1,-1
4248,case69,-1,external,1,-1
4249,case69,-1,external,1,-1
4250,case69,-1,external,1,-1
4251,case69,-1,external,1,-1
4252,case69,-1,external,1,-1
4253,case69,-1,external,1,-1
4254,case69,-1,external,1,-1
4255,case69,-1,external,1,-1
4256,case69,-1,external,1,-1
4257,case69,-1,external,1,-1
4258,case69,-1,external,1,-1
4259,case69,-1,external,1,-1
4260,case69,-1,external,1,-1
4261,case69,-1,external,1,-1
4262,case69,-1,external,1,-1
4263,case69,-1,external,1,-1
4264,case69,-1,external,1,-1
4265,case69,-1,external,1,-1
4266,case69,-1,external,1,-1
4267,case69,-1,external,1,-1
4268,case69,-1,external,1,-1
4269,case69,-1,external,1,-1
4270,case69,-1,external,1,-1
4271,case69,-1,external,1,-1
4272,case69,-1,external,1,-1
4273,case69,-1,external,1,-1
4274,case69,-1,external,1,-1
4275,case69,-1,external,1,-1
4276,case69,-1,external,1,-1
4277,case69,-1,external,1,-1
4278,case69,-1,external,1,-1
4279,case69,-1,external,1,-1
4280,case69,-1,external,1,-1
4281,case69,-1,external,1,-1
4282,case69,-1,external,1,-1
4283,case69,-1,external,1,-1
4284,case69,-1,external,1,-1
4285,case69,-1,external,1,-1
4286,case69,-1,external,1,-1
4287,case69,-1,external,1,-1
4288,case69,-1,external,1,-1
4289,case69,-1,external,1,-1
4290,case69,-1,external,1,-1
4291,case69,-1,external,1,-1
4292,case69,-1,external,1,-1
4293,case69,-1,external,1,-1
4294,case69,-1,external,1,-1
4295,case69,-1,external,1,-1
4296,case69,-1,external,1,-1
4297,case69,-1,external,1,-1
4298,case69,-1,external,1,-1
4299,case69,-1,external,1,-1
4300,case69,-1,external,1,-1
4301,case69,-1,external,1,-1
4302,case69,-1,external,1,-1
4303,case69,-1,external,1,-1
4304,case69,-1,external,1,-1
4305,case69,-1,external,1,-1
4306,case69,-1,external,1,-1
4307,case69,-1,external,1,-1
4308,case69,-1,external,1,-1
4309,case69,-1,external,1,-1
4310,case69,-1,external,1,-1
4311,case69,-1,external,1,-1
4312,case69,-1,external,1,-1
4313,case69,-1,external,1,-1
4314,case69,-1,external,1,-1
4315,case69,-1,external,1,-1
4316,case69,-1,external,1,-1
4317,case69,-1,external,1,-1
4318,case69,-1,external,1,-1
4319,case69,-1,external,1,-1
4320,case69,-1,external,1,-1
4321,case69,-1,external,1,-1
4322,case69,-1,external,1,-1
4323,case69,-1,external,1,-1
4324,case69,-1,external,1,-1
4325,case69,-1,external,1,-1
4326,case69,-1,external,1,-1
4327,case69,-1,external,1,-1
4328,case69,-1,external,1,-1
4329,case69,-1,external,1,-1
4330,case69,-1,external,1,-1
4331,case69,-1,external,1,-1
4332,case69,-1,external,1,-1
4333,case69,-1,external,1,-1
4334,case69,-1,external,1,-1
4335,case69,-1,external,1,-1
4336,case69,-1,external,1,-1
4337,case69,-1,external,1,-1
4338,case69,-1,external,1,-1
4339,case69,-1,external,1,-1
4340,case69,-1,external,1,-1
4341,case69,-1,external,1,-1
4342,case69,-1,external,1,-1
4343,case69,-1,external,1,-1
4344,case69,-1,external,1,-1
4345,case69,-1,external,1,-1
4346,case69,-1,external,1,-1
4347,case69,-1,external,1,-1
4348,case69,-1,external,1,-1
4349,case69,-1,external,1,-1
4350,case69,-1,external,1,-1
4351,case69,-1,external,1,-1
4352,case69,-1,external,1,-1
4353,case69,-1,external,1,-1
4354,case69,-1,external,1,-1
4355,case69,-1,external,1,-1
4356,case69,-1,external,1,-1
4357,case69,-1,external,1,-1
4358,case69,-1,external,1,-1
4359,case69,-1,external,1,-1
4360,case69,-1,external,1,-1
4361,case69,-1,external,1,-1
4362,case69,-1,external,1,-1
4363,case69,-1,external,1,-1
4364,case69,-1,external,1,-1
4365,case69,-1,external,1,-1
4366,case69,-1,external,1,-1
4367,case69,-1,external,1,-1
4368,case69,-1,external,1,-1
4369,case69,-1,external,1,-1
4370,case69,-1,external,1,-1
4371,case69,-1,external,1,-1
4372,case69,-1,external,1,-1
4373,case69,-1,external,1,-1
4374,case69,-1,external,1,-1
4375,case69,-1,external,1,-1
4376,case69,-1,external,1,-1
4377,case69,-1,external,1,-1
4378,case69,-1,external,1,-1
4379,case69,-1,external,1,-1
4380,case69,-1,external,1,-1
4381,case69,-1,external,1,-1
4382,case69,-1,external,1,-1
4383,case69,-1,external,1,-1
4384,case69,-1,external,1,-1
4385,case69,-1,external,1,-1
4386,case69,-1,external,1,-1
4387,case69,-1,external,1,-1
4388,case69,-1,external,1,-1
4389,case69,-1,external,1,-1
4390,case69,-1,external,1,-1
4391,case69,-1,external,1,-1
4392,case69,-1,external,1,-1
4393,case69,-1,external,1,-1
4394,case69,-1,external,1,-1
4395,case69,-1,external,1,-1
4396,case69,-1,external,1,-1
4397,case69,-1,external,1,-1
4398,case69,-1,external,1,-1
4399,case69,-1,external,1,-1
4400,case69,-1,external,1,-1
4401,case69,-1,external,1,-1
4402,case69,-1,external,1,-1
4403,case69,-1,external,1,-1
4404,case69,-1,external,1,-1
4405,case69,-1,external,1,-1
4406,case69,-1,external,1,-1
4407,case69,-1,external,1,-1
4408,case69,-1,external,1,-1
4409,case69,-1,external,1,-1
4410,case69,-1,external,1,-1
4411,case69,-1,external,1,-1
4412,case69,-1,external,1,-1
4413,case69,-1,external,1,-1
4414,case69,-1,external,1,-1
4415,case69,-1,external,1,-1
4416,case69,-1,external,1,-1
4417,case69,-1,external,1,-1
4418,case69,-1,external,1,-1
4419,case69,-1,external,1,-1
4420,case69,-1,external,1,-1
4421,case69,-1,external,1,-1
4422,case69,-1,external,1,-1
4423,case69,-1,external,1,-1
4424,case69,-1,external,1,-1
4425,case69,-1,external,1,-1
4426,case69,-1,external,1,-1
4427,case69,-1,external,1,-1
4428,case69,-1,external,1,-1
4429,case69,-1,external,1,-1
4430,case69,-1,external,1,-1
4431,case69,-1,external,1,-1
4432,case69,-1,external,1,-1
4433,case69,-1,external,1,-1
4434,case69,-1,external,1,-1
4435,case69,-1,external,1,-1
4436,case69,-1,external,1,-1
4437,case69,-1,external,1,-1
4438,case69,-1,external,1,-1
4439,case69,-1,external,1,-1
4440,case69,-1,external,1,-1
4441,case69,-1,external,1,-1
4442,case69,-1,external,1,-1
4443,case69,-1,external,1,-1
4444,case69,-1,external,1,-1
4445,case69,-1,external,1,-1
4446,case69,-1,external,1,-1
4447,case69,-1,external,1,-1
4448,case69,-1,external,1,-1
4449,case69,-1,external,1,-1
4450,case69,-1,external,1,-1
4451,case69,-1,external,1,-1
4452,case69,-1,external,1,-1
4453,case69,-1,external,1,-1
4454,case69,-1,external,1,-1
4455,case69,-1,external,1,-1
4456,case69,-1,external,1,-1
4457,case69,-1,external,1,-1
4458,case69,-1,external,1,-1
4459,case69,-1,external,1,-1
4460,case69,-1,external,1,-1
4461,case69,-1,external,1,-1
4462,case69,-1,external,1,-1
4463,case69,-1,external,1,-1
4464,case69,-1,external,1,-1
4465,case69,-1,external,1,-1
4466,case69,-1,external,1,-1
4467,case69,-1,external,1,-1
4468,case69,-1,external,1,-1
4469,case69,-1,external,1,-1
4470,case69,-1,external,1,-1
4471,case69,-1,external,1,-1
4472,case69,-1,external,1,-1
4473,case69,-1,external,1,-1
4474,case69,-1,external,1,-1
4475,case69,-1,external,1,-1
4476,case69,-1,external,1,-1
4477,case69,-1,external,1,-1
4478,case69,-1,external,1,-1
4479,case69,-1,external,1,-1
4480,case69,-1,external,1,-1
4481,case69,-1,external,1,-1
4482,case69,-1,external,1,-1
4483,case69,-1,external,1,-1
4484,case69,-1,external,1,-1
4485,case69,-1,external,1,-1
4486,case69,-1,external,1,-1
4487,case69,-1,external,1,-1
4488,case69,-1,external,1,-1
4489,case69,-1,external,1,-1
4490,case69,-1,external,1,-1
4491,case69,-1,external,1,-1
4492,case69,-1,external,1,-1
4493,case69,-1,external,1,-1
4494,case69,-1,external,1,-1
4495,case69,-1,external,1,-1
4496,case69,-1,external,1,-1
4497,case69,-1,external,1,-1
4498,case69,-1,external,1,-1
4499,case69,-1,external,1,-1
4500,case69,-1,external,1,-1
4501,case69,-1,external,1,-1
4502,case69,-1,external,1,-1
4503,case69,-1,external,1,-1
4504,case69,-1,external,1,-1
4505,case69,-1,external,1,-1
4506,case69,-1,external,1,-1
4507,case69,-1,external,1,-1
4508,case69,-1,external,1,-1
4509,case69,-1,external,1,-1
4510,case69,-1,external,1,-1
4511,case69,-1,external,1,-1
4512,case69,-1,external,1,-1
4513,case69,-1,external,1,-1
4514,case69,-1,external,1,-1
4515,case69,-1,external,1,-1
4516,case69,-1,external,1,-1
4517,case69,-1,external,1,-1
4518,case69,-1,external,1,-1
4519,case69,-1,external,1,-1
4520,case69,-1,external,1,-1
4521,case69,-1,external,1,-1
4522,case69,-1,external,1,-1
4523,case69,-1,external,1,-1
4524,case69,-1,external,1,-1
4525,case69,-1,external,1,-1
4526,case69,-1,external,1,-1
4527,case69,-1,external,1,-1
4528,case69,-1,external,1,-1
4529,case69,-1,external,1,-1
4530,case69,-1,external,1,-1
4531,case69,-1,external,1,-1
4532,case69,-1,external,1,-1
4533,case69,-1,external,1,-1
4534,case69,-1,external,1,-1
4535,case69,-1,external,1,-1
4536,case69,-1,external,1,-1
4537,case69,-1,external,1,-1
4538,case69,-1,external,1,-1
4539,case69,-1,external,1,-1
4540,case69,-1,external,1,-1
4541,case69,-1,external,1,-1
4542,case69,-1,external,1,-1
4543,case69,-1,external,1,-1
4544,case69,-1,external,1,-1
4545,case69,-1,external,1,-1
4546,case69,-1,external,1,-1
4547,case69,-1,external,1,-1
4548,case69,-1,external,1,-1
4549,case69,-1,external,1,-1
4550,case69,-1,external,1,-1
4551,case69,-1,external,1,-1
4552,case69,-1,external,1,-1
4553,case69,-1,external,1,-1
4554,case69,-1,external,1,-1
4555,case69,-1,external,1,-1
4556,case69,-1,external,1,-1
4557,case69,-1,external,1,-1
4558,case69,-1,external,1,-1
4559,case69,-1,external,1,-1
4560,case69,-1,external,1,-1
4561,case69,-1,external,1,-1
4562,case69,-1,external,1,-1
4563,case69,-1,external,1,-1
4564,case69,-1,external,1,-1
4565,case69,-1,external,1,-1
4566,case69,-1,external,1,-1
4567,case69,-1,external,1,-1
4568,case69,-1,external,1,-1
4569,case69,-1,external,1,-1
4570,case69,-1,external,1,-1
4571,case69,-1,external,1,-1
4572,case69,-1,external,1,-1
4573,case69,-1,external,1,-1
4574,case69,-1,external,1,-1
4575,case69,-1,external,1,-1
4576,case69,-1,external,1,-1
4577,case69,-1,external,1,-1
4578,case69,-1,external,1,-1
4579,case69,-1,external,1,-1
4580,case69,-1,external,1,-1
4581,case69,-1,external,1,-1
4582,case69,-1,external,1,-1
4583,case69,-1,external,1,-1
4584,case69,-1,external,1,-1
4585,case69,-1,external,1,-1
4586,case69,-1,external,1,-1
4587,case69,-1,external,1,-1
4588,case69,-1,external,1,-1
4589,case69,-1,external,1,-1
4590,case69,-1,external,1,-1
4591,case69,-1,external,1,-1
4592,case69,-1,external,1,-1
4593,case69,-1,external,1,-1
4594,case69,-1,external,1,-1
4595,case69,-1,external,1,-1
4596,case69,-1,external,1,-1
4597,case69,-1,external,1,-1
4598,case69,-1,external,1,-1
4599,case69,-1,external,1,-1
4600,case69,-1,external,1,-1
4601,case69,-1,external,1,-1
4602,case69,-1,external,1,-1
4603,case69,-1,external,1,-1
4604,case69,-1,external,1,-1
4605,case69,-1,external,1,-1
4606,case69,-1,external,1,-1
4607,case69,-1,external,1,-1
4608,case69,-1,external,1,-1
4609,case69,-1,external,1,-1
4610,case69,-1,external,1,-1
4611,case69,-1,external,1,-1
4612,case69,-1,external,1,-1
4613,case69,-1,external,1,-1
4614,case69,-1,external,1,-1
4615,case69,-1,external,1,-1
4616,case69,-1,external,1,-1
4617,case69,-1,external,1,-1
4618,case69,-1,external,1,-1
4619,case69,-1,external,1,-1
4620,case69,-1,external,1,-1
4621,case69,-1,external,1,-1
4622,case69,-1,external,1,-1
4623,case69,-1,external,1,-1
4624,case69,-1,external,1,-1
4625,case69,-1,external,1,-1
4626,case69,-1,external,1,-1
4627,case69,-1,external,1,-1
4628,case69,-1,external,1,-1
4629,case69,-1,external,1,-1
4630,case69,-1,external,1,-1
4631,case69,-1,external,1,-1
4632,case69,-1,external,1,-1
4633,case69,-1,external,1,-1
4634,case69,-1,external,1,-1
4635,case69,-1,external,1,-1
4636,case69,-1,external,1,-1
4637,case69,-1,external,1,-1
4638,case69,-1,external,1,-1
4639,case69,-1,external,1,-1
4640,case69,-1,external,1,-1
4641,case69,-1,external,1,-1
4642,case69,-1,external,1,-1
4643,case69,-1,external,1,-1
4644,case69,-1,external,1,-1
4645,case69,-1,external,1,-1
4646,case69,-1,external,1,-1
4647,case69,-1,external,1,-1
4648,case69,-1,external,1,-1
4649,case69,-1,external,1,-1
4650,case69,-1,external,1,-1
4651,case69,-1,external,1,-1
4652,case69,-1,external,1,-1
4653,case69,-1,external,1,-1
4654,case69,-1,external,1,-1
4655,case69,-1,external,1,-1
4656,case69,-1,external,1,-1
4657,case69,-1,external,1,-1
4658,case69,-1,external,1,-1
4659,case69,-1,external,1,-1
4660,case69,-1,external,1,-1
4661,case69,-1,external,1,-1
4662,case69,-1,external,1,-1
4663,case69,-1,external,1,-1
4664,case69,-1,external,1,-1
4665,case69,-1,external,1,-1
4666,case69,-1,external,1,-1
4667,case69,-1,external,1,-1
4668,case69,-1,external,1,-1
4669,case69,-1,external,1,-1
4670,case69,-1,external,1,-1
4671,case69,-1,external,1,-1
4672,case69,-1,external,1,-1
4673,case69,-1,external,1,-1
4674,case69,-1,external,1,-1
4675,case69,-1,external,1,-1
4676,case69,-1,external,1,-1
4677,case69,-1,external,1,-1
4678,case69,-1,external,1,-1
4679,case69,-1,external,1,-1
4680,case69,-1,external,1,-1
4681,case69,-1,external,1,-1
4682,case69,-1,external,1,-1
4683,case69,-1,external,1,-1
4684,case69,-1,external,1,-1
4685,case69,-1,external,1,-1
4686,case69,-1,external,1,-1
4687,case69,-1,external,1,-1
4688,case69,-1,external,1,-1
4689,case69,-1,external,1,-1
4690,case69,-1,external,1,-1
4691,case69,-1,external,1,-1
4692,case69,-1,external,1,-1
4693,case69,-1,external,1,-1
4694,case69,-1,external,1,-1
4695,case69,-1,external,1,-1
4696,case69,-1,external,1,-1
4697,case69,-1,external,1,-1
4698,case69,-1,external,1,-1
4699,case69,-1,external,1,-1
4700,case69,-1,external,1,-1
4701,case69,-1,external,1,-1
4702,case69,-1,external,1,-1
4703,case69,-1,external,1,-1
4704,case69,-1,external,1,-1
4705,case69,-1,external,1,-1
4706,case69,-1,external,1,-1
4707,case69,-1,external,1,-1
4708,case69,-1,external,1,-1
4709,case69,-1,external,1,-1
4710,case69,-1,external,1,-1
4711,case69,-1,external,1,-1
4712,case69,-1,external,1,-1
4713,case69,-1,external,1,-1
4714,case69,-1,external,1,-1
4715,case69,-1,external,1,-1
4716,case69,-1,external,1,-1
4717,case69,-1,external,1,-1
4718,case69,-1,external,1,-1
4719,case69,-1,external,1,-1
4720,case69,-1,external,1,-1
4721,case69,-1,external,1,-1
4722,case69,-1,external,1,-1
4723,case69,-1,external,1,-1
4724,case69,-1,external,1,-1
4725,case69,-1,external,1,-1
4726,case69,-1,external,1,-1
4727,case69,-1,external,1,-1
4728,case69,-1,external,1,-1
4729,case69,-1,external,1,-1
4730,case69,-1,external,1,-1
4731,case69,-1,external,1,-1
4732,case69,-1,external,1,-1
4733,case69,-1,external,1,-1
4734,case69,-1,external,1,-1
4735,case69,-1,external,1,-1
4736,case69,-1,external,1,-1
4737,case69,-1,external,1,-1
4738,case69,-1,external,1,-1
4739,case69,-1,external,1,-1
4740,case69,-1,external,1,-1
4741,case69,-1,external,1,-1
4742,case69,-1,external,1,-1
4743,case69,-1,external,1,-1
4744,case69,-1,external,1,-1
4745,case69,-1,external,1,-1
4746,case69,-1,external,1,-1
4747,case69,-1,external,1,-1
4748,case69,-1,external,1,-1
4749,case69,-1,external,1,-1
4750,case69,-1,external,1,-1
4751,case69,-1,external,1,-1
4752,case69,-1,external,1,-1
4753,case69,-1,external,1,-1
4754,case69,-1,external,1,-1
4755,case69,-1,external,1,-1
4756,case69,-1,external,1,-1
4757,case69,-1,external,1,-1
4758,case69,-1,external,1,-1
4759,case69,-1,external,1,-1
4760,case69,-1,external,1,-1
4761,case69,-1,external,1,-1
4762,case69,-1,external,1,-1
4763,case69,-1,external,1,-1
4764,case69,-1,external,1,-1
4765,case69,-1,external,1,-1
4766,case69,-1,external,1,-1
4767,case69,-1,external,1,-1
4768,case69,-1,external,1,-1
4769,case69,-1,external,1,-1
4770,case69,-1,external,1,-1
4771,case69,-1,external,1,-1
4772,case69,-1,external,1,-1
4773,case69,-1,external,1,-1
4774,case69,-1,external,1,-1
4775,case69,-1,external,1,-1
4776,case69,-1,external,1,-1
4777,case69,-1,external,1,-1
4778,case69,-1,external,1,-1
4779,case69,-1,external,1,-1
4780,case69,-1,external,1,-1
4781,case69,-1,external,1,-1
4782,case69,-1,external,1,-1
4783,case69,-1,external,1,-1
4784,case69,-1,external,1,-1
4785,case69,-1,external,1,-1
4786,case69,-1,external,1,-1
4787,case69,-1,external,1,-1
4788,case69,-1,external,1,-1
4789,case69,-1,external,1,-1
4790,case69,-1,external,1,-1
4791,case69,-1,external,1,-1
4792,case69,-1,external,1,-1
4793,case69,-1,external,1,-1
4794,case69,-1,external,1,-1
4795,case69,-1,external,1,-1
4796,case69,-1,external,1,-1
4797,case69,-1,external,1,-1
4798,case69,-1,external,1,-1
4799,case69,-1,external,1,-1
